shelfmark,aggregate_score,signal_count,signals,non_bibliographic_hits,detail_url,viewer_url,best_snippet
Cappon.147,33.0,5,anonimo; autografo; frammento; minuta; postille,5,https://digi.vatlib.it/mss/detail/Cappon.147,https://digi.vatlib.it/view/MSS_Cappon.147,"1) p. 137(2): Salutati, Coluccio, 1331-1406 Oratoribus Comitis Virtutum."
Barb.lat.4231,30.0,4,anonimo; bozza; frammento; ignoto,4,https://digi.vatlib.it/mss/detail/Barb.lat.4231,https://digi.vatlib.it/view/MSS_Barb.lat.4231,"Low Quality 1) 225r-v: De Luca, Severo, sec. XVII"
Arch.Cap.S.Pietro.E.17,27.5,3,fragmentum; frammento; rescriptus,3,https://digi.vatlib.it/mss/detail/Arch.Cap.S.Pietro.E.17,https://digi.vatlib.it/view/MSS_Arch.Cap.S.Pietro.E.17,1) 142r-143: Fragmentum bullae an. 1588 de pensione in favorem Fabii Rosetti clerici rom.
Arch.Cap.S.Pietro.F.34,25.5,3,fragmentum; frammento; rasura,3,https://digi.vatlib.it/mss/detail/Arch.Cap.S.Pietro.F.34,https://digi.vatlib.it/view/MSS_Arch.Cap.S.Pietro.F.34,1) 173v-185v: Interpretatione nominun in evangelio 2) Ir-IIv: Fragmentum Acta s. Caeciliae
Cappon.283.pt.1,24.5,3,autografo; inedita; inedito,3,https://digi.vatlib.it/mss/detail/Cappon.283.pt.1,https://digi.vatlib.it/view/MSS_Cappon.283.pt.1,"1) 117r-118r: Bruni, Filippo, Sch.P. (d.S.P.) f. 1745-1763 <Lettera di Filippo Bruni con notizie su un manoscritto con un inedito di Cecco di Ascoli>"
Barb.lat.4221,23.5,3,attribuzione; bozza; frammento,3,https://digi.vatlib.it/mss/detail/Barb.lat.4221,https://digi.vatlib.it/view/MSS_Barb.lat.4221,"1) 33r: Aria anonima. 2) 57r: Pasqualini, Marcantonio, 1614-1691. Opere spurie e dubbie"
Cappon.281.pt.1,23.5,3,anonimo; inedita; minuta,3,https://digi.vatlib.it/mss/detail/Cappon.281.pt.1,https://digi.vatlib.it/view/MSS_Cappon.281.pt.1,"1) f. 17r-20v: Sigonio, Carlo, m. 1584 <Caroli Sigonii Mutiniensis opera omnia edita et inedita >"
Chig.Q.VIII.195,22.5,3,anonimo; frammento; ignoto,3,https://digi.vatlib.it/mss/detail/Chig.Q.VIII.195,https://digi.vatlib.it/view/MSS_Chig.Q.VIII.195,1) 52r-53r: Lotario
Barb.lat.4151,22.0,3,attribuzione; bozza; frammento,3,https://digi.vatlib.it/mss/detail/Barb.lat.4151,https://digi.vatlib.it/view/MSS_Barb.lat.4151,1) 64r-v: Aria anonima.
Borg.lat.484,22.0,3,anonimo; frammento; minuta,3,https://digi.vatlib.it/mss/detail/Borg.lat.484,https://digi.vatlib.it/view/MSS_Borg.lat.484,Low Quality 1) 131r:
Borg.lat.481,20.5,3,anonimo; frammento; minuta,3,https://digi.vatlib.it/mss/detail/Borg.lat.481,https://digi.vatlib.it/view/MSS_Borg.lat.481,"Low Quality 1) 109r-111r: Falconieri, Ottavio, O.S.Hier., 1646-1676 Abiura del Peripatetismo fatta da mons. Falconieri et inviata all'Accademia della Crusca"
Borg.lat.565,20.5,3,anonimo; frammento; minuta,3,https://digi.vatlib.it/mss/detail/Borg.lat.565,https://digi.vatlib.it/view/MSS_Borg.lat.565,"Low Quality 1) 303r: Saint-Simon, Louis de Rouvroy, duc de, 1675-1755 Lettera al card. Filippo Antonio Gualtieri."
Vat.gr.1830,23.5,3,minuta; palinsesto; rescriptus,2,https://digi.vatlib.it/mss/detail/Vat.gr.1830,https://digi.vatlib.it/view/MSS_Vat.gr.1830,1) sec. XIV-XV
Chig.L.V.176,23.15,4,autografo; inedito; non identificato; postille,2,https://digi.vatlib.it/mss/detail/Chig.L.V.176,https://digi.vatlib.it/view/MSS_Chig.L.V.176,1) Miscellanea di testi danteschi e petrarcheschi: il ca non e autografo di Giovanni Boccaccio. sec. XIV med.
Borg.lat.482,21.35,3,frammento; inedita; minuta,2,https://digi.vatlib.it/mss/detail/Borg.lat.482,https://digi.vatlib.it/view/MSS_Borg.lat.482,"Low Quality 1) 535r-545r: Iona, Giovanni Battista, 1588-1668 Trattato sui punti ebraici o vocali."
Barb.gr.194,20.3,3,autografo; fragmentum; rasura,2,https://digi.vatlib.it/mss/detail/Barb.gr.194,https://digi.vatlib.it/view/MSS_Barb.gr.194,"1) 1r-34r: Iohannes Lydus, sec. VI ἐκ τῶν τοῦ Ἰωάννου τοῦ Φιλαδελφέως."
Cappon.280.pt.1,19.85,3,anonimo; inedita; inedito,2,https://digi.vatlib.it/mss/detail/Cappon.280.pt.1,https://digi.vatlib.it/view/MSS_Cappon.280.pt.1,"1) 99r-100v: Sigonio, Carlo, m. 1584 <Caroli Sigonii Mutiniensis opera omnia edita et inedita >"
Vat.lat.3110,19.0,2,anonymus; palinsesto,2,https://digi.vatlib.it/mss/detail/Vat.lat.3110,https://digi.vatlib.it/view/MSS_Vat.lat.3110,1) Miscellanea astronomica. sec. XIV ex
Barb.lat.116,18.0,2,fragmentum; non identificato,2,https://digi.vatlib.it/mss/detail/Barb.lat.116,https://digi.vatlib.it/view/MSS_Barb.lat.116,1) 1r:
Barb.gr.220,17.0,2,frammento; inedita,2,https://digi.vatlib.it/mss/detail/Barb.gr.220,https://digi.vatlib.it/view/MSS_Barb.gr.220,"1) 478r: Reiske, Johann Jakob, 1716-1774 Epistula Reiskii ad Bianconum petentis ut apographum codicis nostri sibi mittatur"
Barb.lat.4086,17.0,2,frammento; inedita,2,https://digi.vatlib.it/mss/detail/Barb.lat.4086,https://digi.vatlib.it/view/MSS_Barb.lat.4086,"1) 1r-6v: Livius, Titus, 59 a.C.-17 d.C. Ab Urbe condita (Livius, Titus, 59 a.C.-17 d.C.)"
Barb.lat.1405,17.0,2,fragmentum; inedita,2,https://digi.vatlib.it/mss/detail/Barb.lat.1405,https://digi.vatlib.it/view/MSS_Barb.lat.1405,"1) 2r-v: Ubaldi, Baldo degli, 1327?-1400 Repetitio ad l. 8 Et si post tres, D., 2, 11."
Cappon.51,17.0,2,inedita; inedito,2,https://digi.vatlib.it/mss/detail/Cappon.51,https://digi.vatlib.it/view/MSS_Cappon.51,"1) 1r-78v: Cicero, Marcus Tullius, 106-43 a.C. <De officiis, traduzione in volgare>"
Pal.lat.1488,17.0,2,anonimo; non identificato,2,https://digi.vatlib.it/mss/detail/Pal.lat.1488,https://digi.vatlib.it/view/MSS_Pal.lat.1488,1) 1r:
Reg.lat.856,17.0,2,anonimo; non identificato,2,https://digi.vatlib.it/mss/detail/Reg.lat.856,https://digi.vatlib.it/view/MSS_Reg.lat.856,"1) Bernhard Ebeling, De rerum et verborum significatione. sec. XV ex."
Chig.I.VII.251,16.85,3,autografo; fragmentum; inedita,2,https://digi.vatlib.it/mss/detail/Chig.I.VII.251,https://digi.vatlib.it/view/MSS_Chig.I.VII.251,"1) 97r-107r, 238v-239v: Pius PP. II, 1405-1464 Citatio Georgii Podiebrad regis Bohemiae 2) 201r-202r: Pius PP. II, 1405-1464 Fragmentum historicum de Venetis 3) 243r-254v: Pius PP. II, 1405-1464 Fragmentum historicum de rebus Venetis 4) 263r-264v: Pius PP. II, 1405-1464 Fragmentum historicum de Iohanne V comite de Armagnac"
Arch.Cap.S.Pietro.A.76,16.0,2,frammento; minuta,2,https://digi.vatlib.it/mss/detail/Arch.Cap.S.Pietro.A.76,https://digi.vatlib.it/view/MSS_Arch.Cap.S.Pietro.A.76,1) IIIr: < Frammento di minuta privata>
Barb.gr.278,16.0,2,anonymus; fragmentum,2,https://digi.vatlib.it/mss/detail/Barb.gr.278,https://digi.vatlib.it/view/MSS_Barb.gr.278,"1) 41r-v. 34r-40v: Athenaeus Naucratita, sec. III-II <Athenaei Naucratitae Dipnosophistarum> fragmentum libri XV"
Barb.lat.1862,16.0,2,anonimo; fragmentum,2,https://digi.vatlib.it/mss/detail/Barb.lat.1862,https://digi.vatlib.it/view/MSS_Barb.lat.1862,"Low Quality 1) 99v: Petrarca, Francesco, 1304-1374 Fragmentum epistulae ad I[acobum] de Columna Lombesiensis ep."
Capp.Sist.469,16.0,2,anonimo; inedito,2,https://digi.vatlib.it/mss/detail/Capp.Sist.469,https://digi.vatlib.it/view/MSS_Capp.Sist.469,"1) Giovanni Pierluigi da Palestrina, messa Papae Marcelli, in tre riduzioni di vari autori. sec. XIX"
Cappon.139,16.0,2,autografo; inedito,2,https://digi.vatlib.it/mss/detail/Cappon.139,https://digi.vatlib.it/view/MSS_Cappon.139,1) Aetna travolta Sec. XVI
Capp.Giulia.IV.16,16.0,2,autografo; rasura,2,https://digi.vatlib.it/mss/detail/Capp.Giulia.IV.16,https://digi.vatlib.it/view/MSS_Capp.Giulia.IV.16,"1) 1r-33v: Benevoli, Orazio, 1605-1672 Messa à 8 voci detta La Cristiniana. 2) 1r-70v: Benevoli, Orazio, 1605-1672 Messa à 9 voci detta Marsilia."
Reg.lat.344,16.0,2,minuta; rasura,2,https://digi.vatlib.it/mss/detail/Reg.lat.344,https://digi.vatlib.it/view/MSS_Reg.lat.344,1) Alani de Insulis Anticlaudianus et carminum medii aevi quaedam sylloga. sec. XIII
Vat.lat.1579,16.0,2,minuta; rasura,2,https://digi.vatlib.it/mss/detail/Vat.lat.1579,https://digi.vatlib.it/view/MSS_Vat.lat.1579,"1) Vergilius, Operae. sec. XV med."
Barb.lat.1407,15.5,2,fragmentum; inedita,2,https://digi.vatlib.it/mss/detail/Barb.lat.1407,https://digi.vatlib.it/view/MSS_Barb.lat.1407,"1) 29r-v: Ubaldi, Francesco degli, n. 1359. Opere spurie e dubbie Consilium de fideicommisso ad pias causas."
Borgh.237,15.5,2,fragmentum; rasura,2,https://digi.vatlib.it/mss/detail/Borgh.237,https://digi.vatlib.it/view/MSS_Borgh.237,1) 221v:
Barb.lat.3210,15.0,2,frammento; ignoto,2,https://digi.vatlib.it/mss/detail/Barb.lat.3210,https://digi.vatlib.it/view/MSS_Barb.lat.3210,"Low Quality 1) 250r-254r: Note su Tommaso Caracciolo, arciv. di Taranto. 2) 254r: Cagiano, Giovanni Antonio, C.R., f. 1609-1650 Lettera dedicatoria al card. Tommaso Caracciolo."
Barb.lat.64,15.0,2,fragmentum; marginalia,2,https://digi.vatlib.it/mss/detail/Barb.lat.64,https://digi.vatlib.it/view/MSS_Barb.lat.64,"1) Iv: Priscianus Caesariensis, sec. V-VI De littera ""I"" quaedam, partim ex Prisciani Caesariensis Institutionibus de arte grammatica, I, 18-19."
Barb.lat.157,15.0,2,anonimo; anonymus,2,https://digi.vatlib.it/mss/detail/Barb.lat.157,https://digi.vatlib.it/view/MSS_Barb.lat.157,1) 68v-79v: De rebus bellicis
Barb.lat.4139,15.0,2,anonimo; attribuzione,2,https://digi.vatlib.it/mss/detail/Barb.lat.4139,https://digi.vatlib.it/view/MSS_Barb.lat.4139,1) 101r-112r: Duetto da Il Mauritio.
Borg.lat.182,15.0,2,anonimo; autografo,2,https://digi.vatlib.it/mss/detail/Borg.lat.182,https://digi.vatlib.it/view/MSS_Borg.lat.182,Low Quality 1) 132v-133r: Sonetto di anonimo trascritto dal P. Placido Federici dal codice cassinese 502.
Cappon.274,15.0,2,anonimo; minuta,2,https://digi.vatlib.it/mss/detail/Cappon.274,https://digi.vatlib.it/view/MSS_Cappon.274,"1) 601r-604r: Notizie di anonimo sulla vita di Tommaso Porcacchi, mandate da Antonio Francesco Marmi con lettera da Firenze."
Pal.lat.1993,15.0,2,anonimo; autografo,2,https://digi.vatlib.it/mss/detail/Pal.lat.1993,https://digi.vatlib.it/view/MSS_Pal.lat.1993,"1) Opicinus de Canistris, sac., 1296-c. 1352 Diario di Opicino de Canistris. sec. XIV med."
Barb.lat.4220,15.0,2,attribuzione; bozza,2,https://digi.vatlib.it/mss/detail/Barb.lat.4220,https://digi.vatlib.it/view/MSS_Barb.lat.4220,"1) 59r-60v: Pasqualini, Marcantonio, 1614-1691. Opere spurie e dubbie"
Urb.lat.2,15.0,2,marginalia; rasura,2,https://digi.vatlib.it/mss/detail/Urb.lat.2,https://digi.vatlib.it/view/MSS_Urb.lat.2,1) sec. XV ex.
Vat.ar.29,15.0,2,marginalia; rasura,2,https://digi.vatlib.it/mss/detail/Vat.ar.29,https://digi.vatlib.it/view/MSS_Vat.ar.29,1) Paléographie - Codicologie:
Barb.lat.4204,14.5,2,bozza; frammento,2,https://digi.vatlib.it/mss/detail/Barb.lat.4204,https://digi.vatlib.it/view/MSS_Barb.lat.4204,"1) 164v: Pasqualini, Marcantonio, 1614-1691"
Barb.lat.4702,14.5,2,anonimo; frammento,2,https://digi.vatlib.it/mss/detail/Barb.lat.4702,https://digi.vatlib.it/view/MSS_Barb.lat.4702,Low Quality 1) 66r-69v: Lettera di anonimo con notizie sul conclave da cui uscì eletto Clemente IX nel 1667.
Borg.lat.94,14.5,2,frammento; minuta,2,https://digi.vatlib.it/mss/detail/Borg.lat.94,https://digi.vatlib.it/view/MSS_Borg.lat.94,"Low Quality 1) 5v: Oliverius Plunkett, s., 1625-1681 Lettera a mons. Federico Baldeschi (?)."
Borg.lat.285,14.5,2,frammento; minuta,2,https://digi.vatlib.it/mss/detail/Borg.lat.285,https://digi.vatlib.it/view/MSS_Borg.lat.285,"Low Quality 1) 164r-165v: Borgia, Stefano, card., 1731-1804 Lettera al card. Ignazio Boncompagni Ludovisi, Segretario di stato."
Borg.lat.470,14.5,2,anonimo; frammento,2,https://digi.vatlib.it/mss/detail/Borg.lat.470,https://digi.vatlib.it/view/MSS_Borg.lat.470,Low Quality 1) 17r-18v: Frammento di opera intorno alla Gerarchia Ecclesiastica.
Capp.Giulia.VIII.30,14.5,2,autografo; rasura,2,https://digi.vatlib.it/mss/detail/Capp.Giulia.VIII.30,https://digi.vatlib.it/view/MSS_Capp.Giulia.VIII.30,"Low Quality 1) Niccolò Antonio Zingarelli, Diciassette composizioni vocali sacre. sec. XIX 2) 11r-14v: Zingarelli, Niccolò Antonio, 1752-1837 Prima Lamentazione del Giovedi Santo."
Barb.gr.548,14.0,2,anonimo; marginalia,2,https://digi.vatlib.it/mss/detail/Barb.gr.548,https://digi.vatlib.it/view/MSS_Barb.gr.548,1) sec. XVI med.
Chig.Q.V.72,14.0,2,anonimo; ignoto,2,https://digi.vatlib.it/mss/detail/Chig.Q.V.72,https://digi.vatlib.it/view/MSS_Chig.Q.V.72,"1) Amor, Cortesia, Bellezza, cantata di anonimo . sec. XVII"
Vat.ar.111,14.0,2,anonymus; marginalia,2,https://digi.vatlib.it/mss/detail/Vat.ar.111,https://digi.vatlib.it/view/MSS_Vat.ar.111,Low Quality 1) 160r-161v:
Barb.lat.4147,14.0,2,attribuzione; ignoto,2,https://digi.vatlib.it/mss/detail/Barb.lat.4147,https://digi.vatlib.it/view/MSS_Barb.lat.4147,"1) 66r-80v: Agostini, Paolo, c. 1583-1629"
Barb.lat.4162,14.0,2,attribuzione; ignoto,2,https://digi.vatlib.it/mss/detail/Barb.lat.4162,https://digi.vatlib.it/view/MSS_Barb.lat.4162,"1) 114rbis-114rter: Sabadini, Bernardo, sac., m. 1718. Opere spurie e dubbie"
Barb.lat.4229,13.5,2,anonimo; attribuzione,2,https://digi.vatlib.it/mss/detail/Barb.lat.4229,https://digi.vatlib.it/view/MSS_Barb.lat.4229,"1) 165r-166v: Bencini, Pietro Paolo, 1670-1755. Opere spurie e dubbie"
Chig.Q.VIII.178,13.5,2,anonimo; autografo,2,https://digi.vatlib.it/mss/detail/Chig.Q.VIII.178,https://digi.vatlib.it/view/MSS_Chig.Q.VIII.178,1) 5v-7r: Inno anonimo . 2) 44r-49r: Madrigale anonimo .
Ott.lat.1853.pt.2,13.5,2,anonimo; minuta,2,https://digi.vatlib.it/mss/detail/Ott.lat.1853.pt.2,https://digi.vatlib.it/view/MSS_Ott.lat.1853.pt.2,Low Quality 1) 320r-329v: Discorso nel quale si tratta se la mutazione d'un costume antico d'una città è utile o dannoso a quel governo.
Barb.lat.4175,13.5,2,attribuzione; bozza,2,https://digi.vatlib.it/mss/detail/Barb.lat.4175,https://digi.vatlib.it/view/MSS_Barb.lat.4175,"1) 143v-145r: Pasqualini, Marcantonio, 1614-1691"
Barb.lat.4201,13.5,2,attribuzione; bozza,2,https://digi.vatlib.it/mss/detail/Barb.lat.4201,https://digi.vatlib.it/view/MSS_Barb.lat.4201,"1) 20v-22r: Pasqualini, Marcantonio, 1614-1691"
Barb.lat.4205,13.5,2,attribuzione; bozza,2,https://digi.vatlib.it/mss/detail/Barb.lat.4205,https://digi.vatlib.it/view/MSS_Barb.lat.4205,"1) 168v-170v: Pasqualini, Marcantonio, 1614-1691"
Barb.lat.6487,13.5,2,autografo; minuta,2,https://digi.vatlib.it/mss/detail/Barb.lat.6487,https://digi.vatlib.it/view/MSS_Barb.lat.6487,"Low Quality 1) 110r-113r: Holstenius, Lucas, 1596-1661 Lettera a Giulio Rospigliosi, segretario di Stato, poi papa Clemente IX."
Reg.lat.2023,13.5,2,autografo; minuta,2,https://digi.vatlib.it/mss/detail/Reg.lat.2023,https://digi.vatlib.it/view/MSS_Reg.lat.2023,"Low Quality 1) 420r: Sirleto, Guglielmo, card., 1514-1585 Lettera a Pompilio Amaseo."
Borg.lat.480,13.0,2,frammento; minuta,2,https://digi.vatlib.it/mss/detail/Borg.lat.480,https://digi.vatlib.it/view/MSS_Borg.lat.480,"Low Quality 1) 225r-226v: Frammento di istrumento riguardante il Capitolo della chiesa di Fosse e la giurisdizione delle terre di Vaux (Vaux-sous-Chèvremont) e Borset in diocesi di Liegi. 2) 230r: Jang de Blannen, re di Boemia, 1296-1346 Epistula ad Clementem VI. 3) 237r: Papi (1534-1549 : Paulus III) Bulla de privilegiis neophitorum sive iudaeorum et infidelium ad catholicam fidem convertentium. 4) 238r: Papi (1555-1559 : Paulus IV) Bulla de legibus a iudaeis in statu ecclesiastico degentibus, observandis. 5) 305r: Frammento di scrittura riguardante il card. Michelangelo Tonti. 6) 306r: Romana donationis 7) 307r-v: Blasio, Baltasar de, f. 1679 Appellatio interposita [a Balthasare de Blasio] pro parte D. Antonii [Sanchez] Samaniego. 8) 307v: Muro González, Pedro, f. 1679 Attestato riguardante Antonio Sanchez Samaniego. 9) 309v: Paštrić, Ivan, sac., 1636-1708 Lettera al card. Paolo (?) Savelli. 10) 352r: Papi (1534-1549 : Paulus III) Bulla de privilegiis neophitorum sive iudaeorum et..."
Chig.Q.IV.4,12.5,2,anonimo; ignoto,2,https://digi.vatlib.it/mss/detail/Chig.Q.IV.4,https://digi.vatlib.it/view/MSS_Chig.Q.IV.4,1) 64r: Canto sacro anonimo .
Chig.Q.V.68,12.5,2,anonimo; ignoto,2,https://digi.vatlib.it/mss/detail/Chig.Q.V.68,https://digi.vatlib.it/view/MSS_Chig.Q.V.68,1) 6v-9r: Recitativo anonimo . 2) 66v-71r: Recitativo anonimo .
Chig.Q.V.69,12.5,2,anonimo; ignoto,2,https://digi.vatlib.it/mss/detail/Chig.Q.V.69,https://digi.vatlib.it/view/MSS_Chig.Q.V.69,1) 40v-44r: Dialogo anonimo .
Chig.Q.VIII.180,12.5,2,anonimo; ignoto,2,https://digi.vatlib.it/mss/detail/Chig.Q.VIII.180,https://digi.vatlib.it/view/MSS_Chig.Q.VIII.180,Low Quality 1) 10v-12r: Recitativo anonimo . 2) 19v-21r: Recitativo anonimo .
Urb.lat.1010,12.5,2,minuta; postille,2,https://digi.vatlib.it/mss/detail/Urb.lat.1010,https://digi.vatlib.it/view/MSS_Urb.lat.1010,"1) 1r-118v: Paltroni, Pier Antonio, f. 1463 Commentari della vita et gesti dell'illustrissimo Federico duca d'Urbino (Paltroni, Pier Antonio, f. 1463)"
Barb.gr.4,12.0,2,fragmentum; marginalia,2,https://digi.vatlib.it/mss/detail/Barb.gr.4,https://digi.vatlib.it/view/MSS_Barb.gr.4,"1) 20r: Euripides, 480-407 a.C. Euripidis Bellerophontis fragmentum 305. 2) 186av, 1r-3v: Theognis Megareus, sec. VI a.C. στίχοι Θεόγνιδος, i.e. Ἐλεγείων α´, 173-182, Σωκράτους fragmentum ."
Barb.lat.5351,11.0,2,anonimo; postille,2,https://digi.vatlib.it/mss/detail/Barb.lat.5351,https://digi.vatlib.it/view/MSS_Barb.lat.5351,"Low Quality 1) 20r-25r: Lettera di anonimo a Luigi XIII di Francia. 2) 86r-88v: Relazione di anonimo ad anonimo sulla fortezza di Malta. 3) 90r-97r: Tassoni, Alessandro, 1565-1635 Filippiche."
Ott.gr.85,21.55,4,cancellato; fragmentum; marginalia; palinsesto,1,https://digi.vatlib.it/mss/detail/Ott.gr.85,https://digi.vatlib.it/view/MSS_Ott.gr.85,"Bibliographic References: 1) Orsini, Pasquale Un foglio palinsesto nel codice Vat.gr.772, In Miscellanea Bibliothecae Apostolicae Vaticanae XIX (Studi e testi, 474), 2012"
Barb.lat.3953,18.65,3,attribuzione; inedito; rasura,1,https://digi.vatlib.it/mss/detail/Barb.lat.3953,https://digi.vatlib.it/view/MSS_Barb.lat.3953,"1) Raccolta antologica di lirica italiana delle origini, nota anche come Canzoniere di Nicolò de’ Rossi. sec. XIV med."
Arch.Cap.S.Pietro.G.51,16.3,2,autografo; palinsesto,1,https://digi.vatlib.it/mss/detail/Arch.Cap.S.Pietro.G.51,https://digi.vatlib.it/view/MSS_Arch.Cap.S.Pietro.G.51,"1) Nicolai Michaelis Bonaiuti, florentini, carmina et epistulae poeticae. Sec. XV"
Barb.gr.214,16.05,3,autografo; ignoto; rasura,1,https://digi.vatlib.it/mss/detail/Barb.gr.214,https://digi.vatlib.it/view/MSS_Barb.gr.214,1) sec. XV ex
Barb.gr.70,15.15,3,anonimo; inedito; marginalia,1,https://digi.vatlib.it/mss/detail/Barb.gr.70,https://digi.vatlib.it/view/MSS_Barb.gr.70,"1) sec. XI (ff. 6-9, min. mod., sec. XIV; ff. 149-155 sec. XII)"
Ott.lat.1307,13.85,2,inedita; inedito,1,https://digi.vatlib.it/mss/detail/Ott.lat.1307,https://digi.vatlib.it/view/MSS_Ott.lat.1307,"1) 1r-11r: Dinus de Mugello, 1254-c. 1300 Consiia 49."
Vat.gr.1871,13.25,2,ignoto; rescriptus,1,https://digi.vatlib.it/mss/detail/Vat.gr.1871,https://digi.vatlib.it/view/MSS_Vat.gr.1871,1) sec. XII
Borg.lat.144,12.85,2,autografo; inedita,1,https://digi.vatlib.it/mss/detail/Borg.lat.144,https://digi.vatlib.it/view/MSS_Borg.lat.144,"Low Quality 1) 113r-165r: Barsech, Basilio, sac., m. 1693 Annotazioni."
Vat.gr.1209,12.45,2,minuta; rescriptus,1,https://digi.vatlib.it/mss/detail/Vat.gr.1209,https://digi.vatlib.it/view/MSS_Vat.gr.1209,1) sec. IV
Barb.gr.336,12.35,2,fragmentum; frammento,1,https://digi.vatlib.it/mss/detail/Barb.gr.336,https://digi.vatlib.it/view/MSS_Barb.gr.336,1) 266r-279r: Fragmentum .
Cappon.227,12.35,2,frammento; inedito,1,https://digi.vatlib.it/mss/detail/Cappon.227,https://digi.vatlib.it/view/MSS_Cappon.227,1) 32v: < Frammento di poesia amorosa>.
Borgh.39,12.35,2,fragmentum; inedita,1,https://digi.vatlib.it/mss/detail/Borgh.39,https://digi.vatlib.it/view/MSS_Borgh.39,"1) 2r-13v: Tabula distinctionum de sermonibus eiusdem cod. Borgh. 153, secundum litterarum ordinem; pars prior."
Barb.gr.152,11.8,2,anonymus; fragmentum,1,https://digi.vatlib.it/mss/detail/Barb.gr.152,https://digi.vatlib.it/view/MSS_Barb.gr.152,"1) sec. XV med vel ex, sec. XVI"
Barb.gr.164,11.8,2,anonymus; rasura,1,https://digi.vatlib.it/mss/detail/Barb.gr.164,https://digi.vatlib.it/view/MSS_Barb.gr.164,1) sec. XIII ex
Barb.gr.239,11.8,2,autografo; rasura,1,https://digi.vatlib.it/mss/detail/Barb.gr.239,https://digi.vatlib.it/view/MSS_Barb.gr.239,1) sec. XIV
Arch.Cap.S.Pietro.G.52,11.5,1,palinsesto,1,https://digi.vatlib.it/mss/detail/Arch.Cap.S.Pietro.G.52,https://digi.vatlib.it/view/MSS_Arch.Cap.S.Pietro.G.52,"1) Nicolai Michaelis Bonaiuti, liber sancatae Hierusalem, carmen heroicum, libri I-XII. Sec. XV"
Arch.Cap.S.Pietro.G.53,11.5,1,palinsesto,1,https://digi.vatlib.it/mss/detail/Arch.Cap.S.Pietro.G.53,https://digi.vatlib.it/view/MSS_Arch.Cap.S.Pietro.G.53,"1) Nicolai Michaelis Bonaiuti, liber sanctae basilicae, carmen heroicum, libri I-VI. Sec. XV"
Arch.Cap.S.Pietro.G.54,11.5,1,palinsesto,1,https://digi.vatlib.it/mss/detail/Arch.Cap.S.Pietro.G.54,https://digi.vatlib.it/view/MSS_Arch.Cap.S.Pietro.G.54,"1) Nicolai Michaelis Bonaiuti, liber in figura paradisi delitiarum de quatuor virtutibus cardinalibus (libri I-IV) et liber in figura sancti sepulcri (liber I-VI). Sec. XV"
Pal.lat.1520,11.5,1,palimpsestus,1,https://digi.vatlib.it/mss/detail/Pal.lat.1520,https://digi.vatlib.it/view/MSS_Pal.lat.1520,"1) 1r: 2) 2r-60r passim: Tractatus quidam astronomiae. 3) 37r-38v, 47v-48r: Tractatus medicinae quo Erasistrati et Asclepii mentio facta est."
Vat.lat.505,11.5,1,palimpsestus,1,https://digi.vatlib.it/mss/detail/Vat.lat.505,https://digi.vatlib.it/view/MSS_Vat.lat.505,"1) S. Augustini opera, Sec. XI ex."
Cappon.224,11.35,2,anonimo; inedito,1,https://digi.vatlib.it/mss/detail/Cappon.224,https://digi.vatlib.it/view/MSS_Cappon.224,"1) 121r: < Anonimo , Testa di putto> 2) 123r: < Anonimo , Testa di putto>"
Cappon.280.pt.2,11.35,2,anonimo; inedito,1,https://digi.vatlib.it/mss/detail/Cappon.280.pt.2,https://digi.vatlib.it/view/MSS_Cappon.280.pt.2,"1) f. 245r: Venuti, Filippo, sac., 1709-1769 <Lettera dell'Abate Filippo Venuti>"
Pal.lat.762,10.85,2,inedito; rasura,1,https://digi.vatlib.it/mss/detail/Pal.lat.762,https://digi.vatlib.it/view/MSS_Pal.lat.762,"1) 8r: Iustinianus I, imperatore d'Oriente, 482-565 Glossula ad Codicem Iust., lib. I-IX, cum glossa ordinaria Accursii. 2) 19r, 30r: Accursius, Franciscus, padre, c. 1182-1263 Glossulae ad Codicem Iustiniani, cum glossa ordinaria Accursii."
Ott.gr.305,10.8,2,anonymus; attribuzione,1,https://digi.vatlib.it/mss/detail/Ott.gr.305,https://digi.vatlib.it/view/MSS_Ott.gr.305,1) 1r-70r: ΕΥΣΕΒΙΟΥ τοῦ Παμφίλου εἰς τὸ ἄσμα τῶν ἀσματων ἐξήγησις
Chig.R.IV.11,10.5,1,rescriptus,1,https://digi.vatlib.it/mss/detail/Chig.R.IV.11,https://digi.vatlib.it/view/MSS_Chig.R.IV.11,Low Quality 1) sec. XIII in
Ott.gr.159.pt.1,10.5,1,rescriptus,1,https://digi.vatlib.it/mss/detail/Ott.gr.159.pt.1,https://digi.vatlib.it/view/MSS_Ott.gr.159.pt.1,1) 17r-25r: Λόγος περὶ φυλακῆς καρδίας· καὶ Νικηφόρου μονάζοντος
Reg.lat.478,10.5,1,rescriptus,1,https://digi.vatlib.it/mss/detail/Reg.lat.478,https://digi.vatlib.it/view/MSS_Reg.lat.478,1) Italica opuscula. sec. XV med.
Reg.lat.481,10.5,1,rescriptus,1,https://digi.vatlib.it/mss/detail/Reg.lat.481,https://digi.vatlib.it/view/MSS_Reg.lat.481,"1) Padelbronnensis sylloga, praesertim hagiographica. sec. XI-XII"
Vat.gr.788.pt.B,10.5,1,rescriptus,1,https://digi.vatlib.it/mss/detail/Vat.gr.788.pt.B,https://digi.vatlib.it/view/MSS_Vat.gr.788.pt.B,1) sec. XIV-XV
Vat.gr.984,10.5,1,rescriptus,1,https://digi.vatlib.it/mss/detail/Vat.gr.984,https://digi.vatlib.it/view/MSS_Vat.gr.984,1) sec. XIV
Vat.gr.1843,10.5,1,rescriptus,1,https://digi.vatlib.it/mss/detail/Vat.gr.1843,https://digi.vatlib.it/view/MSS_Vat.gr.1843,1) sec. XII
Vat.gr.1844,10.5,1,rescriptus,1,https://digi.vatlib.it/mss/detail/Vat.gr.1844,https://digi.vatlib.it/view/MSS_Vat.gr.1844,Low Quality 1) Liturgica varia secundum usum italograecum. sec. XIV
Vat.gr.1847,10.5,1,rescriptus,1,https://digi.vatlib.it/mss/detail/Vat.gr.1847,https://digi.vatlib.it/view/MSS_Vat.gr.1847,1) sec. XIII
Vat.gr.1855,10.5,1,rescriptus,1,https://digi.vatlib.it/mss/detail/Vat.gr.1855,https://digi.vatlib.it/view/MSS_Vat.gr.1855,1) sec. XIII ex.
Vat.gr.1866,10.5,1,rescriptus,1,https://digi.vatlib.it/mss/detail/Vat.gr.1866,https://digi.vatlib.it/view/MSS_Vat.gr.1866,Low Quality 1) Psalterium continuatum sec. XIV post med.
Vat.gr.1877,10.5,1,rescriptus,1,https://digi.vatlib.it/mss/detail/Vat.gr.1877,https://digi.vatlib.it/view/MSS_Vat.gr.1877,"Low Quality 1) <Typicum liturgicum>, monasterii S. Mariae Mili in usum. sec. XIII ex."
Arch.Cap.S.Pietro.B.63,9.5,1,non identificato,1,https://digi.vatlib.it/mss/detail/Arch.Cap.S.Pietro.B.63,https://digi.vatlib.it/view/MSS_Arch.Cap.S.Pietro.B.63,1) Missale Romanum (Francescani). Latino Sec. XIV med.
Arch.Cap.S.Pietro.C.92,9.5,1,non identificato,1,https://digi.vatlib.it/mss/detail/Arch.Cap.S.Pietro.C.92,https://digi.vatlib.it/view/MSS_Arch.Cap.S.Pietro.C.92,"1) Biblia. Gruppi, scelte. Latino Sec. XI ex."
Arch.Cap.S.Pietro.C.128,9.5,1,non identificato,1,https://digi.vatlib.it/mss/detail/Arch.Cap.S.Pietro.C.128,https://digi.vatlib.it/view/MSS_Arch.Cap.S.Pietro.C.128,1) Sec. XIV in.
Barb.lat.101,9.5,1,non identificato,1,https://digi.vatlib.it/mss/detail/Barb.lat.101,https://digi.vatlib.it/view/MSS_Barb.lat.101,1) 1r:
Cappon.74,9.5,1,non identificato,1,https://digi.vatlib.it/mss/detail/Cappon.74,https://digi.vatlib.it/view/MSS_Cappon.74,"1) 3r-101v: Cassola, Luigi, 1473/74-1553 <Canzoniere>"
Ott.lat.544,9.5,1,non identificato,1,https://digi.vatlib.it/mss/detail/Ott.lat.544,https://digi.vatlib.it/view/MSS_Ott.lat.544,1) Breviario. sec. XV ex.
Ott.lat.2210,9.5,1,non identificato,1,https://digi.vatlib.it/mss/detail/Ott.lat.2210,https://digi.vatlib.it/view/MSS_Ott.lat.2210,"Low Quality 1) 35r-37r: Carlo Emanuele I, duca di Savoia, 1562-1630 Lettera a non identificato inviato presso la repubblica di Venezia."
Pal.lat.1467,9.5,1,non identificato,1,https://digi.vatlib.it/mss/detail/Pal.lat.1467,https://digi.vatlib.it/view/MSS_Pal.lat.1467,1) 1r:
Pal.lat.1476,9.5,1,non identificato,1,https://digi.vatlib.it/mss/detail/Pal.lat.1476,https://digi.vatlib.it/view/MSS_Pal.lat.1476,1) 1r:
Pal.lat.1508,9.5,1,non identificato,1,https://digi.vatlib.it/mss/detail/Pal.lat.1508,https://digi.vatlib.it/view/MSS_Pal.lat.1508,1) 1r:
Pal.lat.1512,9.5,1,non identificato,1,https://digi.vatlib.it/mss/detail/Pal.lat.1512,https://digi.vatlib.it/view/MSS_Pal.lat.1512,1) 1r:
Pal.lat.1525,9.5,1,non identificato,1,https://digi.vatlib.it/mss/detail/Pal.lat.1525,https://digi.vatlib.it/view/MSS_Pal.lat.1525,1) 1r:
Pal.lat.1534,9.5,1,non identificato,1,https://digi.vatlib.it/mss/detail/Pal.lat.1534,https://digi.vatlib.it/view/MSS_Pal.lat.1534,1) 1r:
Reg.lat.799,9.5,1,non identificato,1,https://digi.vatlib.it/mss/detail/Reg.lat.799,https://digi.vatlib.it/view/MSS_Reg.lat.799,1) Miscellanea umanistica. sec. XVI
Reg.lat.807,9.5,1,non identificato,1,https://digi.vatlib.it/mss/detail/Reg.lat.807,https://digi.vatlib.it/view/MSS_Reg.lat.807,"1) 21r: Martialis, Marcus Valerius, 40-101? Epigrammata (excerpta)"
Reg.lat.813,9.5,1,non identificato,1,https://digi.vatlib.it/mss/detail/Reg.lat.813,https://digi.vatlib.it/view/MSS_Reg.lat.813,"1) Antonio Beccadelli, De dictis et factis Alphonsi regis; Alfonso V d'Argona, Oratio; Antonio Beccadelli, Alphonsi regis triumphus. sec. XV"
Reg.lat.978,9.5,1,non identificato,1,https://digi.vatlib.it/mss/detail/Reg.lat.978,https://digi.vatlib.it/view/MSS_Reg.lat.978,"1) Isidorus Mercator, Collectio decretalium. sec. XII"
Reg.lat.1010,9.5,1,non identificato,1,https://digi.vatlib.it/mss/detail/Reg.lat.1010,https://digi.vatlib.it/view/MSS_Reg.lat.1010,1) Trattati di ippiatria. sec. XIV
Reg.lat.1132,9.5,1,non identificato,1,https://digi.vatlib.it/mss/detail/Reg.lat.1132,https://digi.vatlib.it/view/MSS_Reg.lat.1132,"1) 1r-128v: Gilbertus, Anglicus, f. 1250 Liber omnium morborum."
Reg.lat.1316,9.5,1,non identificato,1,https://digi.vatlib.it/mss/detail/Reg.lat.1316,https://digi.vatlib.it/view/MSS_Reg.lat.1316,"1) 16v-40r; 42r-91r: Odo Magdunensis, O.F.M., sec. XI De viribus herbarum."
Reg.lat.1425,9.5,1,non identificato,1,https://digi.vatlib.it/mss/detail/Reg.lat.1425,https://digi.vatlib.it/view/MSS_Reg.lat.1425,"1) Marcus Tullius Cicero, Opera. sec. XV"
Reg.lat.1779,9.5,1,non identificato,1,https://digi.vatlib.it/mss/detail/Reg.lat.1779,https://digi.vatlib.it/view/MSS_Reg.lat.1779,"1) Lucius Annaeus Florus, Epitome de Tito Livio. sec. XV"
Urb.lat.9,9.5,1,non identificato,1,https://digi.vatlib.it/mss/detail/Urb.lat.9,https://digi.vatlib.it/view/MSS_Urb.lat.9,"1) Salterio ebraico, greco e latino. sec. XV med."
Urb.lat.74,9.5,1,non identificato,1,https://digi.vatlib.it/mss/detail/Urb.lat.74,https://digi.vatlib.it/view/MSS_Urb.lat.74,"1) S. Agostino, Enarrationes in Psalmos 1-50. sec. XV"
Urb.lat.151,9.5,1,non identificato,1,https://digi.vatlib.it/mss/detail/Urb.lat.151,https://digi.vatlib.it/view/MSS_Urb.lat.151,"1) Sisto IV, De sanguine Christi; De potentia Dei; De futuris contingentibus. sec. XV"
Urb.lat.410,9.5,1,non identificato,1,https://digi.vatlib.it/mss/detail/Urb.lat.410,https://digi.vatlib.it/view/MSS_Urb.lat.410,"1) Senofonte, Cyropaedia, nella traduzione di Francesco Filelfo. sec. XV med."
Urb.lat.899,9.5,1,non identificato,1,https://digi.vatlib.it/mss/detail/Urb.lat.899,https://digi.vatlib.it/view/MSS_Urb.lat.899,1) 1r-124v: Ordine delle Noççe dello Illustrissimo Signore Meser Constantio Sfortia de Aragonia et della Illustrissima Madonna Ca(m)milla de Aragonia sua consorte nella(n)no 1475.
Vat.estr.or.19,9.5,1,non identificato,1,https://digi.vatlib.it/mss/detail/Vat.estr.or.19,https://digi.vatlib.it/view/MSS_Vat.estr.or.19,1) Dizionario bilingue portoghese-giapponese. sec. XVII
Vat.lat.36,9.5,1,non identificato,1,https://digi.vatlib.it/mss/detail/Vat.lat.36,https://digi.vatlib.it/view/MSS_Vat.lat.36,1) Antico e Nuovo Testamento. sec. XIII med.
Vat.lat.1647,9.5,1,non identificato,1,https://digi.vatlib.it/mss/detail/Vat.lat.1647,https://digi.vatlib.it/view/MSS_Vat.lat.1647,"1) Seneca, Tragoediae. sec. XIV ex."
Vat.lat.2721,9.5,1,non identificato,1,https://digi.vatlib.it/mss/detail/Vat.lat.2721,https://digi.vatlib.it/view/MSS_Vat.lat.2721,"1) Priscianus, Institutiones grammaticae. sec. XIII"
Vat.lat.2725,9.5,1,non identificato,1,https://digi.vatlib.it/mss/detail/Vat.lat.2725,https://digi.vatlib.it/view/MSS_Vat.lat.2725,1) Miscellanea grammaticale latina. sec. XV
Vat.lat.2728,9.5,1,non identificato,1,https://digi.vatlib.it/mss/detail/Vat.lat.2728,https://digi.vatlib.it/view/MSS_Vat.lat.2728,1) Miscellanea. sec. XV med.
Vat.lat.2733,9.5,1,non identificato,1,https://digi.vatlib.it/mss/detail/Vat.lat.2733,https://digi.vatlib.it/view/MSS_Vat.lat.2733,"1) Sextus Pompeius Festus, De verborum significatione. sec. XIV"
Vat.lat.2770,9.5,1,non identificato,1,https://digi.vatlib.it/mss/detail/Vat.lat.2770,https://digi.vatlib.it/view/MSS_Vat.lat.2770,1) Miscellanea. sec. XIV
Vat.lat.2786,9.5,1,non identificato,1,https://digi.vatlib.it/mss/detail/Vat.lat.2786,https://digi.vatlib.it/view/MSS_Vat.lat.2786,"1) Ovidius, Opera. sec. XV"
Vat.lat.2799,9.5,1,non identificato,1,https://digi.vatlib.it/mss/detail/Vat.lat.2799,https://digi.vatlib.it/view/MSS_Vat.lat.2799,"1) Lucanus, Pharsalia. sec. XII-XIII"
Vat.lat.2887,9.5,1,non identificato,1,https://digi.vatlib.it/mss/detail/Vat.lat.2887,https://digi.vatlib.it/view/MSS_Vat.lat.2887,1) 1r:
Vat.lat.3079,9.5,1,non identificato,1,https://digi.vatlib.it/mss/detail/Vat.lat.3079,https://digi.vatlib.it/view/MSS_Vat.lat.3079,1) 46r: 2) 55r:
Vat.lat.4607,9.5,1,non identificato,1,https://digi.vatlib.it/mss/detail/Vat.lat.4607,https://digi.vatlib.it/view/MSS_Vat.lat.4607,1) 1r:
Vat.lat.4608,9.5,1,non identificato,1,https://digi.vatlib.it/mss/detail/Vat.lat.4608,https://digi.vatlib.it/view/MSS_Vat.lat.4608,1) 1r:
Vat.lat.8700,9.5,1,non identificato,1,https://digi.vatlib.it/mss/detail/Vat.lat.8700,https://digi.vatlib.it/view/MSS_Vat.lat.8700,1) Messale. sec. XV med.
Vat.lat.9405,9.5,1,non identificato,1,https://digi.vatlib.it/mss/detail/Vat.lat.9405,https://digi.vatlib.it/view/MSS_Vat.lat.9405,"1) 13v-16r: Morte del Cardinal Angelotto Fusco Romano e giustizia del suo cameriero omicida [Antonio, non meglio identificato ] seguita in Campo di Fiore l'anno 1439."
Vat.lat.12342,9.5,1,non identificato,1,https://digi.vatlib.it/mss/detail/Vat.lat.12342,https://digi.vatlib.it/view/MSS_Vat.lat.12342,"1) 124r-v: Note varie trascritte da un codice manoscritto non identificato , riguardanti alcuni avvenimenti dall'anno 1295 al 1478."
Vat.lat.14784,9.5,1,non identificato,1,https://digi.vatlib.it/mss/detail/Vat.lat.14784,https://digi.vatlib.it/view/MSS_Vat.lat.14784,1) 104r-v: Ordo iudiciarius non identificato . 2) 105r-v: Ordo iudiciarius non identificato .
Vat.lat.14822,9.5,1,non identificato,1,https://digi.vatlib.it/mss/detail/Vat.lat.14822,https://digi.vatlib.it/view/MSS_Vat.lat.14822,1) 1r-4v: Commento non identificato agli Aforismi di Ippocrate.
Vat.gr.1456,9.25,2,marginalia; postille,1,https://digi.vatlib.it/mss/detail/Vat.gr.1456,https://digi.vatlib.it/view/MSS_Vat.gr.1456,1) Miscellanea grammaticale. sec. X/XI
Vat.gr.1810,9.0,1,rescriptus,1,https://digi.vatlib.it/mss/detail/Vat.gr.1810,https://digi.vatlib.it/view/MSS_Vat.gr.1810,1) Scriptio recentior: (sec. XIII) Officia vigiliarum maiorum festorum Domini; Scriptio inferior: inf. 1 (an. 953) Collectio hagiographica praemetaphrastica haud menologica; inf. 2 (sec. X) <S. Theodori Studitae operum collectio italograeca>. sec. XIII
Vat.sir.162,9.0,1,rescriptus,1,https://digi.vatlib.it/mss/detail/Vat.sir.162,https://digi.vatlib.it/view/MSS_Vat.sir.162,"1) Chronicle of Zuqnin sec. IX 2) Z i <inf. 1>: 92, 41, 74, 77, 82, 65, 36, 87; 80, 94, 34, 43, 85, 79; 37, 71, 72, 40: Iudicum 16:29-19:12, 19:18-29, 20:4-8, 20:30-21:5 3) Z ii <inf. 2>: 39, 38; 67, 72; 70, 35, 68, 71, 42, 69; 44, 76, 84, 86, 93, 75, 83, 33: Regum III 2:19-25, 35i-39, 46g-3:2, 27-4:9, 28-6:16, 7:27-8:33, 21:26-39 4) Z iv <inf. 3>: 26, 14, 3, 8, 17, 15; 2, 12, 11, 20, 19, 9; 16, 21, 15; 5, 4, 7, 6;24, 22; 13, 18; 169, 10, 23, 1, 173: Psalmi 8:1-9:19, 36-12:3, 13:1-16:1, 17:3-29, 39-48, 19:9-21:25, 32-23:2, 24:9-19, 25:8-26:4, 28:3-29:4, 30:2-11, 32:21-33:22, 35:7-37:11 5) Z v <inf. 4>: 64, 48, 51, 55; 46, 111, 116, 103, 96, 115, 120, 53; 118, 119, 100, 99, 112, 113, 95; 117, 114; 104, 109; 53, 57, 47, 58, 61, 52, 62, 45; 106, 108, 105, 107; 110,; 32, 27; 102, 98, 50, 49, 101, 97; 170: Ezechiel 1:9-25, 3:1-18, 4:16-5:11, 6:11-9:4, 22:7-23:38, 24:5-14, 25:2-9, 26:7-11, 28:10-16, 35:5-38:4, 39:10-13, 25-24, 40:19-23, 41:25-42:12, 43:11-44:4, 16-45:13, 20-46:2, 46:16-22..."
Arch.Cap.S.Pietro.H.62,8.5,1,frammento,1,https://digi.vatlib.it/mss/detail/Arch.Cap.S.Pietro.H.62,https://digi.vatlib.it/view/MSS_Arch.Cap.S.Pietro.H.62,"1) 156r-158r: Dionisi, Filippo Lorenzo, sac., 1712-1789 Gizius Epiphanius Ioannes Baptista"
Arch.Cap.S.Pietro.I.11,8.5,1,frammento,1,https://digi.vatlib.it/mss/detail/Arch.Cap.S.Pietro.I.11,https://digi.vatlib.it/view/MSS_Arch.Cap.S.Pietro.I.11,1) Visitatio Apostolica Basilicae Sancti Petri anni 1656 et alia ad Capitulum et mensam spectantia. Sec. XVII med.
Barb.lat.1843,8.5,1,frammento,1,https://digi.vatlib.it/mss/detail/Barb.lat.1843,https://digi.vatlib.it/view/MSS_Barb.lat.1843,1) Frammento di poema eroico. sec. XIV
Barb.lat.3209,8.5,1,frammento,1,https://digi.vatlib.it/mss/detail/Barb.lat.3209,https://digi.vatlib.it/view/MSS_Barb.lat.3209,"Low Quality 1) 40r, 93r-94r: Ughelli, Ferdinando, O. Cist., 1595-1670 Documenti vari. 2) 49r-51r: Ughelli, Ferdinando, O. Cist., 1595-1670 Documenti vari."
Barb.lat.4146,8.5,1,frammento,1,https://digi.vatlib.it/mss/detail/Barb.lat.4146,https://digi.vatlib.it/view/MSS_Barb.lat.4146,1) 79v-80v: Frammento di teoria della musica. 2) 80v: Frammento di melodia.
Borg.lat.153,8.5,1,frammento,1,https://digi.vatlib.it/mss/detail/Borg.lat.153,https://digi.vatlib.it/view/MSS_Borg.lat.153,1) 172r-179v: Of the habitation of souls after death
Borg.lat.731,8.5,1,frammento,1,https://digi.vatlib.it/mss/detail/Borg.lat.731,https://digi.vatlib.it/view/MSS_Borg.lat.731,"Low Quality 1) 61r: Paštrić, Ivan, sac., 1636-1708 Lettera ad incerto."
Borg.pers.19,8.5,1,frammento,1,https://digi.vatlib.it/mss/detail/Borg.pers.19,https://digi.vatlib.it/view/MSS_Borg.pers.19,1) Vangeli. sec. XIV med.
Capp.Sist.63,8.5,1,frammento,1,https://digi.vatlib.it/mss/detail/Capp.Sist.63,https://digi.vatlib.it/view/MSS_Capp.Sist.63,"1) 55r: Prioris, Johannes, c. 1460-c. 1514 Domine non secundum"
Capp.Sist.64,8.5,1,frammento,1,https://digi.vatlib.it/mss/detail/Capp.Sist.64,https://digi.vatlib.it/view/MSS_Capp.Sist.64,"1) 30r[2]: Nus Saule sufficit 2) 30v: Palestrina, Giovanni Pierluigi da, c. 1525-1594 Missa Veni creator spiritus - Credo"
Cappon.9,8.5,1,frammento,1,https://digi.vatlib.it/mss/detail/Cappon.9,https://digi.vatlib.it/view/MSS_Cappon.9,1) <Glossula di Dario Tiberti ed epigrammi laudativi> Sec. XV ex.
Cappon.132,8.5,1,frammento,1,https://digi.vatlib.it/mss/detail/Cappon.132,https://digi.vatlib.it/view/MSS_Cappon.132,"1) <Giulio Romano, Trattato di prospettiva> Sec. XVII"
Cappon.173,8.5,1,frammento,1,https://digi.vatlib.it/mss/detail/Cappon.173,https://digi.vatlib.it/view/MSS_Cappon.173,1) 61r-65r: < Frammento del Conclave di Marcello II.>
Cappon.298,8.5,1,frammento,1,https://digi.vatlib.it/mss/detail/Cappon.298,https://digi.vatlib.it/view/MSS_Cappon.298,1) 1r-29v: < Frammento di un processo fatto a Cavaillon per libelli infamatori>
Pal.lat.542,8.5,1,frammento,1,https://digi.vatlib.it/mss/detail/Pal.lat.542,https://digi.vatlib.it/view/MSS_Pal.lat.542,1) Horae. sec. XV
Arch.Cap.S.Pietro.A.37,8.5,1,fragmentum,1,https://digi.vatlib.it/mss/detail/Arch.Cap.S.Pietro.A.37,https://digi.vatlib.it/view/MSS_Arch.Cap.S.Pietro.A.37,"1) 1v-181v: Iosephus, Flavius, c. 37-c. 100 Antiquitatum iudaicarum libri I-XX"
Arch.Cap.S.Pietro.B.82,8.5,1,fragmentum,1,https://digi.vatlib.it/mss/detail/Arch.Cap.S.Pietro.B.82,https://digi.vatlib.it/view/MSS_Arch.Cap.S.Pietro.B.82,1) 68r-69r: Fragmentum passionis s. Ioannis apostoli et evangelisti.
Arch.Cap.S.Pietro.C.94,8.5,1,fragmentum,1,https://digi.vatlib.it/mss/detail/Arch.Cap.S.Pietro.C.94,https://digi.vatlib.it/view/MSS_Arch.Cap.S.Pietro.C.94,"1) 1r-223r: Gregorius PP. I, Magnus, s., c. 540-604 Epistolarum CCXCVII libri I-XIV iuxta veterem ordinem et codices recentiores."
Arch.Cap.S.Pietro.C.116,8.5,1,fragmentum,1,https://digi.vatlib.it/mss/detail/Arch.Cap.S.Pietro.C.116,https://digi.vatlib.it/view/MSS_Arch.Cap.S.Pietro.C.116,1) 246v-247r: <Bulla>
Arch.Cap.S.Pietro.C.136,8.5,1,fragmentum,1,https://digi.vatlib.it/mss/detail/Arch.Cap.S.Pietro.C.136,https://digi.vatlib.it/view/MSS_Arch.Cap.S.Pietro.C.136,1) Duodecim Prophetae minores cum glossa ordinaria Walafridi Strabi et interlineari Anselmi Laudunensis. Sec. XIV
Arch.Cap.S.Pietro.D.150,8.5,1,fragmentum,1,https://digi.vatlib.it/mss/detail/Arch.Cap.S.Pietro.D.150,https://digi.vatlib.it/view/MSS_Arch.Cap.S.Pietro.D.150,"1) Ir: Bullae fragmentum ad conferendum beneficium Petro filio Thomae de Schadek, Beznensis dioecesis"
Arch.Cap.S.Pietro.D.156,8.5,1,fragmentum,1,https://digi.vatlib.it/mss/detail/Arch.Cap.S.Pietro.D.156,https://digi.vatlib.it/view/MSS_Arch.Cap.S.Pietro.D.156,1) 1r-3v: Kalendarii fragmentum
Arch.Cap.S.Pietro.D.163,8.5,1,fragmentum,1,https://digi.vatlib.it/mss/detail/Arch.Cap.S.Pietro.D.163,https://digi.vatlib.it/view/MSS_Arch.Cap.S.Pietro.D.163,"1) 82r: Hieronymus, s., 342/347-419 Contra Iovinianum libro I"
Arch.Cap.S.Pietro.D.165,8.5,1,fragmentum,1,https://digi.vatlib.it/mss/detail/Arch.Cap.S.Pietro.D.165,https://digi.vatlib.it/view/MSS_Arch.Cap.S.Pietro.D.165,1) 6r-6v: Sermonis in Epiphaniam fragmentum
Arch.Cap.S.Pietro.E.19,8.5,1,fragmentum,1,https://digi.vatlib.it/mss/detail/Arch.Cap.S.Pietro.E.19,https://digi.vatlib.it/view/MSS_Arch.Cap.S.Pietro.E.19,1) 1v: Fragmentum epist. S. Pauli ad Thessalonicenses II
Arch.Cap.S.Pietro.F.4,8.5,1,fragmentum,1,https://digi.vatlib.it/mss/detail/Arch.Cap.S.Pietro.F.4,https://digi.vatlib.it/view/MSS_Arch.Cap.S.Pietro.F.4,1) Iv-IIr: Fragmentum expositionis iuris: de venditione
Arch.Cap.S.Pietro.F.11.pt.B,8.5,1,fragmentum,1,https://digi.vatlib.it/mss/detail/Arch.Cap.S.Pietro.F.11.pt.B,https://digi.vatlib.it/view/MSS_Arch.Cap.S.Pietro.F.11.pt.B,1) Vetus Testamentum. Libri Numerorum fragmentum . Sec. VIII
Arch.Cap.S.Pietro.F.18,8.5,1,fragmentum,1,https://digi.vatlib.it/mss/detail/Arch.Cap.S.Pietro.F.18,https://digi.vatlib.it/view/MSS_Arch.Cap.S.Pietro.F.18,1) Iv: Fragmentum bullae de beneficio conferendo ad relationem diaconi card. tituli s. Angeli (Richardi de Annibaldis)
Arch.Cap.S.Pietro.F.36,8.5,1,fragmentum,1,https://digi.vatlib.it/mss/detail/Arch.Cap.S.Pietro.F.36,https://digi.vatlib.it/view/MSS_Arch.Cap.S.Pietro.F.36,"1) 1v: Sixtus PP. V, 1521-1590 Bulla in favorem Ioannis Baptista Banchi"
Arch.Cap.S.Pietro.G.11,8.5,1,fragmentum,1,https://digi.vatlib.it/mss/detail/Arch.Cap.S.Pietro.G.11,https://digi.vatlib.it/view/MSS_Arch.Cap.S.Pietro.G.11,"1) 86v-87r: Sidonius, Caius Sollius Apollinaris, f. 431-487 < Fragmentum epistulae ""Sidonius Thaumasto suo salutem"", Liber V, ep. VII>"
Barb.gr.19,8.5,1,fragmentum,1,https://digi.vatlib.it/mss/detail/Barb.gr.19,https://digi.vatlib.it/view/MSS_Barb.gr.19,1) 89r: in die Ass. B. M. V.
Barb.gr.22,8.5,1,fragmentum,1,https://digi.vatlib.it/mss/detail/Barb.gr.22,https://digi.vatlib.it/view/MSS_Barb.gr.22,"1) 66r: Sophocles, sec. V a.C. <Sophoclis Aiacis> versus 1-13."
Barb.gr.23,8.5,1,fragmentum,1,https://digi.vatlib.it/mss/detail/Barb.gr.23,https://digi.vatlib.it/view/MSS_Barb.gr.23,"1) 1r-344r: Themistius, c. 317-c. 388 Fragmentum prologi Themistiani in analytica posteriora, Themistii ad Aristotelis physicae libros I-II paraphrasis."
Barb.gr.69,8.5,1,fragmentum,1,https://digi.vatlib.it/mss/detail/Barb.gr.69,https://digi.vatlib.it/view/MSS_Barb.gr.69,"1) 5r-7v: Heron Alexandrinus, sec. II a.C./II Initium cap. XX Heronis Alexandrini automatorum, Eutocii fragmentum commentarii in Archimedis libellum de dimensione circuli."
Barb.gr.78,8.5,1,fragmentum,1,https://digi.vatlib.it/mss/detail/Barb.gr.78,https://digi.vatlib.it/view/MSS_Barb.gr.78,"1) 54r-66v: Plato, 427-347 a.C. Πλάτωνος φράσεις."
Barb.gr.86,8.5,1,fragmentum,1,https://digi.vatlib.it/mss/detail/Barb.gr.86,https://digi.vatlib.it/view/MSS_Barb.gr.86,"1) 339v, l. 15-348v: Fragmentum commentarii in Aristotelis rhetoricae lib. III."
Barb.gr.90,8.5,1,fragmentum,1,https://digi.vatlib.it/mss/detail/Barb.gr.90,https://digi.vatlib.it/view/MSS_Barb.gr.90,1) 209r-256r: Διονυσίου οἰκουμένης περιήγησις.
Barb.gr.99,8.5,1,fragmentum,1,https://digi.vatlib.it/mss/detail/Barb.gr.99,https://digi.vatlib.it/view/MSS_Barb.gr.99,"1) 13r-41v: Ammonius Hermeiou, sec. VI Σχολὴ ἐκ τῆς ἐξεγήσεως τοῦ φιλοσόφου Δαυίδ· εἰ τὰ γένη καὶ τὰ εἴδη, πρὸ τῶν πολλῶν εἰσὶ."
Barb.gr.127,8.5,1,fragmentum,1,https://digi.vatlib.it/mss/detail/Barb.gr.127,https://digi.vatlib.it/view/MSS_Barb.gr.127,"1) 207r-249r: Galenus, Claudius, 129-199 Ἁπλα Γαληνοῦ: περὶ βοτανῶν: κατὰ στοιχεῖον."
Barb.gr.132,8.5,1,fragmentum,1,https://digi.vatlib.it/mss/detail/Barb.gr.132,https://digi.vatlib.it/view/MSS_Barb.gr.132,"1) 10v-16r: Nicetas Choniates, m. 1216 Τοῦ αὐτοῦ μακαρίτου κυρίου Νικήτα τοῦ Χωνειάτου ἀπὸ τῆς αὐτοῦ ἱστορίας περὶ Κωνσταντινουπόλεως."
Barb.gr.153,8.5,1,fragmentum,1,https://digi.vatlib.it/mss/detail/Barb.gr.153,https://digi.vatlib.it/view/MSS_Barb.gr.153,1) sec. XV med vel ex
Barb.gr.158,8.5,1,fragmentum,1,https://digi.vatlib.it/mss/detail/Barb.gr.158,https://digi.vatlib.it/view/MSS_Barb.gr.158,1) sec. XI-XII (ff. 1r-5v sec. XV ex)
Barb.gr.179,8.5,1,fragmentum,1,https://digi.vatlib.it/mss/detail/Barb.gr.179,https://digi.vatlib.it/view/MSS_Barb.gr.179,"1) 22r-v: Plutarchus, c. 50-127 Plutarchi De Iside et Osiride fragmentum"
Barb.gr.184,8.5,1,fragmentum,1,https://digi.vatlib.it/mss/detail/Barb.gr.184,https://digi.vatlib.it/view/MSS_Barb.gr.184,"1) 1r-132r: Nicephorus Gregoras, 1295-1359/1360 τοῦ αὐτοῦ λόγος δεύτερος ῥωμαïκῆς ἱστορίας ὅς ἐστι τῆς καθολικῆς αὐτοῦ ἱστορίας δέκατος τρίτος."
Barb.gr.201,8.5,1,fragmentum,1,https://digi.vatlib.it/mss/detail/Barb.gr.201,https://digi.vatlib.it/view/MSS_Barb.gr.201,"1) Ir-40v: Arrianus, Flavius, c. 95-c. 175 Arriani De venatione. Epistola dicata ad Cardinalem Antonium Barberini."
Barb.gr.221,8.5,1,fragmentum,1,https://digi.vatlib.it/mss/detail/Barb.gr.221,https://digi.vatlib.it/view/MSS_Barb.gr.221,"1) 48r-v. 55r: Galenus, Claudius, 129-199 De crisibus libri III (fragmenta)"
Barb.gr.237,8.5,1,fragmentum,1,https://digi.vatlib.it/mss/detail/Barb.gr.237,https://digi.vatlib.it/view/MSS_Barb.gr.237,"1) 108r-v: Iohannes Malalas, c. 491-c. 578 Fragmentum e Iohannis Malalae chronographia"
Barb.gr.331,8.5,1,fragmentum,1,https://digi.vatlib.it/mss/detail/Barb.gr.331,https://digi.vatlib.it/view/MSS_Barb.gr.331,1) 222r-223v: Fragmentum liturgicum
Barb.gr.475,8.5,1,fragmentum,1,https://digi.vatlib.it/mss/detail/Barb.gr.475,https://digi.vatlib.it/view/MSS_Barb.gr.475,1) 1r-4v: Fragmentum cum notatione 2) 195r-196v: Fragmentum
Barb.lat.140,8.5,1,fragmentum,1,https://digi.vatlib.it/mss/detail/Barb.lat.140,https://digi.vatlib.it/view/MSS_Barb.lat.140,"1) Iv: Marrasio, Bernabeo, sec. XV Epistula ad Andreocium Petrucium Senensem."
Barb.lat.575,8.5,1,fragmentum,1,https://digi.vatlib.it/mss/detail/Barb.lat.575,https://digi.vatlib.it/view/MSS_Barb.lat.575,1) 170r: De custodia linguae 2) IIIrA (ll. 1-17): Sermo de tempore. In Vigilia Nativitate Domini. Fragmentum .
Barb.lat.1398,8.5,1,fragmentum,1,https://digi.vatlib.it/mss/detail/Barb.lat.1398,https://digi.vatlib.it/view/MSS_Barb.lat.1398,"Low Quality 1) 501r: Repertorium iuris anonymi ( fragmentum ). 2) contropiatto posteriore: Ioulianos, Scholastikos, f. 535-555 Epitome novellarum, Const. CXV, 2-8"
Barb.lat.1402,8.5,1,fragmentum,1,https://digi.vatlib.it/mss/detail/Barb.lat.1402,https://digi.vatlib.it/view/MSS_Barb.lat.1402,"1) risguardia posteriore: Ubaldi, Baldo degli, 1327?-1400. Opere spurie e dubbie Fragmentum literae ad ignotos, ut non separarent Commune Perusii ab omni subsidio Florentinorum."
Barb.lat.1406,8.5,1,fragmentum,1,https://digi.vatlib.it/mss/detail/Barb.lat.1406,https://digi.vatlib.it/view/MSS_Barb.lat.1406,"1) 81r-v: Ubaldi, Baldo degli, 1327?-1400. Opere spurie e dubbie Consilium, an instrumentum valeat etiam si notarius confiteretur aliquid contra propriam scripturam."
Borgh.5,8.5,1,fragmentum,1,https://digi.vatlib.it/mss/detail/Borgh.5,https://digi.vatlib.it/view/MSS_Borgh.5,1) 1r-9r: Breviarii proprii de tempore fragmentum .
Borgh.6,8.5,1,fragmentum,1,https://digi.vatlib.it/mss/detail/Borgh.6,https://digi.vatlib.it/view/MSS_Borgh.6,1) 129r-v: Fragmentum alicuius glossarii.
Borgh.30,8.5,1,fragmentum,1,https://digi.vatlib.it/mss/detail/Borgh.30,https://digi.vatlib.it/view/MSS_Borgh.30,"1) Ir-v: Cassiodorus Senator, Flavius Magnus Aurelius, s., c. 487-c. 583 Cuiusdam Historiae ecclesiasticae fragmentum ."
Borgh.43,8.5,1,fragmentum,1,https://digi.vatlib.it/mss/detail/Borgh.43,https://digi.vatlib.it/view/MSS_Borgh.43,1) 46r-v: Fragmentum ex sermonis de s. Ivone Trecorensi
Borgh.63,8.5,1,fragmentum,1,https://digi.vatlib.it/mss/detail/Borgh.63,https://digi.vatlib.it/view/MSS_Borgh.63,1) 54v: Fragmentum cuiusdam in Senecae ad Lucilium epistulas commentarii.
Borgh.80,8.5,1,fragmentum,1,https://digi.vatlib.it/mss/detail/Borgh.80,https://digi.vatlib.it/view/MSS_Borgh.80,1) Ir-v: Fragmentum cuiusdam tractatus (?) de virtutibus monachorum. 2) 1r(1): Fragmentum cuiusdam expositionis in Aristotelis Metaphysicorum lib. II
Borgh.82,8.5,1,fragmentum,1,https://digi.vatlib.it/mss/detail/Borgh.82,https://digi.vatlib.it/view/MSS_Borgh.82,1) 116v-118v: Glossarium biblicum ( fragmentum ). 2) 119r-131v: Expositiones allegoricae in aliquot Genesis capitula ( fragmentum ).
Borgh.83,8.5,1,fragmentum,1,https://digi.vatlib.it/mss/detail/Borgh.83,https://digi.vatlib.it/view/MSS_Borgh.83,1) 49r-59v: Expositiones vocabulorum Bibliae. 2) 61r-70v: Glossarium biblicum.
Borgh.86,8.5,1,fragmentum,1,https://digi.vatlib.it/mss/detail/Borgh.86,https://digi.vatlib.it/view/MSS_Borgh.86,1) 175r-182v: Frati Minori Ordinis fratrum minorum constitutiones tum generales tum provinciales.
Borgh.91,8.5,1,fragmentum,1,https://digi.vatlib.it/mss/detail/Borgh.91,https://digi.vatlib.it/view/MSS_Borgh.91,1) 228r: Tabula sermonum festiuorum
Borgh.94,8.5,1,fragmentum,1,https://digi.vatlib.it/mss/detail/Borgh.94,https://digi.vatlib.it/view/MSS_Borgh.94,1) 195v: Cuiusdam carminis de b. Maria Virginis fragmentum .
Borgh.106,8.5,1,fragmentum,1,https://digi.vatlib.it/mss/detail/Borgh.106,https://digi.vatlib.it/view/MSS_Borgh.106,1) 55r-56r: Quaestionis anonymae fragmentum . 2) 56r: Quaestionis anonymae fragmentum .
Borgh.121,8.5,1,fragmentum,1,https://digi.vatlib.it/mss/detail/Borgh.121,https://digi.vatlib.it/view/MSS_Borgh.121,"1) 314r-v, 1r: Godefridus de Fontibus, vesc. di Cambrai, 1250?-1308? Quodlibeti V fragmentum ."
Borgh.126,8.5,1,fragmentum,1,https://digi.vatlib.it/mss/detail/Borgh.126,https://digi.vatlib.it/view/MSS_Borgh.126,"1) 235r: Aristoteles, 384-322 a.C. De intelligentia."
Borgh.141,8.5,1,fragmentum,1,https://digi.vatlib.it/mss/detail/Borgh.141,https://digi.vatlib.it/view/MSS_Borgh.141,"1) 1r-168r: Summa praedicabilis impefecta. 2) 3r-4v: Ghazzālī, 1058-1111 Metaphysicae fragmentum ."
Borgh.149,8.5,1,fragmentum,1,https://digi.vatlib.it/mss/detail/Borgh.149,https://digi.vatlib.it/view/MSS_Borgh.149,1) 76v: Notabilia aliqua.
Borgh.173,8.5,1,fragmentum,1,https://digi.vatlib.it/mss/detail/Borgh.173,https://digi.vatlib.it/view/MSS_Borgh.173,"1) 61r-62r: Olivi, Pierre Jean, O.F.M., c. 1248-1298 De sacramentorum causalitate ( fragmentum )."
Borgh.199,8.5,1,fragmentum,1,https://digi.vatlib.it/mss/detail/Borgh.199,https://digi.vatlib.it/view/MSS_Borgh.199,1) 187r-v: Fragmentum Ordinarii Missae.
Borgh.203,8.5,1,fragmentum,1,https://digi.vatlib.it/mss/detail/Borgh.203,https://digi.vatlib.it/view/MSS_Borgh.203,1) 5r(1): < Fragmentum > 2) 5r(2): < Fragmentum > 3) 205r: < Fragmentum >
Borgh.258,8.5,1,fragmentum,1,https://digi.vatlib.it/mss/detail/Borgh.258,https://digi.vatlib.it/view/MSS_Borgh.258,"1) 1r-116v: Iohannes Andreae, c.1270-1348 Iohannis Andreae Glossa ordinaria in librum Sextum decretalium."
Borgh.266,8.5,1,fragmentum,1,https://digi.vatlib.it/mss/detail/Borgh.266,https://digi.vatlib.it/view/MSS_Borgh.266,1) 94r-105v: Processus et formae varia ad modum Formularii collecta ( fragmentum ).
Borgh.341,8.5,1,fragmentum,1,https://digi.vatlib.it/mss/detail/Borgh.341,https://digi.vatlib.it/view/MSS_Borgh.341,1) 196r: Fragmentum (alicuius sermonis?) lineis 2 constans.
Borgh.364.pt.A,8.5,1,fragmentum,1,https://digi.vatlib.it/mss/detail/Borgh.364.pt.A,https://digi.vatlib.it/view/MSS_Borgh.364.pt.A,1) 400r-v: Fragmentum gradualis cum notis musicae.
Capp.Sist.473,8.5,1,fragmentum,1,https://digi.vatlib.it/mss/detail/Capp.Sist.473,https://digi.vatlib.it/view/MSS_Capp.Sist.473,"1) 22v-26r: Palestrina, Giovanni Pierluigi da, c. 1525-1594"
Cappon.206,8.5,1,fragmentum,1,https://digi.vatlib.it/mss/detail/Cappon.206,https://digi.vatlib.it/view/MSS_Cappon.206,"1) 15v: De septem viciis capitalibus, fragmentum"
Chig.R.VI.39,8.5,1,fragmentum,1,https://digi.vatlib.it/mss/detail/Chig.R.VI.39,https://digi.vatlib.it/view/MSS_Chig.R.VI.39,Low Quality 1) 217r-218v: Fragmentum ex codice liturgico
Chig.R.VI.42,8.5,1,fragmentum,1,https://digi.vatlib.it/mss/detail/Chig.R.VI.42,https://digi.vatlib.it/view/MSS_Chig.R.VI.42,"Low Quality 1) 89v-90v: Antipho Rhamnusius, c. 480-411 a.C. Accusatio veneficii contra novercam ( fragmentum )"
Ott.gr.12.pt.1,8.5,1,fragmentum,1,https://digi.vatlib.it/mss/detail/Ott.gr.12.pt.1,https://digi.vatlib.it/view/MSS_Ott.gr.12.pt.1,"1) 1r-4v: Severus Antiochenus, patriarca di Antiochia, ca. 465-538 Sermo de Paschate."
Ott.gr.67,8.5,1,fragmentum,1,https://digi.vatlib.it/mss/detail/Ott.gr.67,https://digi.vatlib.it/view/MSS_Ott.gr.67,1) 208r-333v: ΝΙΚΗΦΟΡΟΥ Γρηγορᾶ τῆς ῥωμαϊκῆς σύνταξις ἱστορίας
Ott.gr.75,8.5,1,fragmentum,1,https://digi.vatlib.it/mss/detail/Ott.gr.75,https://digi.vatlib.it/view/MSS_Ott.gr.75,1) 174r: Fragmentum
Ott.gr.76,8.5,1,fragmentum,1,https://digi.vatlib.it/mss/detail/Ott.gr.76,https://digi.vatlib.it/view/MSS_Ott.gr.76,1) 219r-256r: ΑΛΕΞΑΝΔΡΟΥ Ἀφροδησέως εἰς τὸ πρῶτον τῶν προτέρων ἀναλυτικῶν
Ott.gr.177,8.5,1,fragmentum,1,https://digi.vatlib.it/mss/detail/Ott.gr.177,https://digi.vatlib.it/view/MSS_Ott.gr.177,1) sec. XVI
Ott.gr.339,8.5,1,fragmentum,1,https://digi.vatlib.it/mss/detail/Ott.gr.339,https://digi.vatlib.it/view/MSS_Ott.gr.339,1) 156r-v: Fragmentum symboli S. Athanasii. 2) 255r-v: Ἰω. μοναχοῦ δαμασκηνοῦ ὀρθοδόξου πίστεως
Cappon.138,8.5,1,inedito,1,https://digi.vatlib.it/mss/detail/Cappon.138,https://digi.vatlib.it/view/MSS_Cappon.138,"1) p. 109-189: Campanella, Tommaso, O.P., 1568-1639 <La Monarchia del Messia>"
Arch.Cap.S.Pietro.D.190,8.5,1,inedita,1,https://digi.vatlib.it/mss/detail/Arch.Cap.S.Pietro.D.190,https://digi.vatlib.it/view/MSS_Arch.Cap.S.Pietro.D.190,"1) 162r-184v: Leo Presbyter, sec. XI <Vita s. Iohannis Chrysostomi>"
Arch.Cap.S.Pietro.G.58,8.5,1,inedita,1,https://digi.vatlib.it/mss/detail/Arch.Cap.S.Pietro.G.58,https://digi.vatlib.it/view/MSS_Arch.Cap.S.Pietro.G.58,"1) 4r. 5r: Jacopone da Todi, 1230-1306 <Poesia inedita >"
Barb.gr.147,8.5,1,inedita,1,https://digi.vatlib.it/mss/detail/Barb.gr.147,https://digi.vatlib.it/view/MSS_Barb.gr.147,"1) 33r-43v: Aristoteles, 384-322 a.C. Opere spurie e dubbie Ἀριστοτέλους. περὶ ζώων· ἰδιότητος: γ̅."
Borgh.170,8.5,1,inedita,1,https://digi.vatlib.it/mss/detail/Borgh.170,https://digi.vatlib.it/view/MSS_Borgh.170,"1) 37v-38v: Philippus Tripolitanus, f. 1243 Epistula nuncupatoria ad Guidonem de Valencia, praemissa versioni latinae Libri de regimine dominorum, pseudo-Aristotele auctore."
Cappon.101,8.5,1,inedita,1,https://digi.vatlib.it/mss/detail/Cappon.101,https://digi.vatlib.it/view/MSS_Cappon.101,"1) 1r-36r: Biondi, Giuseppe, S.I., 1537-1598 <Morte di Troilo Savelli>"
Arch.Cap.S.Pietro.A.26,8.5,1,rasura,1,https://digi.vatlib.it/mss/detail/Arch.Cap.S.Pietro.A.26,https://digi.vatlib.it/view/MSS_Arch.Cap.S.Pietro.A.26,"1) Decretum (Gratianus, sec. XII) Sec. XIII ex."
Arch.Cap.S.Pietro.D.146,8.5,1,rasura,1,https://digi.vatlib.it/mss/detail/Arch.Cap.S.Pietro.D.146,https://digi.vatlib.it/view/MSS_Arch.Cap.S.Pietro.D.146,1) Novum Testamentum Sec. XII in.
Barb.gr.103,8.5,1,rasura,1,https://digi.vatlib.it/mss/detail/Barb.gr.103,https://digi.vatlib.it/view/MSS_Barb.gr.103,1) 116v-117v: Excerpta tria homiletica.
Barb.gr.186,8.5,1,rasura,1,https://digi.vatlib.it/mss/detail/Barb.gr.186,https://digi.vatlib.it/view/MSS_Barb.gr.186,1) sec. XV
Barb.lat.32,8.5,1,rasura,1,https://digi.vatlib.it/mss/detail/Barb.lat.32,https://digi.vatlib.it/view/MSS_Barb.lat.32,"1) 9r, 18v: Ioulianos, Scholastikos, f. 535-555 Epitome novellarum Iustiniani 2) 9r-12v: Cicero, Marcus Tullius, 106-43 a.C. Somnium Scipionis."
Borgh.33,8.5,1,rasura,1,https://digi.vatlib.it/mss/detail/Borgh.33,https://digi.vatlib.it/view/MSS_Borgh.33,1) 123r(2):
Borgh.71,8.5,1,rasura,1,https://digi.vatlib.it/mss/detail/Borgh.71,https://digi.vatlib.it/view/MSS_Borgh.71,"1) 1r-157r: Iohannes Faventinus, m. 1187? Summa decretorum."
Borgh.217,8.5,1,rasura,1,https://digi.vatlib.it/mss/detail/Borgh.217,https://digi.vatlib.it/view/MSS_Borgh.217,"1) 1r-232v: Guibertus Tornacensis,‏ ‎‏ O.F.M., m. 1284‏ Sermones ad status diversos."
Borgh.291,8.5,1,rasura,1,https://digi.vatlib.it/mss/detail/Borgh.291,https://digi.vatlib.it/view/MSS_Borgh.291,"1) 1r-59v: Guido de Cumis, f. 1234-1263 Incerti auctoris Casus Institutionum."
Borgh.331,8.5,1,rasura,1,https://digi.vatlib.it/mss/detail/Borgh.331,https://digi.vatlib.it/view/MSS_Borgh.331,1) 516v:
Capp.Giulia.IV.33,8.5,1,rasura,1,https://digi.vatlib.it/mss/detail/Capp.Giulia.IV.33,https://digi.vatlib.it/view/MSS_Capp.Giulia.IV.33,"1) Gino Angelo Capponi, Magnificat a nove voci, concertato. sec. XVIII med."
Ott.gr.86,8.5,1,rasura,1,https://digi.vatlib.it/mss/detail/Ott.gr.86,https://digi.vatlib.it/view/MSS_Ott.gr.86,1) sec. X/XI
Ott.gr.298,8.5,1,rasura,1,https://digi.vatlib.it/mss/detail/Ott.gr.298,https://digi.vatlib.it/view/MSS_Ott.gr.298,1) 79v-86v: Incipit Ep.la lACOBI Ap.li.
Ott.gr.381,8.5,1,rasura,1,https://digi.vatlib.it/mss/detail/Ott.gr.381,https://digi.vatlib.it/view/MSS_Ott.gr.381,1) sec. XII ex
Ott.lat.2358,8.5,1,rasura,1,https://digi.vatlib.it/mss/detail/Ott.lat.2358,https://digi.vatlib.it/view/MSS_Ott.lat.2358,"1) Dante Alighieri, Divina Commedia, con commento di Iacopo Della Lana. sec. XIV med."
Pal.lat.1459,8.5,1,rasura,1,https://digi.vatlib.it/mss/detail/Pal.lat.1459,https://digi.vatlib.it/view/MSS_Pal.lat.1459,1) 58v(1):
Pal.lat.1538,8.5,1,rasura,1,https://digi.vatlib.it/mss/detail/Pal.lat.1538,https://digi.vatlib.it/view/MSS_Pal.lat.1538,"1) Seneca, Opere filosofiche. sec. XIV-XV"
Reg.lat.6,8.5,1,rasura,1,https://digi.vatlib.it/mss/detail/Reg.lat.6,https://digi.vatlib.it/view/MSS_Reg.lat.6,1) 1r-2r: Praefatio Iohannis.
Reg.lat.78,8.5,1,rasura,1,https://digi.vatlib.it/mss/detail/Reg.lat.78,https://digi.vatlib.it/view/MSS_Reg.lat.78,"1) Soliloquia animae ad deum, falso s. Augustino adscripta. sec. XV"
Reg.lat.86,8.5,1,rasura,1,https://digi.vatlib.it/mss/detail/Reg.lat.86,https://digi.vatlib.it/view/MSS_Reg.lat.86,1) Enchiridion quoddam de diversis. sec. XV
Reg.lat.188,8.5,1,rasura,1,https://digi.vatlib.it/mss/detail/Reg.lat.188,https://digi.vatlib.it/view/MSS_Reg.lat.188,"1) 1r: Quattuor hymni ad diurnas horas Quadragesimae,"
Reg.lat.831,8.5,1,rasura,1,https://digi.vatlib.it/mss/detail/Reg.lat.831,https://digi.vatlib.it/view/MSS_Reg.lat.831,"1) Marcus Iunianus Iustinus, Historiae Philippicae. sec. XV"
Urb.lat.356,8.5,1,rasura,1,https://digi.vatlib.it/mss/detail/Urb.lat.356,https://digi.vatlib.it/view/MSS_Urb.lat.356,"1) Seneca, Tragoediae. sec. XIV ex."
Urb.lat.1146,8.5,1,rasura,1,https://digi.vatlib.it/mss/detail/Urb.lat.1146,https://digi.vatlib.it/view/MSS_Urb.lat.1146,"1) Apicius, De re coquinaria. sec. IX med."
Vat.gr.124,8.5,1,rasura,1,https://digi.vatlib.it/mss/detail/Vat.gr.124,https://digi.vatlib.it/view/MSS_Vat.gr.124,1) Polybii historiarum. sec. X ex
Vat.gr.1754,8.5,1,rasura,1,https://digi.vatlib.it/mss/detail/Vat.gr.1754,https://digi.vatlib.it/view/MSS_Vat.gr.1754,"1) 23r-177r: Iohannes Climacus, s., c. 525-c. 606 Scala Paradisi"
Vat.lat.268,8.5,1,rasura,1,https://digi.vatlib.it/mss/detail/Vat.lat.268,https://digi.vatlib.it/view/MSS_Vat.lat.268,1) sec. XII in.
Vat.lat.575,8.5,1,rasura,1,https://digi.vatlib.it/mss/detail/Vat.lat.575,https://digi.vatlib.it/view/MSS_Vat.lat.575,"1) 3r-216v: Gregorius PP. I, Magnus, s., c. 540-604 Moralium in lob libri XI-XXVI."
Vat.lat.1382,8.5,1,rasura,1,https://digi.vatlib.it/mss/detail/Vat.lat.1382,https://digi.vatlib.it/view/MSS_Vat.lat.1382,1) 289v:
Vat.lat.1395,8.5,1,rasura,1,https://digi.vatlib.it/mss/detail/Vat.lat.1395,https://digi.vatlib.it/view/MSS_Vat.lat.1395,1) Ir(2):
Vat.lat.1439,8.5,1,rasura,1,https://digi.vatlib.it/mss/detail/Vat.lat.1439,https://digi.vatlib.it/view/MSS_Vat.lat.1439,1) 224v(2): Fragmentum iuridicum de emphyteusi.
Vat.lat.1446,8.5,1,rasura,1,https://digi.vatlib.it/mss/detail/Vat.lat.1446,https://digi.vatlib.it/view/MSS_Vat.lat.1446,1) 325v:
Vat.lat.1612,8.5,1,rasura,1,https://digi.vatlib.it/mss/detail/Vat.lat.1612,https://digi.vatlib.it/view/MSS_Vat.lat.1612,1) 78r(2):
Vat.lat.2880,8.5,1,rasura,1,https://digi.vatlib.it/mss/detail/Vat.lat.2880,https://digi.vatlib.it/view/MSS_Vat.lat.2880,"1) 21v-24r: Cicero, Marcus Tullius, 106-43 a.C. Paradoxa stoicorum."
Vat.lat.3255,8.5,1,rasura,1,https://digi.vatlib.it/mss/detail/Vat.lat.3255,https://digi.vatlib.it/view/MSS_Vat.lat.3255,"1) Vergilius, Georgica; Appendix Vergiliana. sec. XV ex."
Barb.lat.4157,7.5,1,anonimo,1,https://digi.vatlib.it/mss/detail/Barb.lat.4157,https://digi.vatlib.it/view/MSS_Barb.lat.4157,1) 103r-108v: Duetto anonimo . 2) 109r-114v: Duetto anonimo .
Barb.lat.4168,7.5,1,anonimo,1,https://digi.vatlib.it/mss/detail/Barb.lat.4168,https://digi.vatlib.it/view/MSS_Barb.lat.4168,1) 93r-95r: Duetto anonimo .
Barb.lat.4170,7.5,1,anonimo,1,https://digi.vatlib.it/mss/detail/Barb.lat.4170,https://digi.vatlib.it/view/MSS_Barb.lat.4170,1) 65r-74r: Duetto da Il Vespasiano. 2) 89r-92r: Duetto da Il Vespasiano.
Barb.lat.4184,7.5,1,anonimo,1,https://digi.vatlib.it/mss/detail/Barb.lat.4184,https://digi.vatlib.it/view/MSS_Barb.lat.4184,Low Quality 1) 116v-119v: Mottetto anonimo . 2) 131v-134r: Salmo anonimo . 3) 134r-136v: Responsorio anonimo . 4) 139v-141r: Responsorio anonimo .
Barb.lat.4288,7.5,1,anonimo,1,https://digi.vatlib.it/mss/detail/Barb.lat.4288,https://digi.vatlib.it/view/MSS_Barb.lat.4288,1) 6v-8r: Lo mio dolce signore spesso mi dice. 2) 10v-11r: Allegrezza d'amore. 3) 13v-14r: La verginella sposat'a Dio. 4) 14v-15r: Gesù dolce.
Barb.lat.4289,7.5,1,anonimo,1,https://digi.vatlib.it/mss/detail/Barb.lat.4289,https://digi.vatlib.it/view/MSS_Barb.lat.4289,1) 4v-5r: Terzetto anonimo e devozionale.
Borg.lat.25,7.5,1,anonimo,1,https://digi.vatlib.it/mss/detail/Borg.lat.25,https://digi.vatlib.it/view/MSS_Borg.lat.25,Low Quality 1) 1r-43r: Apologia adversus scripta Regentis [Ioannis Francisci] de Ponte.
Borg.lat.397,7.5,1,anonimo,1,https://digi.vatlib.it/mss/detail/Borg.lat.397,https://digi.vatlib.it/view/MSS_Borg.lat.397,Low Quality 1) 1r-48v: Diversi modi di difendere i Stati
Capp.Sist.72,7.5,1,anonimo,1,https://digi.vatlib.it/mss/detail/Capp.Sist.72,https://digi.vatlib.it/view/MSS_Capp.Sist.72,Low Quality 1) Libro corale con dodici mottetti. sec. XVI ex.
Cappon.250,7.5,1,anonimo,1,https://digi.vatlib.it/mss/detail/Cappon.250,https://digi.vatlib.it/view/MSS_Cappon.250,1) 1r-65v: Vita de beato Iohanne Bactista
Cappon.281.pt.2,7.5,1,anonimo,1,https://digi.vatlib.it/mss/detail/Cappon.281.pt.2,https://digi.vatlib.it/view/MSS_Cappon.281.pt.2,1) f. 313r: <Biglietto anonimo >
Chig.Q.IV.8,7.5,1,anonimo,1,https://digi.vatlib.it/mss/detail/Chig.Q.IV.8,https://digi.vatlib.it/view/MSS_Chig.Q.IV.8,"1) Orazio Michi, Luigi Rossi, Anonimo , Raccolta di arie. sec. XVII 2) 7v-14v: Michi, Orazio, c. 1595-1641. Opere spurie e dubbie"
Chig.Q.IV.12,7.5,1,anonimo,1,https://digi.vatlib.it/mss/detail/Chig.Q.IV.12,https://digi.vatlib.it/view/MSS_Chig.Q.IV.12,"1) 1r-10v: Stradella, Alessandro, 1645-1682. Opere spurie e dubbie 2) 135r-150r: Agostini, Pietro Simone, c. 1635-1680. Opere spurie e dubbie"
Chig.Q.IV.19,7.5,1,anonimo,1,https://digi.vatlib.it/mss/detail/Chig.Q.IV.19,https://digi.vatlib.it/view/MSS_Chig.Q.IV.19,"1) Thomás Luis de Victoria, Anonimo , Hymni. sec. XVII"
Chig.Q.IV.24,7.5,1,anonimo,1,https://digi.vatlib.it/mss/detail/Chig.Q.IV.24,https://digi.vatlib.it/view/MSS_Chig.Q.IV.24,"1) Anonimo , Girolamo Frescobaldi, Pierre La Barre, Raccolta quarantuno brani per organo. sec. XVII"
Chig.Q.IV.27,7.5,1,anonimo,1,https://digi.vatlib.it/mss/detail/Chig.Q.IV.27,https://digi.vatlib.it/view/MSS_Chig.Q.IV.27,"1) Girolamo Frescobaldi, Ercole Pasquini, Anonimo , Raccolta di pezzi per organo o tastiera. sec. XVII"
Chig.Q.V.73,7.5,1,anonimo,1,https://digi.vatlib.it/mss/detail/Chig.Q.V.73,https://digi.vatlib.it/view/MSS_Chig.Q.V.73,1) 1r-175r: Il Tolomeo.
Chig.Q.VIII.188,7.5,1,anonimo,1,https://digi.vatlib.it/mss/detail/Chig.Q.VIII.188,https://digi.vatlib.it/view/MSS_Chig.Q.VIII.188,Low Quality 1) 48v-51r: Oratorio anonimo .
Chig.Q.VIII.205,7.5,1,anonimo,1,https://digi.vatlib.it/mss/detail/Chig.Q.VIII.205,https://digi.vatlib.it/view/MSS_Chig.Q.VIII.205,"Low Quality 1) Anonimo , Girolamo Frescobaldi, Raccolta di brani per tastiera e arie. sec. XVII-XIX"
Ott.lat.1677,7.5,1,anonimo,1,https://digi.vatlib.it/mss/detail/Ott.lat.1677,https://digi.vatlib.it/view/MSS_Ott.lat.1677,1) 255r-v: Versi di anonimo sulla caducità dei beni terreni.
Ott.lat.1752,7.5,1,anonimo,1,https://digi.vatlib.it/mss/detail/Ott.lat.1752,https://digi.vatlib.it/view/MSS_Ott.lat.1752,1) 186r-187r: De somno et morte Himerae
Ott.lat.1990,7.5,1,anonimo,1,https://digi.vatlib.it/mss/detail/Ott.lat.1990,https://digi.vatlib.it/view/MSS_Ott.lat.1990,1) Ir(2): Epigramma di anonimo .
Ott.lat.1995,7.5,1,anonimo,1,https://digi.vatlib.it/mss/detail/Ott.lat.1995,https://digi.vatlib.it/view/MSS_Ott.lat.1995,1) 157v:
Ott.lat.2034,7.5,1,anonimo,1,https://digi.vatlib.it/mss/detail/Ott.lat.2034,https://digi.vatlib.it/view/MSS_Ott.lat.2034,1) IIr: Epigramma di anonimo .
Ott.lat.2126,7.5,1,anonimo,1,https://digi.vatlib.it/mss/detail/Ott.lat.2126,https://digi.vatlib.it/view/MSS_Ott.lat.2126,1) 157v-158v: 2) 159r:
Ott.lat.2144,7.5,1,anonimo,1,https://digi.vatlib.it/mss/detail/Ott.lat.2144,https://digi.vatlib.it/view/MSS_Ott.lat.2144,1) 138v:
Ott.lat.2204,7.5,1,anonimo,1,https://digi.vatlib.it/mss/detail/Ott.lat.2204,https://digi.vatlib.it/view/MSS_Ott.lat.2204,"1) 1r-26r: Tiepolo, Antonio, 1526-1582 Relazione dell'Impero ottomano [...] letta in Senato il 9 giugno 1576."
Ott.lat.2246,7.5,1,anonimo,1,https://digi.vatlib.it/mss/detail/Ott.lat.2246,https://digi.vatlib.it/view/MSS_Ott.lat.2246,"1) 140r-146r: Lettera di anonimo , con notizie su Alfonso VI di Portogallo, deposto dal trono l'anno precedente."
Reg.lat.352,7.5,1,anonimo,1,https://digi.vatlib.it/mss/detail/Reg.lat.352,https://digi.vatlib.it/view/MSS_Reg.lat.352,1) 95r-99r: Dramma anonimo sulla passione di Gesù Cristo. 2) 102r-104v: Dramma anonimo sulla passione di Gesù Cristo.
Reg.lat.838,7.5,1,anonimo,1,https://digi.vatlib.it/mss/detail/Reg.lat.838,https://digi.vatlib.it/view/MSS_Reg.lat.838,1) 86r-v: Horologium. 2) 86v-87v: Liber de computo.
Reg.lat.850,7.5,1,anonimo,1,https://digi.vatlib.it/mss/detail/Reg.lat.850,https://digi.vatlib.it/view/MSS_Reg.lat.850,1) 262bis-341r: Tractatus iuridico politicus de advocatis.
Reg.lat.1007,7.5,1,anonimo,1,https://digi.vatlib.it/mss/detail/Reg.lat.1007,https://digi.vatlib.it/view/MSS_Reg.lat.1007,1) 68r: Voces tam avium quam brutorum animalium declarantes.
Reg.lat.1072,7.5,1,anonimo,1,https://digi.vatlib.it/mss/detail/Reg.lat.1072,https://digi.vatlib.it/view/MSS_Reg.lat.1072,"1) 1r-62r: Bartholomaeus Anglicus, O.F.M., sec. XIII Tractatus de mineralibus, de arboribus, fructibus, herbis, avibus."
Reg.lat.1100,7.5,1,anonimo,1,https://digi.vatlib.it/mss/detail/Reg.lat.1100,https://digi.vatlib.it/view/MSS_Reg.lat.1100,1) 1r-80v: De febribus.
Barb.gr.84,7.5,1,anonymus,1,https://digi.vatlib.it/mss/detail/Barb.gr.84,https://digi.vatlib.it/view/MSS_Barb.gr.84,"1) p. 96-111: Georgius Trapezuntius, 1395-1486 Epistolae aliquot clarorum virorum."
Borg.lat.82,7.5,1,anonymus,1,https://digi.vatlib.it/mss/detail/Borg.lat.82,https://digi.vatlib.it/view/MSS_Borg.lat.82,"1) 1r-108r: Tractatus anonymus , per modum interrogationum et responsionum"
Borgh.96,7.5,1,anonymus,1,https://digi.vatlib.it/mss/detail/Borgh.96,https://digi.vatlib.it/view/MSS_Borgh.96,1) 348r-v: Sermo anonymus imperfectus
Capp.Sist.14,7.5,1,anonymus,1,https://digi.vatlib.it/mss/detail/Capp.Sist.14,https://digi.vatlib.it/view/MSS_Capp.Sist.14,1) Libro corale con messe sec. XV med.
Ott.gr.131,7.5,1,anonymus,1,https://digi.vatlib.it/mss/detail/Ott.gr.131,https://digi.vatlib.it/view/MSS_Ott.gr.131,1) sec. XVII
Ott.gr.154,7.5,1,anonymus,1,https://digi.vatlib.it/mss/detail/Ott.gr.154,https://digi.vatlib.it/view/MSS_Ott.gr.154,1) sec. XV/XVI
Ott.gr.356,7.5,1,anonymus,1,https://digi.vatlib.it/mss/detail/Ott.gr.356,https://digi.vatlib.it/view/MSS_Ott.gr.356,1) sec. XVI
Ott.lat.800,7.5,1,anonymus,1,https://digi.vatlib.it/mss/detail/Ott.lat.800,https://digi.vatlib.it/view/MSS_Ott.lat.800,"1) 230r-248v: Calderini, Giovanni, m. 1365 De ecclesiastico interdicto"
Reg.lat.424,7.5,1,anonymus,1,https://digi.vatlib.it/mss/detail/Reg.lat.424,https://digi.vatlib.it/view/MSS_Reg.lat.424,1) 136r-v: Tractatus De Sacra Scriptura.
Reg.lat.1059,7.5,1,anonymus,1,https://digi.vatlib.it/mss/detail/Reg.lat.1059,https://digi.vatlib.it/view/MSS_Reg.lat.1059,"1) Dionysius de Burgo Sancti Sepulcri, In Valerium Maximum; Guilelmus de Occam, Disputatio inter clericum et militem; Anonymus , Disputatio inter clericum et militem. sec. XIV"
Reg.lat.1147,7.5,1,anonymus,1,https://digi.vatlib.it/mss/detail/Reg.lat.1147,https://digi.vatlib.it/view/MSS_Reg.lat.1147,"1) Anonymus , Varia chimica; Odo episcopus, Parabolae; Anonymus , De Zodiaco et signis. sec. XIV ex. XV in."
Reg.lat.1191,7.5,1,anonymus,1,https://digi.vatlib.it/mss/detail/Reg.lat.1191,https://digi.vatlib.it/view/MSS_Reg.lat.1191,"1) Anonymus , Arithmetica; Aegidius de Lacinis, Tractatus de tempore III. sec. XIII ex."
Reg.lat.1193,7.5,1,anonymus,1,https://digi.vatlib.it/mss/detail/Reg.lat.1193,https://digi.vatlib.it/view/MSS_Reg.lat.1193,"1) Anonymus , Geographia et Sphaera sec. XVII in."
Reg.lat.1324,7.5,1,anonymus,1,https://digi.vatlib.it/mss/detail/Reg.lat.1324,https://digi.vatlib.it/view/MSS_Reg.lat.1324,1) 21v-22v: Arati ea quae videntur 2) 48r-v: Excerptum de astrologia Arati.
Urb.lat.984,7.5,1,anonymus,1,https://digi.vatlib.it/mss/detail/Urb.lat.984,https://digi.vatlib.it/view/MSS_Urb.lat.984,1) 178r-227v: Tractatus de rebus antiquis et situ urbis Romae.
Urb.lat.1358,7.5,1,anonymus,1,https://digi.vatlib.it/mss/detail/Urb.lat.1358,https://digi.vatlib.it/view/MSS_Urb.lat.1358,1) 163v-166r: De astrologia.
Vat.ar.145,7.5,1,anonymus,1,https://digi.vatlib.it/mss/detail/Vat.ar.145,https://digi.vatlib.it/view/MSS_Vat.ar.145,Low Quality 1) 160r-161r:
Vat.ar.460,7.5,1,anonymus,1,https://digi.vatlib.it/mss/detail/Vat.ar.460,https://digi.vatlib.it/view/MSS_Vat.ar.460,Low Quality 1) 23v-24v: 2) 26v-30v: 3) 37r-42v:
Vat.gr.633,7.5,1,anonymus,1,https://digi.vatlib.it/mss/detail/Vat.gr.633,https://digi.vatlib.it/view/MSS_Vat.gr.633,1) 64r-72r: Tractatus anonymus cum locis maxime ex Iohannis Chrysostomi operibus
Vat.lat.634,7.5,1,anonymus,1,https://digi.vatlib.it/mss/detail/Vat.lat.634,https://digi.vatlib.it/view/MSS_Vat.lat.634,1) 49r: Sermo anonymus . 2) 68r-v: Sermo anonymus de tempore in dominica in palmis.
Vat.lat.793,7.5,1,anonymus,1,https://digi.vatlib.it/mss/detail/Vat.lat.793,https://digi.vatlib.it/view/MSS_Vat.lat.793,1) 73r-75r: Expositio missae.
Vat.lat.2154,7.5,1,anonymus,1,https://digi.vatlib.it/mss/detail/Vat.lat.2154,https://digi.vatlib.it/view/MSS_Vat.lat.2154,1) 29v-34v: Tractatus anonymus de Insolubilibus cum opinionibus Gulielmi Hentisbury [Heytesbury] Richardi Swinshead et aliorum philosophorum
Vat.lat.3715,7.5,1,anonymus,1,https://digi.vatlib.it/mss/detail/Vat.lat.3715,https://digi.vatlib.it/view/MSS_Vat.lat.3715,"1) p. 1-4: De gradibus cognationum, Regiones seu Curiosum urbis Romae, De rebus bellicis (estratti) 2) p. 56-64: De rebus bellicis"
Vat.lat.5331,7.5,1,anonymus,1,https://digi.vatlib.it/mss/detail/Vat.lat.5331,https://digi.vatlib.it/view/MSS_Vat.lat.5331,1) 80r: Carmen quod anonymus quidam scriba scripsit in fine operis Jordani Ruffi de medicina equorum.
Barb.lat.4138,7.5,1,attribuzione,1,https://digi.vatlib.it/mss/detail/Barb.lat.4138,https://digi.vatlib.it/view/MSS_Barb.lat.4138,"1) 1r-4r: Bononcini, Giovanni, 1670-1747"
Barb.lat.4152,7.5,1,attribuzione,1,https://digi.vatlib.it/mss/detail/Barb.lat.4152,https://digi.vatlib.it/view/MSS_Barb.lat.4152,"1) 27r-30r: De Luca, Severo, sec. XVII. Opere spurie e dubbie"
Barb.lat.4158,7.5,1,attribuzione,1,https://digi.vatlib.it/mss/detail/Barb.lat.4158,https://digi.vatlib.it/view/MSS_Barb.lat.4158,"1) 57r-60v: Ziani, Marc'Antonio, 1653-1715. Opere spurie e dubbie 2) 87r-88v: Amadori, Luca, sec. XVII. Opere spurie e dubbie"
Barb.lat.4159,7.5,1,attribuzione,1,https://digi.vatlib.it/mss/detail/Barb.lat.4159,https://digi.vatlib.it/view/MSS_Barb.lat.4159,"1) 91r-94r: Sabadini, Bernardo, sac., m. 1718. Opere spurie e dubbie 2) 101r-104v: Sabadini, Bernardo, sac., m. 1718. Opere spurie e dubbie"
Barb.lat.4161,7.5,1,attribuzione,1,https://digi.vatlib.it/mss/detail/Barb.lat.4161,https://digi.vatlib.it/view/MSS_Barb.lat.4161,"1) 61r-69v: Bononcini, Giovanni, 1670-1747. Opere spurie e dubbie"
Barb.lat.4164,7.5,1,attribuzione,1,https://digi.vatlib.it/mss/detail/Barb.lat.4164,https://digi.vatlib.it/view/MSS_Barb.lat.4164,"1) 15r-22v: Bononcini, Giovanni, 1670-1747. Opere spurie e dubbie"
Barb.lat.4167,7.5,1,attribuzione,1,https://digi.vatlib.it/mss/detail/Barb.lat.4167,https://digi.vatlib.it/view/MSS_Barb.lat.4167,"1) 23r-26v: Bononcini, Giovanni, 1670-1747. Opere spurie e dubbie"
Barb.lat.4207,7.5,1,attribuzione,1,https://digi.vatlib.it/mss/detail/Barb.lat.4207,https://digi.vatlib.it/view/MSS_Barb.lat.4207,"1) 105r-110r: Cesti, Antonio, 1623-1669. Opere spurie e dubbie"
Barb.lat.4222,7.5,1,attribuzione,1,https://digi.vatlib.it/mss/detail/Barb.lat.4222,https://digi.vatlib.it/view/MSS_Barb.lat.4222,"1) 73v-74v: Pasqualini, Marcantonio, 1614-1691 2) 133r-v: Pasqualini, Marcantonio, 1614-1691"
Barb.lat.4226,7.5,1,attribuzione,1,https://digi.vatlib.it/mss/detail/Barb.lat.4226,https://digi.vatlib.it/view/MSS_Barb.lat.4226,"1) 1r-198v: Bencini, Pietro Paolo, 1670-1755. Opere spurie e dubbie Dagl'Inganni alle nozze, Atto III."
Barb.lat.4374,7.5,1,attribuzione,1,https://digi.vatlib.it/mss/detail/Barb.lat.4374,https://digi.vatlib.it/view/MSS_Barb.lat.4374,"1) 79v-82r: Pasqualini, Marcantonio, 1614-1691. Opere spurie e dubbie"
Capp.Giulia.XII.4,7.5,1,attribuzione,1,https://digi.vatlib.it/mss/detail/Capp.Giulia.XII.4,https://digi.vatlib.it/view/MSS_Capp.Giulia.XII.4,"1) 3v-6r: Sermisy, Claudin de, c. 1490-1562. Opere spurie e dubbie Aspice domine quia facta est"
Capp.Giulia.XIII.27,7.5,1,attribuzione,1,https://digi.vatlib.it/mss/detail/Capp.Giulia.XIII.27,https://digi.vatlib.it/view/MSS_Capp.Giulia.XIII.27,"1) 19v-20r: Mureau, Gilles, c. 1442-1512. Opere spurie e dubbie Je ne fay plus je ne dis ne escrips"
Capp.Sist.24,7.5,1,attribuzione,1,https://digi.vatlib.it/mss/detail/Capp.Sist.24,https://digi.vatlib.it/view/MSS_Capp.Sist.24,"1) 92v-99r: Brunet, Johannes, f. 1510-1530. Opere spurie e dubbie Victime paschali laudes"
Cappon.248,7.5,1,attribuzione,1,https://digi.vatlib.it/mss/detail/Cappon.248,https://digi.vatlib.it/view/MSS_Cappon.248,"1) 1r-76v: Burchiello, 1404-1449 <Sonetti>"
Chig.Q.IV.18,7.5,1,attribuzione,1,https://digi.vatlib.it/mss/detail/Chig.Q.IV.18,https://digi.vatlib.it/view/MSS_Chig.Q.IV.18,"1) 125r-134r: De Santis, Giuseppe, sec. XVII"
Reg.lat.846,7.5,1,attribuzione,1,https://digi.vatlib.it/mss/detail/Reg.lat.846,https://digi.vatlib.it/view/MSS_Reg.lat.846,1) Collectio canonum carolingia. sec. IX in.
Reg.lat.848,7.5,1,attribuzione,1,https://digi.vatlib.it/mss/detail/Reg.lat.848,https://digi.vatlib.it/view/MSS_Reg.lat.848,1) 116v-121r: Gesta Xysti et Polychronii. 2) 121r-126r: Gesta Marcellini.
Reg.lat.865,7.5,1,attribuzione,1,https://digi.vatlib.it/mss/detail/Reg.lat.865,https://digi.vatlib.it/view/MSS_Reg.lat.865,"1) Valerius Maximus, Dicta et facta memorabilia. sec. XV med."
Barb.lat.2310,7.5,1,autografo,1,https://digi.vatlib.it/mss/detail/Barb.lat.2310,https://digi.vatlib.it/view/MSS_Barb.lat.2310,"1) 1r-18r: Ceccarelli, Alfonso, 1532-1583 De origine ac primordiis oppidi de Boschi [Bosco Marengo] et Ill.marum Familiarum de Ghisleriis et de Bonellis"
Barb.lat.4163,7.5,1,autografo,1,https://digi.vatlib.it/mss/detail/Barb.lat.4163,https://digi.vatlib.it/view/MSS_Barb.lat.4163,"1) 85v-90r: Marazzoli, Marco, 1619-1662"
Borg.lat.211,7.5,1,autografo,1,https://digi.vatlib.it/mss/detail/Borg.lat.211,https://digi.vatlib.it/view/MSS_Borg.lat.211,1) 13v-14r: Instrumentum locationis.
Capp.Giulia.II.4,7.5,1,autografo,1,https://digi.vatlib.it/mss/detail/Capp.Giulia.II.4,https://digi.vatlib.it/view/MSS_Capp.Giulia.II.4,"1) Giuseppe Ottavio Pitoni, Raccolta di messe. sec. XVIII/XX"
Capp.Giulia.II.40,7.5,1,autografo,1,https://digi.vatlib.it/mss/detail/Capp.Giulia.II.40,https://digi.vatlib.it/view/MSS_Capp.Giulia.II.40,"Low Quality 1) Giuseppe Ottavio Pitoni, Messa S. Giacomo maggiore, Messa Benedetto papa XIII a 16 voci. sec. XVIII in."
Capp.Giulia.II.72,7.5,1,autografo,1,https://digi.vatlib.it/mss/detail/Capp.Giulia.II.72,https://digi.vatlib.it/view/MSS_Capp.Giulia.II.72,"1) Giuseppe Ottavio Pitoni, Raccolta di inni per le diverse feste dell'anno. sec. XVIII"
Capp.Giulia.III.33,7.5,1,autografo,1,https://digi.vatlib.it/mss/detail/Capp.Giulia.III.33,https://digi.vatlib.it/view/MSS_Capp.Giulia.III.33,"1) Giuseppe Ottavio Pitoni, Raccolta di venti Magnificat. sec. XVIII in."
Capp.Giulia.III.49.pt.1,7.5,1,autografo,1,https://digi.vatlib.it/mss/detail/Capp.Giulia.III.49.pt.1,https://digi.vatlib.it/view/MSS_Capp.Giulia.III.49.pt.1,"1) Giuseppe Ottavio Pitoni, Responsori per il mattutino di Natale. sec. XVII/XVIII"
Capp.Giulia.III.49.pt.2,7.5,1,autografo,1,https://digi.vatlib.it/mss/detail/Capp.Giulia.III.49.pt.2,https://digi.vatlib.it/view/MSS_Capp.Giulia.III.49.pt.2,"1) Giuseppe Ottavio Pitoni, Responsori per il mattutino dei santi Pietro e Paolo. sec. XVIII"
Capp.Giulia.IV.23,7.5,1,autografo,1,https://digi.vatlib.it/mss/detail/Capp.Giulia.IV.23,https://digi.vatlib.it/view/MSS_Capp.Giulia.IV.23,"1) Giovanni Giacomo Branca, Tantum Ergo. sec. XVII ex."
Capp.Giulia.IV.115,7.5,1,autografo,1,https://digi.vatlib.it/mss/detail/Capp.Giulia.IV.115,https://digi.vatlib.it/view/MSS_Capp.Giulia.IV.115,"1) Matteo Simonelli, Ave Maria. sec. XVII ex. 2) 1r-9v: Simonelli, Matteo, 1618-1696 Offertorium Ave Maria."
Capp.Giulia.IV.166,7.5,1,autografo,1,https://digi.vatlib.it/mss/detail/Capp.Giulia.IV.166,https://digi.vatlib.it/view/MSS_Capp.Giulia.IV.166,"1) Lorenzo Perosi, Inno di San Pietro. sec. XX"
Capp.Giulia.V.63,7.5,1,autografo,1,https://digi.vatlib.it/mss/detail/Capp.Giulia.V.63,https://digi.vatlib.it/view/MSS_Capp.Giulia.V.63,"1) Giuseppe Ottavio Pitoni, Messa Psallite Deo nostro a 16 voci. sec. XVII ex."
Capp.Giulia.VII.13.pt.1,7.5,1,autografo,1,https://digi.vatlib.it/mss/detail/Capp.Giulia.VII.13.pt.1,https://digi.vatlib.it/view/MSS_Capp.Giulia.VII.13.pt.1,"1) Pietro Alessandro Guglielmi, Messa in Do maggiore concertata. sec. XIX in."
Capp.Giulia.VII.13.pt.2,7.5,1,autografo,1,https://digi.vatlib.it/mss/detail/Capp.Giulia.VII.13.pt.2,https://digi.vatlib.it/view/MSS_Capp.Giulia.VII.13.pt.2,"1) Pietro Alessandro Guglielmi, Messa in Pastorale. sec. XIX in."
Capp.Giulia.VII.13.pt.3,7.5,1,autografo,1,https://digi.vatlib.it/mss/detail/Capp.Giulia.VII.13.pt.3,https://digi.vatlib.it/view/MSS_Capp.Giulia.VII.13.pt.3,"1) Pietro Alessandro Guglielmi, Messa Solenne. sec. XVIII ex."
Capp.Giulia.XV.71,7.5,1,autografo,1,https://digi.vatlib.it/mss/detail/Capp.Giulia.XV.71,https://digi.vatlib.it/view/MSS_Capp.Giulia.XV.71,"Low Quality 1) Vincenzo Ugolini, Lauda Sion. sec. XVII in. 2) 1r-4v: Ugolini, Vincenzo, c. 1580-1638 Lauda Sion."
Capp.Sist.261,7.5,1,autografo,1,https://digi.vatlib.it/mss/detail/Capp.Sist.261,https://digi.vatlib.it/view/MSS_Capp.Sist.261,"1) Pasquale Pisari, Dixit Dominus. sec. XVIII"
Capp.Sist.262,7.5,1,autografo,1,https://digi.vatlib.it/mss/detail/Capp.Sist.262,https://digi.vatlib.it/view/MSS_Capp.Sist.262,"1) Pasquale Pisari, Beatus vir. sec. XVIII"
Capp.Sist.264,7.5,1,autografo,1,https://digi.vatlib.it/mss/detail/Capp.Sist.264,https://digi.vatlib.it/view/MSS_Capp.Sist.264,"1) Pasquale Pisari, messa. sec. XVIII ex."
Cappon.257,7.5,1,autografo,1,https://digi.vatlib.it/mss/detail/Cappon.257,https://digi.vatlib.it/view/MSS_Cappon.257,"1) <Nicola Pio, Le vite di pittori scultori et architetti> Sec. XVIII in."
Cappon.299,7.5,1,autografo,1,https://digi.vatlib.it/mss/detail/Cappon.299,https://digi.vatlib.it/view/MSS_Cappon.299,"1) Capponi, Alessandro Gregorio, marchese, 1683-1746 <Titolario> Sec. XVIII"
Chig.Q.VIII.182,7.5,1,autografo,1,https://digi.vatlib.it/mss/detail/Chig.Q.VIII.182,https://digi.vatlib.it/view/MSS_Chig.Q.VIII.182,"1) Marco Marazzoli, Il Capriccio. sec. XVII 2) 1r-74r: Marazzoli, Marco, 1619-1662 Il Capriccio."
Chig.Q.VIII.184,7.5,1,autografo,1,https://digi.vatlib.it/mss/detail/Chig.Q.VIII.184,https://digi.vatlib.it/view/MSS_Chig.Q.VIII.184,"1) 1r-254r: Marazzoli, Marco, 1619-1662 L'Armi e gl'Amori."
Chig.Q.VIII.185,7.5,1,autografo,1,https://digi.vatlib.it/mss/detail/Chig.Q.VIII.185,https://digi.vatlib.it/view/MSS_Chig.Q.VIII.185,"1) 1r-14v: Marazzoli, Marco, 1619-1662"
Chig.Q.VIII.187,7.5,1,autografo,1,https://digi.vatlib.it/mss/detail/Chig.Q.VIII.187,https://digi.vatlib.it/view/MSS_Chig.Q.VIII.187,"1) Marco Marazzoli, L'Heresia. sec. XVII 2) 1r-10v: Marazzoli, Marco, 1619-1662 L'Heresia."
Chig.Q.VIII.189,7.5,1,autografo,1,https://digi.vatlib.it/mss/detail/Chig.Q.VIII.189,https://digi.vatlib.it/view/MSS_Chig.Q.VIII.189,"1) Marco Marazzoli, L'Armida. sec. XVII 2) Ir-94r: Marazzoli, Marco, 1619-1662 L'Armida."
Chig.Q.VIII.190,7.5,1,autografo,1,https://digi.vatlib.it/mss/detail/Chig.Q.VIII.190,https://digi.vatlib.it/view/MSS_Chig.Q.VIII.190,"1) 1r-43r: Marazzoli, Marco, 1619-1662 Intermezzo da La Fiera di Farfa."
Chig.Q.VIII.191,7.5,1,autografo,1,https://digi.vatlib.it/mss/detail/Chig.Q.VIII.191,https://digi.vatlib.it/view/MSS_Chig.Q.VIII.191,"1) 1r-36r: Marazzoli, Marco, 1619-1662 Dramma musicale."
Ferr.698,7.5,1,autografo,1,https://digi.vatlib.it/mss/detail/Ferr.698,https://digi.vatlib.it/view/MSS_Ferr.698,1) Sec. XVII <in.>
Pal.gr.232,7.5,1,autografo,1,https://digi.vatlib.it/mss/detail/Pal.gr.232,https://digi.vatlib.it/view/MSS_Pal.gr.232,1) Sec. XIII
Reg.lat.1043,7.5,1,autografo,1,https://digi.vatlib.it/mss/detail/Reg.lat.1043,https://digi.vatlib.it/view/MSS_Reg.lat.1043,1) Collectio Dionysio-Hadriana. sec. IX in.
Arch.Cap.S.Pietro.I.3,7.5,1,minuta,1,https://digi.vatlib.it/mss/detail/Arch.Cap.S.Pietro.I.3,https://digi.vatlib.it/view/MSS_Arch.Cap.S.Pietro.I.3,1) 1r-7r: Lettera e minuta sull'esecuzione di un'enfiteusi di una casa
Barb.lat.2402,7.5,1,minuta,1,https://digi.vatlib.it/mss/detail/Barb.lat.2402,https://digi.vatlib.it/view/MSS_Barb.lat.2402,1) Capita earum rerum quae continentur in minuta Bullae Clementis PP VIII. sec. XVII
Barb.lat.5370,7.5,1,minuta,1,https://digi.vatlib.it/mss/detail/Barb.lat.5370,https://digi.vatlib.it/view/MSS_Barb.lat.5370,"1) 267r-270v: Negoziato a Piacenza col serenissimo [Odoardo Farnese, duca di Parma e Piacenza]."
Barb.lat.9848,7.5,1,minuta,1,https://digi.vatlib.it/mss/detail/Barb.lat.9848,https://digi.vatlib.it/view/MSS_Barb.lat.9848,"1) 6v: Barberini, Francesco, card., 1597-1679 Lettera a Francesco Mancini."
Barb.lat.9860,7.5,1,minuta,1,https://digi.vatlib.it/mss/detail/Barb.lat.9860,https://digi.vatlib.it/view/MSS_Barb.lat.9860,"1) 7r: Barberini, Maffeo, principe di Palestrina, 1631-1685 Lettera a D. Pedro Antonio de Aragón, viceré di Napoli."
Borg.lat.45,7.5,1,minuta,1,https://digi.vatlib.it/mss/detail/Borg.lat.45,https://digi.vatlib.it/view/MSS_Borg.lat.45,"Low Quality 1) 228r-229v: De Gregorio, Emanuele, card., 1758-1839 Lettera al card. Giuseppe Doria Pamphili."
Borg.lat.61,7.5,1,minuta,1,https://digi.vatlib.it/mss/detail/Borg.lat.61,https://digi.vatlib.it/view/MSS_Borg.lat.61,Low Quality 1) 253r: Memoria di incerto presentata alla Congregazione del Concilio.
Cappon.177,7.5,1,minuta,1,https://digi.vatlib.it/mss/detail/Cappon.177,https://digi.vatlib.it/view/MSS_Cappon.177,1) Sec. XIV
Cappon.239,7.5,1,minuta,1,https://digi.vatlib.it/mss/detail/Cappon.239,https://digi.vatlib.it/view/MSS_Cappon.239,"1) 11rv: Clemens PP. VII, 1478-1534 <Lettera a Carlo V.>"
Cappon.272,7.5,1,minuta,1,https://digi.vatlib.it/mss/detail/Cappon.272,https://digi.vatlib.it/view/MSS_Cappon.272,"Low Quality 1) 148r-149r: Capponi, Alessandro Gregorio, marchese, 1683-1746 Minuta di risposta ad Antonio Maria Salvini."
Cappon.273,7.5,1,minuta,1,https://digi.vatlib.it/mss/detail/Cappon.273,https://digi.vatlib.it/view/MSS_Cappon.273,"Low Quality 1) 84r: Capponi, Alessandro Gregorio, marchese, 1683-1746 Minuta di risposta a Giacomo Montesi."
Cappon.283.pt.2,7.5,1,minuta,1,https://digi.vatlib.it/mss/detail/Cappon.283.pt.2,https://digi.vatlib.it/view/MSS_Cappon.283.pt.2,"1) 234rv: Capponi, Alessandro Gregorio, marchese, 1683-1746 <Risposta del marchese Alessandro Gregorio Capponi a Carlo Francesco Zampiccoli>"
Ott.lat.223,7.5,1,minuta,1,https://digi.vatlib.it/mss/detail/Ott.lat.223,https://digi.vatlib.it/view/MSS_Ott.lat.223,"1) 20r: Spinola, Andrea, 1562?-1631 Lettera a mons. Lelini."
Pal.lat.884,7.5,1,minuta,1,https://digi.vatlib.it/mss/detail/Pal.lat.884,https://digi.vatlib.it/view/MSS_Pal.lat.884,1) 232r: Tabula radicum Lunae ab A.D. 1405 usque ad A. 1525
Reg.lat.349,7.5,1,minuta,1,https://digi.vatlib.it/mss/detail/Reg.lat.349,https://digi.vatlib.it/view/MSS_Reg.lat.349,1) Florilegium quoddam Carthusianum et florilegium quoddam Graeco-Latino. sec. XV / XVI
Reg.lat.350,7.5,1,minuta,1,https://digi.vatlib.it/mss/detail/Reg.lat.350,https://digi.vatlib.it/view/MSS_Reg.lat.350,1) Miscellanea. sec. XV med. / XVII
Reg.lat.359,7.5,1,minuta,1,https://digi.vatlib.it/mss/detail/Reg.lat.359,https://digi.vatlib.it/view/MSS_Reg.lat.359,1) Ad officium presbyterorum colendum opuscula duo inperfecta. sec. XIII
Reg.lat.409,7.5,1,minuta,1,https://digi.vatlib.it/mss/detail/Reg.lat.409,https://digi.vatlib.it/view/MSS_Reg.lat.409,1) Guillelmi Peraldi summa quae dicitur de virtutibus. sec. XIII
Reg.lat.410,7.5,1,minuta,1,https://digi.vatlib.it/mss/detail/Reg.lat.410,https://digi.vatlib.it/view/MSS_Reg.lat.410,1) Stephani Gradii Disputatio de opinione probabili cum Honorato Fabri S.I. (qui Lugduni ann. 1670 librum inscriptum Apologeticus doctrinae moralis pervulgaverat). sec. XVII
Reg.lat.429,7.5,1,minuta,1,https://digi.vatlib.it/mss/detail/Reg.lat.429,https://digi.vatlib.it/view/MSS_Reg.lat.429,"1) Liber capituli vel chori ad usum fratrum Minorum, Thomae de Capua Summa dictaminis et Decretalium Gregorii papae IX particulae duae. sec. XIII"
Reg.lat.430,7.5,1,minuta,1,https://digi.vatlib.it/mss/detail/Reg.lat.430,https://digi.vatlib.it/view/MSS_Reg.lat.430,1) 35r-v: Prophecie de aduentu domini nostri yhesu christi per infrascriptas XV[I] Sibillas.
Reg.lat.453,7.5,1,minuta,1,https://digi.vatlib.it/mss/detail/Reg.lat.453,https://digi.vatlib.it/view/MSS_Reg.lat.453,1) Variorum fragmentorum compositio. sec. IX-X/XVI
Reg.lat.471,7.5,1,minuta,1,https://digi.vatlib.it/mss/detail/Reg.lat.471,https://digi.vatlib.it/view/MSS_Reg.lat.471,1) Honori Augustidunensem De imagine mundi et Pauli Orosii Historiae. sec. XII
Reg.lat.1705,7.5,1,minuta,1,https://digi.vatlib.it/mss/detail/Reg.lat.1705,https://digi.vatlib.it/view/MSS_Reg.lat.1705,"1) Servius, Commentarius in Vergilium. sec. XV"
Urb.lat.426,7.5,1,minuta,1,https://digi.vatlib.it/mss/detail/Urb.lat.426,https://digi.vatlib.it/view/MSS_Urb.lat.426,"1) Titus Livius, Ab Urbe condita (Decas IV). sec. XV med."
Urb.lat.427,7.5,1,minuta,1,https://digi.vatlib.it/mss/detail/Urb.lat.427,https://digi.vatlib.it/view/MSS_Urb.lat.427,"1) Curzio Rufo, Historiae Alexandri Magni. sec. XV"
Urb.lat.1629.pt.1,7.5,1,minuta,1,https://digi.vatlib.it/mss/detail/Urb.lat.1629.pt.1,https://digi.vatlib.it/view/MSS_Urb.lat.1629.pt.1,"1) 265v: Gaudenzi, Paganino, 1595-1649 Minuta di risposta a Ottavio Ferrari."
Vat.ar.52,7.5,1,minuta,1,https://digi.vatlib.it/mss/detail/Vat.ar.52,https://digi.vatlib.it/view/MSS_Vat.ar.52,1) Paléographie - Codicologie:
Vat.ar.454,7.5,1,minuta,1,https://digi.vatlib.it/mss/detail/Vat.ar.454,https://digi.vatlib.it/view/MSS_Vat.ar.454,Low Quality 1) 216r-217r:
Vat.gr.303.pt.1,7.5,1,minuta,1,https://digi.vatlib.it/mss/detail/Vat.gr.303.pt.1,https://digi.vatlib.it/view/MSS_Vat.gr.303.pt.1,1) sec. XIV
Vat.gr.303.pt.2,7.5,1,minuta,1,https://digi.vatlib.it/mss/detail/Vat.gr.303.pt.2,https://digi.vatlib.it/view/MSS_Vat.gr.303.pt.2,1) sec. XIV
Vat.gr.303.pt.3,7.5,1,minuta,1,https://digi.vatlib.it/mss/detail/Vat.gr.303.pt.3,https://digi.vatlib.it/view/MSS_Vat.gr.303.pt.3,"1) Theodorus Metochites, m. 1332 sec. XIV"
Vat.lat.182,7.5,1,minuta,1,https://digi.vatlib.it/mss/detail/Vat.lat.182,https://digi.vatlib.it/view/MSS_Vat.lat.182,"1) 68r-72v, 120v-121v, 128v-131v: Tifernas, Lilius, 1417/18-1486 Epistulae Sixto PP IV in libros I-III Philonis De vita Mosis"
Vat.lat.689,7.5,1,minuta,1,https://digi.vatlib.it/mss/detail/Vat.lat.689,https://digi.vatlib.it/view/MSS_Vat.lat.689,1) 96v(2): De peccatis minutis
Vat.lat.5976,7.5,1,minuta,1,https://digi.vatlib.it/mss/detail/Vat.lat.5976,https://digi.vatlib.it/view/MSS_Vat.lat.5976,1) 85r-87v: Papi (1534-1549 : Paulus III) Breve ad Carolum V imperatorem post recessum Spirense. 1544. Altera forma.
Vat.lat.6180,7.5,1,minuta,1,https://digi.vatlib.it/mss/detail/Vat.lat.6180,https://digi.vatlib.it/view/MSS_Vat.lat.6180,"Low Quality 1) 127r-v, 128v: Sirleto, Guglielmo, card., 1514-1585 Lettera al re di Polonia. 2) 129r-v, 130v: Sirleto, Guglielmo, card., 1514-1585 Lettera al card. Radziwill."
Vat.lat.6416,7.5,1,minuta,1,https://digi.vatlib.it/mss/detail/Vat.lat.6416,https://digi.vatlib.it/view/MSS_Vat.lat.6416,"1) 9r: Lettera di incerto a Giuseppe Panfili, vesc. di Segni. 2) 46r: Lettera di incerto al card. di Granvelle. 3) 104r: Sirleto, Guglielmo, card., 1514-1585 Lettera a Murgatto."
Vat.lat.7124,7.5,1,minuta,1,https://digi.vatlib.it/mss/detail/Vat.lat.7124,https://digi.vatlib.it/view/MSS_Vat.lat.7124,"1) 162r-v: Leo PP. X, 1475-1521 Minuta brevis ad locumtenentem legati et ad thesaurarium Marchiae Anconitanae."
Vat.lat.7283,7.5,1,minuta,1,https://digi.vatlib.it/mss/detail/Vat.lat.7283,https://digi.vatlib.it/view/MSS_Vat.lat.7283,"1) 75r-76r: Bruni, Leonardo, 1369-1444 Epistula ad Gerardum Landriani, card. Comensem"
Vat.lat.8328,7.5,1,minuta,1,https://digi.vatlib.it/mss/detail/Vat.lat.8328,https://digi.vatlib.it/view/MSS_Vat.lat.8328,"1) 145r-148v: Trattamento dei cardinali in Madrid secondo quello che fu fatto al card. [Giorgio] Cornaro, giusta la presente minuta relazione nell'anno 1697"
Vat.lat.8338,7.5,1,minuta,1,https://digi.vatlib.it/mss/detail/Vat.lat.8338,https://digi.vatlib.it/view/MSS_Vat.lat.8338,"1) 183v: Boccapaduli, Teodoro, f. 1741-1777 Supplica di Teodoro Boccapaduli al papa Benedetto XIV."
Vat.lat.9194,7.5,1,minuta,1,https://digi.vatlib.it/mss/detail/Vat.lat.9194,https://digi.vatlib.it/view/MSS_Vat.lat.9194,"1) 256v: Monacelli, Agostino, sec. XVIII Supplica inviata probabilmente al card. Leonardo Antonelli."
Vat.lat.9684,7.5,1,minuta,1,https://digi.vatlib.it/mss/detail/Vat.lat.9684,https://digi.vatlib.it/view/MSS_Vat.lat.9684,"Low Quality 1) 153r: Cancellieri, Francesco, 1751-1826 Lettera a Domenico Morosini."
Vat.lat.9895,7.5,1,minuta,1,https://digi.vatlib.it/mss/detail/Vat.lat.9895,https://digi.vatlib.it/view/MSS_Vat.lat.9895,"1) 143r-144v: Barberini, Francesco, card., 1597-1679 Lettera agli Uditori della S. Romana Rota."
Vat.lat.10005.pt.2,7.5,1,minuta,1,https://digi.vatlib.it/mss/detail/Vat.lat.10005.pt.2,https://digi.vatlib.it/view/MSS_Vat.lat.10005.pt.2,"1) 414r-415v: Calogerà, Angelo, O.S.B.Cam., 1699-1768 Lettera ad incerto."
Vat.lat.10018,7.5,1,minuta,1,https://digi.vatlib.it/mss/detail/Vat.lat.10018,https://digi.vatlib.it/view/MSS_Vat.lat.10018,"1) 10r-13r, 306r: Contratto stipulato tra il conte Giovanni Maria Mazzucchelli e Antonio Zatta, riguardante l'edizione del Museum Mazzuchellianum."
Vat.lat.10025.pt.2,7.5,1,minuta,1,https://digi.vatlib.it/mss/detail/Vat.lat.10025.pt.2,https://digi.vatlib.it/view/MSS_Vat.lat.10025.pt.2,"1) 304r: Rodella, Giovanni Battista, sac., 1724-1794 Lettera a Giovanni Battista Guadagnini."
Vat.lat.10129,7.5,1,minuta,1,https://digi.vatlib.it/mss/detail/Vat.lat.10129,https://digi.vatlib.it/view/MSS_Vat.lat.10129,"1) 21r: Mattei, Gaspare, card., 1598-1650 Lettera a Giovanni Casimiro, card. di Polonia."
Vat.lat.10150,7.5,1,minuta,1,https://digi.vatlib.it/mss/detail/Vat.lat.10150,https://digi.vatlib.it/view/MSS_Vat.lat.10150,"1) 142r, 147v: Marietti, Pietro, f. 1870 Lettera a Pietro Antonio Uccelli."
Vat.lat.12895,7.5,1,minuta,1,https://digi.vatlib.it/mss/detail/Vat.lat.12895,https://digi.vatlib.it/view/MSS_Vat.lat.12895,"1) 42r-bv: Leopardi, Giacomo, conte, 1798-1837 Lettera ad Angelo Mai."
Vat.lat.14146.pt.A,7.5,1,minuta,1,https://digi.vatlib.it/mss/detail/Vat.lat.14146.pt.A,https://digi.vatlib.it/view/MSS_Vat.lat.14146.pt.A,"1) 75r: Moreni, Domenico, sac., 1763-1835 Lettera al card. Antonio Felice Zondadari."
Vat.lat.14785,7.5,1,minuta,1,https://digi.vatlib.it/mss/detail/Vat.lat.14785,https://digi.vatlib.it/view/MSS_Vat.lat.14785,1) 13r-25v: Messale con sequenze.
Barb.lat.4179,7.5,1,bozza,1,https://digi.vatlib.it/mss/detail/Barb.lat.4179,https://digi.vatlib.it/view/MSS_Barb.lat.4179,"1) 19r-96v: Bencini, Pietro Paolo, 1670-1755 Le Gare festive in applauso alla real casa di Francia."
Barb.lat.4200,7.5,1,bozza,1,https://digi.vatlib.it/mss/detail/Barb.lat.4200,https://digi.vatlib.it/view/MSS_Barb.lat.4200,"1) 185r-186r: Pasqualini, Marcantonio, 1614-1691"
Reg.lat.1133,7.5,1,bozza,1,https://digi.vatlib.it/mss/detail/Reg.lat.1133,https://digi.vatlib.it/view/MSS_Reg.lat.1133,"1) 1r-352v: Boesius, Ioannes, sec. XVI Parangelmaton id est praeceptiones Pharmaceuticae. Liber I, De materia medica."
Vat.lat.9850,7.5,1,bozza,1,https://digi.vatlib.it/mss/detail/Vat.lat.9850,https://digi.vatlib.it/view/MSS_Vat.lat.9850,"1) Thomas Aquinas, s., c. 1225-1274 Opere di san Tommaso d'Aquino. sec. XIII"
Barb.gr.223,7.5,1,cancellato,1,https://digi.vatlib.it/mss/detail/Barb.gr.223,https://digi.vatlib.it/view/MSS_Barb.gr.223,"1) 113r-126v: Aspasius, f. 110 Εὐστρατίου Νικαίας ἐξήγησις εἰς τὸ β´ τῶν ἠθικῶν νικομαχείων Ἀριστοτέλους."
Barb.gr.276,7.5,1,cancellato,1,https://digi.vatlib.it/mss/detail/Barb.gr.276,https://digi.vatlib.it/view/MSS_Barb.gr.276,1) sec. XI
Barb.lat.598,7.5,1,cancellato,1,https://digi.vatlib.it/mss/detail/Barb.lat.598,https://digi.vatlib.it/view/MSS_Barb.lat.598,1) Messale. sec. XV med.
Cappon.183,7.5,1,cancellato,1,https://digi.vatlib.it/mss/detail/Cappon.183,https://digi.vatlib.it/view/MSS_Cappon.183,"1) 1r-2v: Petrarca, Francesco, 1304-1374. Opere spurie e dubbie <Sonetti>"
Urb.lat.349,7.5,1,cancellato,1,https://digi.vatlib.it/mss/detail/Urb.lat.349,https://digi.vatlib.it/view/MSS_Urb.lat.349,"1) Omero, Iliade, nella traduzione di Lorenzo Valla e Francesco Griffolini. sec. XV ex."
Vat.ar.37,7.5,1,cancellato,1,https://digi.vatlib.it/mss/detail/Vat.ar.37,https://digi.vatlib.it/view/MSS_Vat.ar.37,1) Paléographie - Codicologie:
Vat.lat.642,7.5,1,cancellato,1,https://digi.vatlib.it/mss/detail/Vat.lat.642,https://digi.vatlib.it/view/MSS_Vat.lat.642,"1) 97v, 100v:"
Vat.lat.1145,7.5,1,cancellato,1,https://digi.vatlib.it/mss/detail/Vat.lat.1145,https://digi.vatlib.it/view/MSS_Vat.lat.1145,1) Pontificale. sec. XV med.
Vat.lat.9948,7.5,1,cancellato,1,https://digi.vatlib.it/mss/detail/Vat.lat.9948,https://digi.vatlib.it/view/MSS_Vat.lat.9948,"1) 80v: Aretino, Pietro, 1492-1556 Sonetto"
Borg.lat.67,7.0,1,frammento,1,https://digi.vatlib.it/mss/detail/Borg.lat.67,https://digi.vatlib.it/view/MSS_Borg.lat.67,"Low Quality 1) 40r-v: Bonelli, Michele, card., 1541-1598 Lettera a mons. Iacopo Aldobrandini, nunzio apostolico a Napoli. 2) 42r: Paolini, Statilio, m. 1596 Lettera a mons. Iacopo Aldobrandini, nunzio apostolico a Napoli. 3) 159r: Caffarelli Borghese, Scipione, card., 1576-1633 Lettera a mons. Paolo Emilio Filonardi, arciv. di Amalfi, nunzio apostolico a Napoli."
Barb.gr.85,7.0,1,fragmentum,1,https://digi.vatlib.it/mss/detail/Barb.gr.85,https://digi.vatlib.it/view/MSS_Barb.gr.85,"1) 270r-v: Fragmentum de Adami corpore Hierosolymis humato, De Hebraico sermone secundum Origenem, De arcae foederis amplitudine, Scientiarum et artium quarundam inventores. 2) 276r-v: Cassius Dio, c. 155-c. 235 ἐκ τοῦ λζ´ (οῦ supra lineam) τῶν Δίωνος Ῥωμαικῶν· περὶ τοῦ πῶς ἀνετέθησαν αἱ ἑπτὰ ἡμέραι τῆς ἑβδομάδης τοῖς ἑπτὰ πλανήταις. Καὶ τίνες οἱ ἀναθέντες"
Barb.gr.107,7.0,1,fragmentum,1,https://digi.vatlib.it/mss/detail/Barb.gr.107,https://digi.vatlib.it/view/MSS_Barb.gr.107,"1) p. 151-165: Dionysius Byzantius, sec. II Dicaearchi Messeni descriptio Graeciae ad Theophrastum eiusdem de vita Graeciae fragmentum , Δικαιάρχου Μεσσηνίου τῆς Ἑλλάδος ἀναγραφὴ πρὸς Θεόφραστον, Dicaearchi Messenii Graeciae descriptio ad Theophrastum. Eiusdem fragmenta quaedam, Δικαιάρχου Μεσσηνίου ἀναγραφὴ τῆς Ἑλλάδος πρὸς Θεόφραστον, Dicaearchi Messenii descriptio Graeciae ad Theophrastum. 2) p. 204-209: Dicaearchus Messanius, sec. IV/III a.C. Opere spurie e dubbie <Dicaearchi fragmentum 3>."
Barb.gr.154,7.0,1,fragmentum,1,https://digi.vatlib.it/mss/detail/Barb.gr.154,https://digi.vatlib.it/view/MSS_Barb.gr.154,"1) 39r-66v: Gaza, Theodorus, c. 1400-c. 1475 Θεοδώρου γραμματικῆς εἰσαγωγῆς, τῶν εἰς τεσσαρα τὸν πρῶτον (sic). 2) 68r-v: Gaza, Theodorus, c. 1400-c. 1475 πρώτη κλίσις τῶν ἰσοσυλλάβων ὀνομάτων ἀρσενικῶν. 3) 69r-76v: Chrysoloras, Emanuel,‏ 1390-1415 <Manuelis Chrysolorae erotematum> fragmentum . 4) 77r-87r: Chrysoloras, Emanuel,‏ 1390-1415 Grammaticae graecae italico sermone conscriptae fragmentum ."
Barb.gr.200,7.0,1,fragmentum,1,https://digi.vatlib.it/mss/detail/Barb.gr.200,https://digi.vatlib.it/view/MSS_Barb.gr.200,"1) 1r-84v: Arrianus, Flavius, c. 95-c. 175 Arriani de acie instruenda liber ex Graeco conversus a Luca Holstenio, Descriptio aciei quam Arrianus contra Alanos instruxit, Ars instruendi aciem, Ex observatione Gronovii, Militaria ex inscriptionibus."
Barb.lat.415,7.0,1,fragmentum,1,https://digi.vatlib.it/mss/detail/Barb.lat.415,https://digi.vatlib.it/view/MSS_Barb.lat.415,"1) 262r(1): Glossa Ordinaria in prophetas minores. 2) 262r-v: Glossa Ordinaria in Osee. 3) 262vB-263r: Glossa Ordinaria in Micheas. 4) 263rA: Glossa Ordinaria in Nahum. 5) 263v(1): Glossa Ordinaria in Sophoniam. 6) 263v-264r: Glossa Ordinaria in Zachariam. 7) 263vB(1): Hieronymus, s., 342/347-419 Biblia sacra latine. V. T., Aggaeus. Praefatio. 8) 263vB(2): Glossa Ordinaria in Zachariam. 9) 264r(1): Glossa Ordinaria in Malachiam. 10) 368vB: Fragmentum Canon Missae."
Barb.lat.574,7.0,1,fragmentum,1,https://digi.vatlib.it/mss/detail/Barb.lat.574,https://digi.vatlib.it/view/MSS_Barb.lat.574,"1) 1rA (l. 36)-B (l. 16): Gregorius PP. I, Magnus, s., c. 540-604 Epistula IX, 147. 2) 1rA (ll. 2-35): Gregorius PP. I, Magnus, s., c. 540-604 Epistula XI, 18. 3) 1rB (l. 29)-1vA (l. 5): Gregorius PP. I, Magnus, s., c. 540-604 Epistula XI, 27. 4) 1rB (ll. 16-19): Gregorius PP. I, Magnus, s., c. 540-604 Epistula IX, 214. 5) 1rB (ll. 19-28): Gregorius PP. I, Magnus, s., c. 540-604 Epistula X, 21. 6) 1vA (ll. 6-21): Gregorius PP. I, Magnus, s., c. 540-604 Epistula IX, 27."
Borgh.22,7.0,1,fragmentum,1,https://digi.vatlib.it/mss/detail/Borgh.22,https://digi.vatlib.it/view/MSS_Borgh.22,"1) 233v: Albertus Magnus, s., vesc. di Regensburg, c. 1193-1280 <Initium indicis ad partem I Summae theologiae s. Alberti Magni.> 2) Ir: Albertus Magnus, s., vesc. di Regensburg, c. 1193-1280 Fragmenta (2) ex eodem opere, id est pars I Summae Theologiae."
Borgh.54,7.0,1,fragmentum,1,https://digi.vatlib.it/mss/detail/Borgh.54,https://digi.vatlib.it/view/MSS_Borgh.54,"1) 1r-2v: Olivi, Pierre Jean, O.F.M., c. 1248-1298 Sermo de nativitate b. Mariae Virginis, ut videtur. 2) 1r-34v: Olivi, Pierre Jean, O.F.M., c. 1248-1298 Sermones varii saltem ex parte Petro Iohannis Olivi tribuendi. 3) 37r-39v: < Fragmentum de iure canonico.> 4) 39v-41v: < Fragmentum de iure canonico.> 5) 129r-131r: Olivi, Pierre Jean, O.F.M., c. 1248-1298 Tractatus de quantitate. 6) 145r-148v: Expositiones allegoricae in aliquot Genesis capitula."
Borgh.69,7.0,1,fragmentum,1,https://digi.vatlib.it/mss/detail/Borgh.69,https://digi.vatlib.it/view/MSS_Borgh.69,"1) 1r-3v in margg., 4r-7v, 8r-9v, 10r-12v in margg., 13r-14v, 15r-v in margg., 16r-17v, 18r-20v in margg., 21r-24v, 25r-26v in margg., 27r-30v, 31r-33r in margg., partim in marginibus partim foliis intersertis: Clemens PP. VI, 1291-1352 Expositiones in Psalmos. 2) 1r-3v in marginibus: Clemens PP. VI, 1291-1352 Expositiones in Psalmos. 3) 1r-7v, 10r-12v, 15r-v, 18r-20v, 25r-26v, 31r-52v: Expositiones in Psalmos anonymae. 4) 4r-7v in marginibus, 8r-9v, 10r-12v in marginibus, 13r-14v, 15r-v in marginibus, 16r-17v, 18r-20v in marginibus, 21r-24v, 25r-26v in marginibus, 27r-30v, 31r-33r in marginibus: Clemens PP. VI, 1291-1352 Expositiones in Psalmos. 5) 53r-64v: Expositiones in Psalmos anonymae. 6) 65r-175v: Expositiones in Psalmos anonymae. 7) 187r-198v: Olivi, Pierre Jean, O.F.M., c. 1248-1298 Sermones varii saltem ex parte Petro Iohannis Olivi tribuendi."
Borgh.85,7.0,1,fragmentum,1,https://digi.vatlib.it/mss/detail/Borgh.85,https://digi.vatlib.it/view/MSS_Borgh.85,"1) 1r-11v: Olivi, Pierre Jean, O.F.M., c. 1248-1298 In Sententiarum librum II qq. 103-108. 2) 92r-94v: Raimundus Fronsiacus. Opere spurie e dubbie Responsio pro parte communitatis fratrum Minorum ad accusationes contentas in Ubertini de Casali Rotulo ( fragmentum ). 3) 114r-117v: Frati Minori Communitatis fratrum Minorum ad Rotulum Ubertini de Casali Responsio ( fragmentum aliquantum maius priore)."
Borgh.157,7.0,1,fragmentum,1,https://digi.vatlib.it/mss/detail/Borgh.157,https://digi.vatlib.it/view/MSS_Borgh.157,"1) 1r-26v: Clemens PP. VI, 1291-1352 Expositiones in Psalmos. 2) 27r-34v: Clemens PP. VI, 1291-1352 <Expositiones in Psalmos>. 3) 59r-v: Iohannes Garsias Hispanus, vesc. di Sigüenza, f. 1275-1299 Fragmentum ex Iohannis Garciae Hispani Apparatu ad decretales Gregorii PP. X. 4) 60r-v: Iohannes Garsias Hispanus, vesc. di Sigüenza, f. 1275-1299 Fragmentum ex Iohannis Garciae Hispani Apparatu ad decretales Gregorii PP. X."
Borgh.247,7.0,1,fragmentum,1,https://digi.vatlib.it/mss/detail/Borgh.247,https://digi.vatlib.it/view/MSS_Borgh.247,"1) 2r-v: Quaestionis de formalitatibus fragmentum alterum (v. ff. 12v, 1r). 2) 2v: Quaestionis de veritate fragmentum alterum (v. f. 1r-v). 3) 247r-v: Iacobus Metensis, O.P., f. 1295-1309 In Sententiarum lib. II commentarii q. 1 ( fragmentum )."
Vat.lat.2070,7.0,1,rasura,1,https://digi.vatlib.it/mss/detail/Vat.lat.2070,https://digi.vatlib.it/view/MSS_Vat.lat.2070,"1) Aristotelis opera logica quattuor (Topica, Analytica priora, Analytica posteriora et Sophistici elenchis) a Manlio Severino Boethio et Iacobo Venetico in Laitnum sermonem translata, quae Logica nova dicuntur. sec. XIV"
Vat.lat.2103,7.0,1,rasura,1,https://digi.vatlib.it/mss/detail/Vat.lat.2103,https://digi.vatlib.it/view/MSS_Vat.lat.2103,"1) Aristotelis Ethicorum liber et Politica, Leonardi Bruno Aretino interprete. Pseudo-Aristotelis Oeconomicorum lib. I ac III, Leonardo Bruno interprete. Leonardi Bruni Vita Aristotelis. Pseudo-Bernardi Claraevallensis Epistola ad Raymundum. sec. XV"
Vat.lat.2114,7.0,1,rasura,1,https://digi.vatlib.it/mss/detail/Vat.lat.2114,https://digi.vatlib.it/view/MSS_Vat.lat.2114,"1) Aristotelis opera logica sex ac Porphyrii Isagoge Latino sermone translata nec non Anonymi Liber sex principiorum (quae omnia Logica vetus et Logica nova vocabantur), Manlio Severino Boethio, Iacobo Venetico necnon aliis ignotis interpretibus. Euclidis Geometriae fragmentum, in Latinum sermonem ab Adelardo Bathoniense translatum. sec. XIV"
Vat.lat.2907,7.0,1,rasura,1,https://digi.vatlib.it/mss/detail/Vat.lat.2907,https://digi.vatlib.it/view/MSS_Vat.lat.2907,"1) IIr: Iustinianus I, imperatore d'Oriente, 482-565 Pauca Iustiniani Digesti Veteris lib. 17,1,34 in rasura . 2) Ir: Iustinianus I, imperatore d'Oriente, 482-565 Digestum Vetus cum Accursii glossa"
Cappon.60,6.5,1,postille,1,https://digi.vatlib.it/mss/detail/Cappon.60,https://digi.vatlib.it/view/MSS_Cappon.60,"1) Geber, Liber super Almagesti Sec. XV"
Cappon.108,6.5,1,postille,1,https://digi.vatlib.it/mss/detail/Cappon.108,https://digi.vatlib.it/view/MSS_Cappon.108,"1) 246r-247v: Relazione della venuta in Roma della maestà di Carlo III, re delle Due Sicilie"
Cappon.153,6.5,1,postille,1,https://digi.vatlib.it/mss/detail/Cappon.153,https://digi.vatlib.it/view/MSS_Cappon.153,1) Statuta Universitatis mercatorum Bononie Sec. XV
Cappon.175,6.5,1,postille,1,https://digi.vatlib.it/mss/detail/Cappon.175,https://digi.vatlib.it/view/MSS_Cappon.175,"1) <Bernardo Ilicino, Commento sopra i Trionfi di Francesco Petrarca> Sec. XV"
Cappon.178,6.5,1,postille,1,https://digi.vatlib.it/mss/detail/Cappon.178,https://digi.vatlib.it/view/MSS_Cappon.178,"1) Mugnoni, Francesco, 1426/7-1502 <Mugnoni, Francesco, Annali> <XV-XVIII>"
Pal.lat.895,6.5,1,postille,1,https://digi.vatlib.it/mss/detail/Pal.lat.895,https://digi.vatlib.it/view/MSS_Pal.lat.895,"1) Florus, Epitoma de Tito Livio; Titus Livius, Ab Urbe condita (Periochae I-CXLI). sec. XIV ex"
Pal.lat.940,6.5,1,postille,1,https://digi.vatlib.it/mss/detail/Pal.lat.940,https://digi.vatlib.it/view/MSS_Pal.lat.940,1) sec. XIV ex
Urb.lat.681,6.5,1,postille,1,https://digi.vatlib.it/mss/detail/Urb.lat.681,https://digi.vatlib.it/view/MSS_Urb.lat.681,"1) 197r-v: Petrarca, Francesco, 1304-1374 Memoria di Laura."
Vat.lat.51,6.5,1,postille,1,https://digi.vatlib.it/mss/detail/Vat.lat.51,https://digi.vatlib.it/view/MSS_Vat.lat.51,"1) 414v, 415r-437v: S. Ioannis Apocalypsis."
Vat.lat.262,6.5,1,postille,1,https://digi.vatlib.it/mss/detail/Vat.lat.262,https://digi.vatlib.it/view/MSS_Vat.lat.262,1) sec. XV med.
Vat.lat.280,6.5,1,postille,1,https://digi.vatlib.it/mss/detail/Vat.lat.280,https://digi.vatlib.it/view/MSS_Vat.lat.280,1) S. Ambrosii opera complura. sec. XV med.
Vat.lat.286,6.5,1,postille,1,https://digi.vatlib.it/mss/detail/Vat.lat.286,https://digi.vatlib.it/view/MSS_Vat.lat.286,1) S. Ambrosii opera complura sec. IX ex.
Vat.lat.314,6.5,1,postille,1,https://digi.vatlib.it/mss/detail/Vat.lat.314,https://digi.vatlib.it/view/MSS_Vat.lat.314,"1) Didymi Alexandrini, s. Ambrosii et aliorum opera complura. sec. XV med."
Vat.lat.413,6.5,1,postille,1,https://digi.vatlib.it/mss/detail/Vat.lat.413,https://digi.vatlib.it/view/MSS_Vat.lat.413,1) S. Ioannis Chrysostomi opera quattuor in latinum versa Sec. XV med.
Vat.lat.422,6.5,1,postille,1,https://digi.vatlib.it/mss/detail/Vat.lat.422,https://digi.vatlib.it/view/MSS_Vat.lat.422,1) Sec. XII in.
Vat.lat.458,6.5,1,postille,1,https://digi.vatlib.it/mss/detail/Vat.lat.458,https://digi.vatlib.it/view/MSS_Vat.lat.458,1) Sec. XIII-XIV
Vat.lat.475,6.5,1,postille,1,https://digi.vatlib.it/mss/detail/Vat.lat.475,https://digi.vatlib.it/view/MSS_Vat.lat.475,1) S. Augustini sermones Sec. XII med.
Vat.lat.526,6.5,1,postille,1,https://digi.vatlib.it/mss/detail/Vat.lat.526,https://digi.vatlib.it/view/MSS_Vat.lat.526,1) sec. XV med.
Vat.lat.528,6.5,1,postille,1,https://digi.vatlib.it/mss/detail/Vat.lat.528,https://digi.vatlib.it/view/MSS_Vat.lat.528,1) sec. XV med.
Vat.lat.713,6.5,1,postille,1,https://digi.vatlib.it/mss/detail/Vat.lat.713,https://digi.vatlib.it/view/MSS_Vat.lat.713,1) 146v: Testis acquisitionum Martini ep. Ulixbonensis.
Vat.lat.745,6.5,1,postille,1,https://digi.vatlib.it/mss/detail/Vat.lat.745,https://digi.vatlib.it/view/MSS_Vat.lat.745,1) Sec. XIV in.
Barb.gr.20,6.5,1,marginalia,1,https://digi.vatlib.it/mss/detail/Barb.gr.20,https://digi.vatlib.it/view/MSS_Barb.gr.20,"1) 23r: Pindarus, 518-438 a.C. <Pindar., Pyth., III, 1-2>."
Reg.lat.268,6.5,1,marginalia,1,https://digi.vatlib.it/mss/detail/Reg.lat.268,https://digi.vatlib.it/view/MSS_Reg.lat.268,"1) 1r-132v: Lactantius Firmianus, Lucius Caecilius, c. 245-c. 323 Divinae institutiones (Lactantius Firmianus, Lucius Caecilius, c. 245-c. 323)"
Reg.lat.814,6.5,1,marginalia,1,https://digi.vatlib.it/mss/detail/Reg.lat.814,https://digi.vatlib.it/view/MSS_Reg.lat.814,"1) Sallustius, Opera. sec. XII"
Reg.lat.980,6.5,1,marginalia,1,https://digi.vatlib.it/mss/detail/Reg.lat.980,https://digi.vatlib.it/view/MSS_Reg.lat.980,1) Miscellanea. sec. IX/XV
Reg.lat.1544,6.5,1,marginalia,1,https://digi.vatlib.it/mss/detail/Reg.lat.1544,https://digi.vatlib.it/view/MSS_Reg.lat.1544,"1) Lucius Annaeus Seneca, Epistulae ad Lucilium (12-82); Lucius Annaeus Seneca, De remediis fortuitorum. sec. XII ex."
Reg.lat.1547,6.5,1,marginalia,1,https://digi.vatlib.it/mss/detail/Reg.lat.1547,https://digi.vatlib.it/view/MSS_Reg.lat.1547,"1) Marcus Tullius Cicero, Rhetorica; Anicius Manlius Torquatus Severinus Boethius, De differentiis topicis (liber IV); Rhetorica ad Herennium; De philosophia. sec. XII"
Urb.lat.1,6.5,1,marginalia,1,https://digi.vatlib.it/mss/detail/Urb.lat.1,https://digi.vatlib.it/view/MSS_Urb.lat.1,1) sec. XV ex.
Vat.ar.55,6.5,1,marginalia,1,https://digi.vatlib.it/mss/detail/Vat.ar.55,https://digi.vatlib.it/view/MSS_Vat.ar.55,Low Quality 1) Paléographie - Codicologie:
Vat.ar.103,6.5,1,marginalia,1,https://digi.vatlib.it/mss/detail/Vat.ar.103,https://digi.vatlib.it/view/MSS_Vat.ar.103,1) Paléographie - Codicologie:
Vat.ar.518,6.5,1,marginalia,1,https://digi.vatlib.it/mss/detail/Vat.ar.518,https://digi.vatlib.it/view/MSS_Vat.ar.518,Low Quality 1) Paléographie - Codicologie:
Vat.gr.1924,6.5,1,marginalia,1,https://digi.vatlib.it/mss/detail/Vat.gr.1924,https://digi.vatlib.it/view/MSS_Vat.gr.1924,"Low Quality 1) S. Thomae Aquinatis Summae theologicae pars prima, interpete Deme­trio Cydonio. sec. XVII"
Vat.gr.1925,6.5,1,marginalia,1,https://digi.vatlib.it/mss/detail/Vat.gr.1925,https://digi.vatlib.it/view/MSS_Vat.gr.1925,"Low Quality 1) S. Thomae Aquinatis Summae theologicae pars prima, interpete Deme­trio Cydonio. sec. XVII"
Vat.ind.75,6.5,1,marginalia,1,https://digi.vatlib.it/mss/detail/Vat.ind.75,https://digi.vatlib.it/view/MSS_Vat.ind.75,1) 10r-27v:
Vat.lat.70,6.5,1,marginalia,1,https://digi.vatlib.it/mss/detail/Vat.lat.70,https://digi.vatlib.it/view/MSS_Vat.lat.70,1) Regum libri I-IV cum glossa ordinaria et glossa interlineari. sec. XIII-XIV
Vat.lat.85,6.5,1,marginalia,1,https://digi.vatlib.it/mss/detail/Vat.lat.85,https://digi.vatlib.it/view/MSS_Vat.lat.85,1) 210r-221r: Scholia marginalia
Vat.lat.567,6.5,1,marginalia,1,https://digi.vatlib.it/mss/detail/Vat.lat.567,https://digi.vatlib.it/view/MSS_Vat.lat.567,1) 53r-66v(2): Glossae et scholia [ambo marginalia ] in categorias decem ex Aristotele decerptas
Barb.lat.3242,6.5,1,ignoto,1,https://digi.vatlib.it/mss/detail/Barb.lat.3242,https://digi.vatlib.it/view/MSS_Barb.lat.3242,Low Quality 1) 332r: Breve relazione inviata da ignoto forse all'abate Ferdinando Ughelli.
Barb.lat.4142,6.5,1,ignoto,1,https://digi.vatlib.it/mss/detail/Barb.lat.4142,https://digi.vatlib.it/view/MSS_Barb.lat.4142,1) 75r-78r: Duetto da Il Mauritio.
Barb.lat.4188,6.5,1,ignoto,1,https://digi.vatlib.it/mss/detail/Barb.lat.4188,https://digi.vatlib.it/view/MSS_Barb.lat.4188,1) 1r-24v: Cantata per oratorio anonima.
Cappon.193,6.5,1,ignoto,1,https://digi.vatlib.it/mss/detail/Cappon.193,https://digi.vatlib.it/view/MSS_Cappon.193,"1) 289r-300r: Ciminelli, Serafino, 1466-1500 Stramoti."
Chig.F.IV.73,6.5,1,ignoto,1,https://digi.vatlib.it/mss/detail/Chig.F.IV.73,https://digi.vatlib.it/view/MSS_Chig.F.IV.73,1) 1r-60v:
Chig.Q.IV.3,6.5,1,ignoto,1,https://digi.vatlib.it/mss/detail/Chig.Q.IV.3,https://digi.vatlib.it/view/MSS_Chig.Q.IV.3,1) 2r: 2) 10r: 3) 16r: 4) 21r: 5) 22v: 6) 25r: 7) 32v: 8) 53r: 9) 55v: 10) 57r: 11) 59v: 12) 61v: 13) 63v: 14) 69r: 15) 73v: 16) 75v: Il prigioniero per debito. 17) 90r: 18) 95r:
Chig.Q.IV.9,6.5,1,ignoto,1,https://digi.vatlib.it/mss/detail/Chig.Q.IV.9,https://digi.vatlib.it/view/MSS_Chig.Q.IV.9,1) Esercizi musicali. sec. XVII
Chig.Q.IV.14,6.5,1,ignoto,1,https://digi.vatlib.it/mss/detail/Chig.Q.IV.14,https://digi.vatlib.it/view/MSS_Chig.Q.IV.14,1) 1r-6r: 2) 15r-18r: 3) 19r-24r: 4) 25r-30r: 5) 31r-34r: 6) 49r-52r: 7) 53r-62r: 8) 63r-66r: 9) 67r-71r: 10) 77r-80r: 11) 81r-86r: 12) 91r-94r: 13) 117r-118r:
Chig.Q.IV.16,6.5,1,ignoto,1,https://digi.vatlib.it/mss/detail/Chig.Q.IV.16,https://digi.vatlib.it/view/MSS_Chig.Q.IV.16,1) 185r-190r:
Chig.Q.IV.17,6.5,1,ignoto,1,https://digi.vatlib.it/mss/detail/Chig.Q.IV.17,https://digi.vatlib.it/view/MSS_Chig.Q.IV.17,1) 127r-130r: 2) 131r-144r: 3) 145r-158v: 4) 173r-175r: 5) 177r-186v:
Chig.Q.IV.46,6.5,1,ignoto,1,https://digi.vatlib.it/mss/detail/Chig.Q.IV.46,https://digi.vatlib.it/view/MSS_Chig.Q.IV.46,1) 5r-8r: 2) 9r-14r: 3) 15r-18r: 4) 19r-24r: 5) 25r-32r: 6) 33r-38r: 7) 39r-44r: 8) 45r-50r: 9) 51r-56r: 10) 65r-69r: 11) 69r-72r: 12) 73r-80r:
Chig.Q.IV.47,6.5,1,ignoto,1,https://digi.vatlib.it/mss/detail/Chig.Q.IV.47,https://digi.vatlib.it/view/MSS_Chig.Q.IV.47,1) 11r-14r: 2) 15r-20r: 3) 21r-24r: 4) 25r-26r: 5) 27r-30r: 6) 31r-34r: 7) 35r-38r: 8) 39r-42r: 9) 53r-56r: 10) 57r-60r: 11) 61r-62r: 12) 65r-68r: 13) 69r-72r: 14) 73r-76r:
Chig.Q.IV.48,6.5,1,ignoto,1,https://digi.vatlib.it/mss/detail/Chig.Q.IV.48,https://digi.vatlib.it/view/MSS_Chig.Q.IV.48,1) 1r-4r: 2) 5r-8r: 3) 21r-24r: 4) 25r-28v: 5) 29r-32r: 6) 37r-40r: 7) 51r-56r:
Chig.Q.IV.49,6.5,1,ignoto,1,https://digi.vatlib.it/mss/detail/Chig.Q.IV.49,https://digi.vatlib.it/view/MSS_Chig.Q.IV.49,1) 1r-4r: 2) 5r-8r: 3) 9r-14r: 4) 15r-16r: 5) 21r-22r:
Chig.Q.V.66,6.5,1,ignoto,1,https://digi.vatlib.it/mss/detail/Chig.Q.V.66,https://digi.vatlib.it/view/MSS_Chig.Q.V.66,1) Ir-255r:
Chig.Q.VI.85,6.5,1,ignoto,1,https://digi.vatlib.it/mss/detail/Chig.Q.VI.85,https://digi.vatlib.it/view/MSS_Chig.Q.VI.85,1) 1r-4r: 2) 4v-8v: 3) 14v-18r: 4) 18v-22r: 5) 23r-25r: 6) 25v-28v: 7) 32r-33r: 8) 37r-38v: 9) 41v-46r: 10) 49r-50v: 11) 52v-61v: 12) 63r-66r: 13) 67r-v: 14) 68r-71r:
Chig.Q.VII.99,6.5,1,ignoto,1,https://digi.vatlib.it/mss/detail/Chig.Q.VII.99,https://digi.vatlib.it/view/MSS_Chig.Q.VII.99,1) 17r-22r: 2) 36v-40r:
Chig.Q.VIII.196,6.5,1,ignoto,1,https://digi.vatlib.it/mss/detail/Chig.Q.VIII.196,https://digi.vatlib.it/view/MSS_Chig.Q.VIII.196,"1) 9r-10r(2): 2) 65r-70r: Introduzione per musica, tempo moderato 3) 71r-72r: 4) 73r-74r: 5) 76r-87r: Quadriglie (12) per pianoforte, di autore ignoto . 6) 88r-92r:"
Chig.Q.VIII.206,6.5,1,ignoto,1,https://digi.vatlib.it/mss/detail/Chig.Q.VIII.206,https://digi.vatlib.it/view/MSS_Chig.Q.VIII.206,1) 137r-138r: 2) 151r-154r: 3) 155r: 4) 181r-183r: 5) 196r-198r: 6) 199r-200r: 7) 201r: 8) 202r: 9) 203r: 10) 204r-208r: 11) 209r-229r:
Reg.lat.1560,6.5,1,ignoto,1,https://digi.vatlib.it/mss/detail/Reg.lat.1560,https://digi.vatlib.it/view/MSS_Reg.lat.1560,"1) 137r-140v: Remigius Autissidorensis, O.S.B., c. 841-908 Commentarius in Catonis Disticha"
Urb.gr.162,6.5,1,ignoto,1,https://digi.vatlib.it/mss/detail/Urb.gr.162,https://digi.vatlib.it/view/MSS_Urb.gr.162,1) sec. XV
Urb.lat.409,6.5,1,ignoto,1,https://digi.vatlib.it/mss/detail/Urb.lat.409,https://digi.vatlib.it/view/MSS_Urb.lat.409,1) 54r-65r: Relazione della santità del B. Carlo Borromeo
Urb.lat.772,6.5,1,ignoto,1,https://digi.vatlib.it/mss/detail/Urb.lat.772,https://digi.vatlib.it/view/MSS_Urb.lat.772,1) 1r-19v: Broccardica d'amore.
Urb.lat.816.pt.2,6.5,1,ignoto,1,https://digi.vatlib.it/mss/detail/Urb.lat.816.pt.2,https://digi.vatlib.it/view/MSS_Urb.lat.816.pt.2,1) 277r-279v: Relacion de lo succedido en la isla de la Tercera des 23 de julio hasta 27 del mismo 1583 ano. Traduzione italiana di ignoto
Urb.lat.817.pt.1,6.5,1,ignoto,1,https://digi.vatlib.it/mss/detail/Urb.lat.817.pt.1,https://digi.vatlib.it/view/MSS_Urb.lat.817.pt.1,"1) 61r-153v: Estienne, Henri, 1531-1598 Il governo di Caterina de' Medici regina di Francia"
Urb.lat.830.pt.2,6.5,1,ignoto,1,https://digi.vatlib.it/mss/detail/Urb.lat.830.pt.2,https://digi.vatlib.it/view/MSS_Urb.lat.830.pt.2,1) 539r-574v: Relazione d'ambasciatore veneto all'Arciduca Carlo.
Urb.lat.861,6.5,1,ignoto,1,https://digi.vatlib.it/mss/detail/Urb.lat.861,https://digi.vatlib.it/view/MSS_Urb.lat.861,"1) 532r-533r: Discorso [d' ignoto cardinale a Carlo Emanuele I] se convenga mandare il Principe cardinale di Savoia [Maurizio] a Roma, an. 1620."
Urb.lat.865,6.5,1,ignoto,1,https://digi.vatlib.it/mss/detail/Urb.lat.865,https://digi.vatlib.it/view/MSS_Urb.lat.865,1) 561r-584r: Istruzione d' ignoto autore a Pietro Caetani nella sua andata in Fiandra 1578-81
Urb.lat.1019,6.5,1,ignoto,1,https://digi.vatlib.it/mss/detail/Urb.lat.1019,https://digi.vatlib.it/view/MSS_Urb.lat.1019,"1) 479r-994r: Vergilio, Polidoro, sac., c. 1470-1555 Dell'Historia d'Inghilterra."
Urb.lat.1062,6.5,1,ignoto,1,https://digi.vatlib.it/mss/detail/Urb.lat.1062,https://digi.vatlib.it/view/MSS_Urb.lat.1062,1) 437r-535r: Notizie date negli Avvisi (luglio-agosto 1594).
Urb.lat.1193,6.5,1,ignoto,1,https://digi.vatlib.it/mss/detail/Urb.lat.1193,https://digi.vatlib.it/view/MSS_Urb.lat.1193,1) 108v(2): Epitaphium in funere Baptistae Sfortiae. 2) 109r: Epitaphium in funere Baptistae Sfortiae. 3) 109r-v: Epitaphium in funere Baptistae Sfortiae.
Urb.lat.1413,6.5,1,ignoto,1,https://digi.vatlib.it/mss/detail/Urb.lat.1413,https://digi.vatlib.it/view/MSS_Urb.lat.1413,"1) 1r-73v: Ruffo, Giordano, sec. XIII Hippiatria."
Urb.lat.1624,6.5,1,ignoto,1,https://digi.vatlib.it/mss/detail/Urb.lat.1624,https://digi.vatlib.it/view/MSS_Urb.lat.1624,Low Quality 1) 225r: Lettera d' ignoto a Paganino Gaudenzi.
Urb.lat.1694,6.5,1,ignoto,1,https://digi.vatlib.it/mss/detail/Urb.lat.1694,https://digi.vatlib.it/view/MSS_Urb.lat.1694,1) 208r-209v: Passio domini ducis Mantuae [Ferdinando Carlo di Gonzaga Nevers]. Secundum meritum.
Urb.lat.1732,6.5,1,ignoto,1,https://digi.vatlib.it/mss/detail/Urb.lat.1732,https://digi.vatlib.it/view/MSS_Urb.lat.1732,1) 27r-33v(1): Capitoli del trattato della pace conclusa il 15 gennaio 1709 tra la S. Sede e l'imperatore Giuseppe I. 2) 106r: Lettera d'incerto ad ignoto .
Vat.estr.or.151,6.5,1,ignoto,1,https://digi.vatlib.it/mss/detail/Vat.estr.or.151,https://digi.vatlib.it/view/MSS_Vat.estr.or.151,"1) San’yū Takashiba, Mappa delle province e dei distretti del Grande Giappone. sec. XIX med."
Vat.gr.1908,6.5,1,ignoto,1,https://digi.vatlib.it/mss/detail/Vat.gr.1908,https://digi.vatlib.it/view/MSS_Vat.gr.1908,1) Codex miscellaneus. sec. XIV
Barb.lat.4172,6.0,1,anonimo,1,https://digi.vatlib.it/mss/detail/Barb.lat.4172,https://digi.vatlib.it/view/MSS_Barb.lat.4172,1) 55v-58r: Duetto da Il Vespasiano. 2) 60v-61v: Duetto da Il Vespasiano. 3) 81r-85r: Duetto da Il Vespasiano. 4) 91r-92v: Duetto da Il Vespasiano. 5) 93r-96r: Duetto da Il Vespasiano.
Barb.lat.4673,6.0,1,anonimo,1,https://digi.vatlib.it/mss/detail/Barb.lat.4673,https://digi.vatlib.it/view/MSS_Barb.lat.4673,"1) 50r-55v: Discorso [di anonimo ] nel quale si dimostra con raggioni efficacissime et essempi della sacra scrittura che la Santità di N. S. Innocenzo X non deve ritardare il corso della giustizia con i Barberini ne temere cosa veruna per la di loro protettione del Re Christianissimo [Luigi XIV, re di Francia] 2) 142r-174r: Lettera di anonimo ad anonimo . 3) 176r-194r: Lettera di anonimo ad anonimo che contiene un giudizio sui cardinali papabili nel conclave che si sarebbe aperto alla morte di Innocenzo X."
Borg.lat.158,6.0,1,anonimo,1,https://digi.vatlib.it/mss/detail/Borg.lat.158,https://digi.vatlib.it/view/MSS_Borg.lat.158,Low Quality 1) 1r-196v: Dissertatio de cultu Sancti Iohannis Sirimensis cognomitati Maronis primi Antiocheni Syro-Maronitarum Patriarchae ad Eminentissimos ac Reverendissimos DD. Cardinales Sacrae Rituum Congregationi praepositos.
Borg.lat.384,6.0,1,anonimo,1,https://digi.vatlib.it/mss/detail/Borg.lat.384,https://digi.vatlib.it/view/MSS_Borg.lat.384,1) 123r: 2) 154r: 3) 154v(2): 4) 154v-155r: 5) 155r(1): Sonetto anonimo . 6) 155r(2): 7) 155r-v: 8) 155v(1): 9) 155v(2): 10) 156r(2): Sonetto anonimo . 11) 156r-v: 12) 156v(2): 13) 157r(1): 14) 157r(2): 15) 157v(1): 16) 157v(2): 17) 158r(2): 18) 158r-v: 19) 158v(1): 20) 158v(2): 21) 159r(1): 22) 159r(2): 23) 159v-160r: 24) 160r(1): 25) 160r(2): 26) 160v(1): 27) 160v(2): Sonetto anonimo .
Cappon.241,6.0,1,anonimo,1,https://digi.vatlib.it/mss/detail/Cappon.241,https://digi.vatlib.it/view/MSS_Cappon.241,"1) < Anonimo Romano, Cronica> Sec. XVII 2) 1r-58v: <Vita di Cola di Rienzo, capitolo 23> 3) 59r-69r: <Capitolo come lo senatore fo allapidato da Romani e delli magnifici fatti li quali fece m. Egidio Conchese de Spagna legato cardinale, per recuperare lo patrimonio, la marcha de Ancona e Romagna> 4) 69v-76r: <Capitolo come fo sconfitto lo principe della Morea a porta de castiello Santo Angelo e como fo trovato Guelfo e gebellino e delle conditioni de Dante e soa vita> 5) 77r-79v: <Capitolo XXIII del quinquagesimo Iubileo in Roma>"
Cappon.242,6.0,1,anonimo,1,https://digi.vatlib.it/mss/detail/Cappon.242,https://digi.vatlib.it/view/MSS_Cappon.242,"1) < Anonimo Romano, Cronica> Sec. XVII 2) 1r-65r: <Vita di Cola di Rienzo> 3) 65r-76r: <Capitolo XXVII come lo senatore allapidato da Romani e delli magnifici fatti li quali fece missere Egidio Conchese de Spagna legato cardinale, per recuperare lo patrimonio, la marca de Ancona et Romagna> 4) 76v-82r: <Capitolo XXIII del quinquagesimo Iubileo in Roma>"
Ott.lat.1893,6.0,1,anonimo,1,https://digi.vatlib.it/mss/detail/Ott.lat.1893,https://digi.vatlib.it/view/MSS_Ott.lat.1893,1) 77r-79v: Orazione di anonimo per la festa dell'Annunciazione della Vergine. 2) 86v: Lettera di anonimo . 3) 86v-87v: Lettera di anonimo . 4) 87v: Lettera di anonimo . 5) 87v-88v: Lettera di anonimo . 6) 88v-89v: Lettera di anonimo .
Ott.lat.2245,6.0,1,anonimo,1,https://digi.vatlib.it/mss/detail/Ott.lat.2245,https://digi.vatlib.it/view/MSS_Ott.lat.2245,"1) 58r-87r: Nani, Battista, 1616-1678 Ragguaglio che fa il Sig. Ambasciatore di Venezia al suo Principe tanto de' suoi viaggi che de trattati della sua ambasciata alla corte christianissima. 2) 88r-120r: Zane, Domenico, m. 1672 Lo stato e le forze fomidabili della gran monarchia di Spagna ridotta al presente quasi miserabile per la cupidigia d'Infedeli Ministri ridotta contro suo genio all'Union di Francia nella congiuntura della Pace de' Pirenei con il maritaggio dell'Infante."
Ott.lat.2813,6.0,1,anonimo,1,https://digi.vatlib.it/mss/detail/Ott.lat.2813,https://digi.vatlib.it/view/MSS_Ott.lat.2813,"1) 10v: Per la troppa sollecita venuta dell'E.mo Bussi [Giovanni Battista], che pretende al papato. 2) 11r: Sonetto di anonimo , contro mons. Guido del Palagio, prefetto dell'Annona, in occasione del conclave da cui uscì eletto Benedetto XIII. 3) 11v: Al Sacro Collegio. 4) 12r: Sonetto di anonimo in occasione del conclave da cui uscì eletto Benedetto XIII. 5) 12v: Sonetto di anonimo in occasione del conclave da cui uscì eletto Benedetto XIII. 6) 31v: Giuramento del card. [Giulio] Alberoni nell'ingresso al conclave. 7) 41v: Sonetto di anonimo in lode di Innocenzo XIII. 8) 42v: Sonetto di anonimo contro il card. Giuseppe Renato Imperiali, in occasione del conclave da cui uscì eletto Benedetto XIII. 9) 44r: In sede vacante doppo la morte di Innocentio XIII esortatione alli rev.mi Sig. cardinali all'entrare in Conclave 10) 44v: Sonetto satirico di anonimo in occasione del conclave da cui uscì eletto Benedetto XIII. 11) 45r(1): Sonetto satirico di anonimo in occasione del conclave da cui..."
Borgh.140,6.0,1,anonymus,1,https://digi.vatlib.it/mss/detail/Borgh.140,https://digi.vatlib.it/view/MSS_Borgh.140,1) 1r-2r: Sermo anonymus . 2) 7v-8v: Sermo anonymus . 3) 9r-10r: Sermo anonymus . 4) 10r-11r: Sermo anonymus . 5) 30r-32r: Sermo anonymus . 6) 45v-47v: Sermo anonymus . 7) 47v-48v: Sermo anonymus . 8) 50bisv-52v: Sermo anonymus . 9) 50v-50bisv: Sermo anonymus . 10) 52v-54v: Sermo anonymus . 11) 57r-58r: Sermo anonymus . 12) 60v-61v: Sermo anonymus . 13) 63r-64r: Sermo anonymus . 14) 64bisv-65r: Sermo anonymus . 15) 64r-64bisv: Sermo anonymus . 16) 65r-66v: Sermo anonymus . 17) 66v-67v: Sermo anonymus . 18) 67v-68v: Sermo anonymus . 19) 68v-70v: Sermo anonymus . 20) 70v-72v: Sermo anonymus . 21) 72v-74r: Sermo anonymus . 22) 76r-78r: Sermo anonymus . 23) 78r-81r: Sermo anonymus .
Borgh.342,6.0,1,anonymus,1,https://digi.vatlib.it/mss/detail/Borgh.342,https://digi.vatlib.it/view/MSS_Borgh.342,"1) 6v-7r: Amandus de Sancto Quintino, O.P., m. c. 1301. Opere spurie e dubbie Sermo anonymus . 2) 7v: Amandus de Sancto Quintino, O.P., m. c. 1301. Opere spurie e dubbie Dominica xxiii 3) 14v-17r: Sermo anonymus de s. Thoma Aquinate."
Vat.ar.107,6.0,1,anonymus,1,https://digi.vatlib.it/mss/detail/Vat.ar.107,https://digi.vatlib.it/view/MSS_Vat.ar.107,"Low Quality 1) 89r-93r: مختصر اصول الذين النصرانية وهم اربعة فصول ""Compendium de fundamentis religionis christianae, sectiones autem sunt quattuor"" 2) 106r-107v: باب يتضمن الرب على من حجب الصلبوت ""Capitulum quod continet responsionem ad eos qui (Iesu Christi) crucifixionem negant"""
Vat.lat.1783,6.0,1,anonymus,1,https://digi.vatlib.it/mss/detail/Vat.lat.1783,https://digi.vatlib.it/view/MSS_Vat.lat.1783,"1) 136v-139r: Excerptum de astrologia Arati. 2) 152v: Schemata ad doctrinas ecclesiasticas pertitentia, ut tractationem scripturarum, catenam peccati, causas remissionis. 3) 154r: Schema de viciis principalibus. 4) 157r: Schemata de temptationibus, de causis pro quibus infirmitate affligimur. 5) 159r: Schema virtutum et vitiorum."
Vat.lat.7563,6.0,1,anonymus,1,https://digi.vatlib.it/mss/detail/Vat.lat.7563,https://digi.vatlib.it/view/MSS_Vat.lat.7563,"Low Quality 1) 73r-76v: Augustinus, s., vesc. d'Ippona, 354-430. Opere spurie e dubbie De desiderio et siti Anime in Deum 2) 76v-78r: Augustinus, s., vesc. d'Ippona, 354-430. Opere spurie e dubbie De confesione [sic] proprie vilitatis 3) 78r-80r: Augustinus, s., vesc. d'Ippona, 354-430. Opere spurie e dubbie Consideratio divine maiestatis 4) 80r-81r: Augustinus, s., vesc. d'Ippona, 354-430 Quod anima fidelis sit santuarium Dei 5) 81r-v: Augustinus, s., vesc. d'Ippona, 354-430. Opere spurie e dubbie De fervore dilectionis vel charitatis 6) 82r-84r: Augustinus, s., vesc. d'Ippona, 354-430. Opere spurie e dubbie De gloria celestis patrie 7) 84v-87r: Augustinus, s., vesc. d'Ippona, 354-430. Opere spurie e dubbie De inefabili dulcedine Dei"
Barb.lat.4140,6.0,1,attribuzione,1,https://digi.vatlib.it/mss/detail/Barb.lat.4140,https://digi.vatlib.it/view/MSS_Barb.lat.4140,"1) 31v-32v: Gabrielli, Domenico, 1659-1690. Opere spurie e dubbie 2) 38r-39r: Gabrielli, Domenico, 1659-1690. Opere spurie e dubbie 3) 39v-40v: Gabrielli, Domenico, 1659-1690. Opere spurie e dubbie"
Barb.lat.4149,6.0,1,attribuzione,1,https://digi.vatlib.it/mss/detail/Barb.lat.4149,https://digi.vatlib.it/view/MSS_Barb.lat.4149,"1) 1r-v: Petti, Paolo, m. 1678. Opere spurie e dubbie 2) 193r-194r: Scarlatti, Alessandro, 1660-1725. Opere spurie e dubbie 3) 195r-196v: Scarlatti, Alessandro, 1660-1725. Opere spurie e dubbie 4) 197r-198v: Scarlatti, Alessandro, 1660-1725. Opere spurie e dubbie 5) 199r-202r: Scarlatti, Alessandro, 1660-1725. Opere spurie e dubbie 6) 215r-216r: Scarlatti, Alessandro, 1660-1725. Opere spurie e dubbie 7) 217r-220v: Scarlatti, Alessandro, 1660-1725. Opere spurie e dubbie 8) 221r-222r: Scarlatti, Alessandro, 1660-1725. Opere spurie e dubbie"
Reg.lat.768,6.0,1,attribuzione,1,https://digi.vatlib.it/mss/detail/Reg.lat.768,https://digi.vatlib.it/view/MSS_Reg.lat.768,"1) 36r-62r: Manetti, Giannozzo, 1396-1459 Iannotii Manetti Florentini praefatio in vita Dantis et Francisci Petrarche et Iohannis Bocacii Florentini feliciter incipit. 2) 210v-213r: Donatus, Aelius, sec. IV Vita Virgilii per Donatum gramaticum composita incipit feliciter."
Barb.lat.1399,6.0,1,autografo,1,https://digi.vatlib.it/mss/detail/Barb.lat.1399,https://digi.vatlib.it/view/MSS_Barb.lat.1399,"1) 152r: Ubaldi, Angelo degli, 1327-1407 Consilium de societate fraterna et de dispositione bonorum societatis. 2) 194v: Ubaldi, Baldo degli, 1327?-1400 Notulae iuris super contentione de potestate."
Capp.Giulia.V.30,6.0,1,autografo,1,https://digi.vatlib.it/mss/detail/Capp.Giulia.V.30,https://digi.vatlib.it/view/MSS_Capp.Giulia.V.30,"1) Alessandro Scarlatti, Mottetto per l'Elevazione. sec. XVIII in. 2) 1r-4v: Scarlatti, Alessandro, 1660-1725 Caro mea. Mottetto per l’elevazione a 3 C. T. B. di Aless.o Scarlatti."
Capp.Giulia.X.27,6.0,1,autografo,1,https://digi.vatlib.it/mss/detail/Capp.Giulia.X.27,https://digi.vatlib.it/view/MSS_Capp.Giulia.X.27,"1) Pietro Raimondi, Inno e tre Antifone. sec. XIX med. 2) 1r-16v, 28r-368v: Raimondi, Pietro, 1786-1853 Inno per la festa dei S.S. Apostoli Pietro e Paolo Dedicato a S.E.R.ma Monsignor Giraud da Pietro Raimondi Maestro della V. Cappella Giulia Roma 1853. 3) 17r-27v: Raimondi, Pietro, 1786-1853 Feria VI. Post Domin: I. Quadragesimae ad Vesp."
Capp.Giulia.XV.70,6.0,1,autografo,1,https://digi.vatlib.it/mss/detail/Capp.Giulia.XV.70,https://digi.vatlib.it/view/MSS_Capp.Giulia.XV.70,"Low Quality 1) Vincenzo Ugolini, Composizioni vocali sacre. sec. XVII in. 2) 1r-v: Ugolini, Vincenzo, c. 1580-1638 Veni Creator Spiritus. 3) 2r-v: Ugolini, Vincenzo, c. 1580-1638 Jubilate Deo. 4) 3r: Ugolini, Vincenzo, c. 1580-1638 Illuminare his. 5) 3r-v: Ugolini, Vincenzo, c. 1580-1638 Omnes gentes. 6) 4r: Ugolini, Vincenzo, c. 1580-1638 Et tu puer propheta. 7) 4v: Ugolini, Vincenzo, c. 1580-1638 Petrus Apostolus. 8) 5r-6r: Ugolini, Vincenzo, c. 1580-1638 Litanie Lauretanae."
Ott.lat.1727,6.0,1,autografo,1,https://digi.vatlib.it/mss/detail/Ott.lat.1727,https://digi.vatlib.it/view/MSS_Ott.lat.1727,"Low Quality 1) 1r-4r: Sallustius Sallustii, m. 1448? Consilium. 2) 11v-12r: Perigli, Angelo de, m. 1453? Additio ad Iohannis Petruccii de Montesperello consilium quod inc. ""Ad cuius dubietatis determinationem"". 3) 20r-21v: Capra, Benedetto, m. 1470 Consilium. 4) 24r-25r: Capra, Benedetto, m. 1470 Additio [...] ad Iohannis Petruccii de Montesperello consilium, quod. inc.: ""Factum tale est, videlicet pro parte nobilis et magnifici viri Nelli de Balionibus""."
Reg.lat.373,6.0,1,autografo,1,https://digi.vatlib.it/mss/detail/Reg.lat.373,https://digi.vatlib.it/view/MSS_Reg.lat.373,"Low Quality 1) 15r-17r: Crisolino, Flavio, f. 1535 Epistula vel autographum testimonium de fraude Benedicti Accolti card. S.R.E. in causa inter Henricum VIII regem Anglorum et Catherinam eius uxorem habita anno 1535."
Borg.lat.32,6.0,1,minuta,1,https://digi.vatlib.it/mss/detail/Borg.lat.32,https://digi.vatlib.it/view/MSS_Borg.lat.32,"Low Quality 1) 1r-447v: Agucchi, Giovanni Battista, arciv. di Amasea, 1570-1632 Lettere a diversi e per conto di diversi, appunti e carte varie. 2) 32r: Aldobrandini, Pietro, card., 1571-1621 Lettera a Vincenzo Lombardi, governatore di Palazzo Adriano. 3) 34r: Aldobrandini, Pietro, card., 1571-1621 Lettera a Sigismondo Donati, vesc. di Ascoli Piceno, nunzio apostolico in Venezia. 4) 36r: Aldobrandini, Pietro, card., 1571-1621 Lettera a Fernando (?) Matute y Acevedo, scritta per mano di Giovanni Battista Agucchia. 5) 43r-v, 50v: Ludovisi, Ludovico, card., 1595-1632 Lettera a mons. Ascanio Gesualdo, patriarca di Costantinopoli, nunzio presso l'imperatore. 6) 44r-45v, 49v: Ludovisi, Ludovico, card., 1595-1632 Lettere (3) al card. Francesco Cennini, nunzio apostolico in Spagna. 7) 69r-v: Agucchi, Giovanni Battista, arciv. di Amasea, 1570-1632 Lettera a Sallustio Lupi. 8) 158r: Agucchi, Giovanni Battista, arciv. di Amasea, 1570-1632 Lettera a mons. Ottavio Corsini, arciv. di Tarso, nunzi..."
Borg.lat.65,6.0,1,minuta,1,https://digi.vatlib.it/mss/detail/Borg.lat.65,https://digi.vatlib.it/view/MSS_Borg.lat.65,"Low Quality 1) 191r-192v: Congregatio de Propaganda Fide Memoriale. 2) 303r: D'Adda, Ferdinando, card., 1650-1719 Lettera breve a mons. Silvio de' Cavalieri, segretario di Propaganda Fide."
Capp.Sist.658,6.0,1,minuta,1,https://digi.vatlib.it/mss/detail/Capp.Sist.658,https://digi.vatlib.it/view/MSS_Capp.Sist.658,"Low Quality 1) 73r-75r: Baini, Giuseppe, 1775-1844 Moduli per la nomina dei Maestri di musica. 2) 76r-96r: Baini, Giuseppe, 1775-1844 Decreti emanati dai Maestri esaminatori delle Congregazioni dei Musici a Roma, sotto l'invocazione di S. Cecilia."
Capp.Sist.682,6.0,1,minuta,1,https://digi.vatlib.it/mss/detail/Capp.Sist.682,https://digi.vatlib.it/view/MSS_Capp.Sist.682,"1) 1r-10r: Deliberazioni generali circa le persone e gli uffizi del Custode e Sottocustode dei libri della Cappella Pontificia. 2) 11r-12r: Baini, Giuseppe, 1775-1844 Relazione sull'intervento dei Cantori Pontifici nella Chiesa di S. Luigi dei Francesi per la festa di S. Ludovico, re di Francia."
Cappon.275,6.0,1,minuta,1,https://digi.vatlib.it/mss/detail/Cappon.275,https://digi.vatlib.it/view/MSS_Cappon.275,"Low Quality 1) 170v: Capponi, Alessandro Gregorio, marchese, 1683-1746 Lettera a Carlo Lalli. 2) 334r: Capponi, Alessandro Gregorio, marchese, 1683-1746 Lettera a Filippo Argelati. 3) 427r-431v, 428r-429v, 558r-559r: Capponi, Alessandro Gregorio, marchese, 1683-1746 Lettere (3) all'abate di Rothelin, Carlo d'Orléans. 4) 466r-v, 465r: Capponi, Alessandro Gregorio, marchese, 1683-1746 Lettere (2) a Giuseppe Antonio Cinelli. 5) 487r-v: Capponi, Alessandro Gregorio, marchese, 1683-1746 Lettera a Francesco Pecci. 6) 672r: Capponi, Alessandro Gregorio, marchese, 1683-1746 Minuta per una iscrizione che avrebbe dovuto essere collocata in Campidoglio. 7) 672r-675v: Bianchini, Francesco, sac., 1662-1729 Minuta per una traduzione latina della epigrafe del marchese Alessandro Gregorio Capponi, che avrebbe dovuto essere collocata in Campidoglio. 8) 673r-675v: Bianchini, Francesco, sac., 1662-1729 Minuta per una traduzione latina della epigrafe del Marchese Alessandro Gregorio Capponi, che avrebb..."
Urb.lat.1404,6.0,1,minuta,1,https://digi.vatlib.it/mss/detail/Urb.lat.1404,https://digi.vatlib.it/view/MSS_Urb.lat.1404,"1) 1r-99v: Iohannes Aegidius de Zamora, O.F.M., c. 1240- dopo il 1320 Liber contra venena et animalia venenosa et etiam contra minuta et vilia et tediosa vita nostre animalia ut sunt cimices, culices, cruci, lendes, pediculi et pulices et huiusmodi ad venerabilem fratrem R[aymundus Gualfredi] generalem ministrum."
Urb.lat.1690,6.0,1,minuta,1,https://digi.vatlib.it/mss/detail/Urb.lat.1690,https://digi.vatlib.it/view/MSS_Urb.lat.1690,"1) 80r-86v: Innocentius PP. XI, b., 1611-1689 Minuta [...] della bolla che si pensa di fare per provvedere all'indennità della Sede e Camera Apostolica che si comunica al Sacro Collegio acciocché ciascuno dell'Em. Sig. cardinali intimi e suggerischi [...]"
Vat.lat.5967,6.0,1,minuta,1,https://digi.vatlib.it/mss/detail/Vat.lat.5967,https://digi.vatlib.it/view/MSS_Vat.lat.5967,Low Quality 1) 35r-45v: Papi (1534-1549 : Paulus III) Breve ad Carolum V imperatorem post recessum Spirense. 2) 81r-83r: Papi (1534-1549 : Paulus III) Bulla suspensionem concilii revocans illudque denuo ad diem 15 Martii Tridentum indicens.
Vat.lat.6946,6.0,1,minuta,1,https://digi.vatlib.it/mss/detail/Vat.lat.6946,https://digi.vatlib.it/view/MSS_Vat.lat.6946,"1) Sirleto, Guglielmo, card., 1514-1585 Lettere a diversi. sec. XVI 2) 2r, 116r, 182r, 315r, 330r, 376r, 381v, 401r, 412v: Sirleto, Guglielmo, card., 1514-1585 Lettere (9) a Camillo Savelli. 3) 2r, 46r: Sirleto, Guglielmo, card., 1514-1585 Lettere (2) a Tommaso Sirleto. 4) 2r-v: Sirleto, Guglielmo, card., 1514-1585 Lettera al card. Angelo Niccolini. 5) 2v(1): Sirleto, Guglielmo, card., 1514-1585 Lettera al card. Giulio Della Rovere. 6) 2v(2): Sirleto, Guglielmo, card., 1514-1585 Lettera a Felice de' Tiranni, arcivescovo di Urbino. 7) 3r(1): Sirleto, Guglielmo, card., 1514-1585 Lettera a Vincenzo Bellarmino. 8) 3r(2): Sirleto, Guglielmo, card., 1514-1585 Lettera a Biagio Cervini. 9) 3r(3): Sirleto, Guglielmo, card., 1514-1585 Lettera a Costanzo Cini. 10) 3v(1): Sirleto, Guglielmo, card., 1514-1585 Lettera al governatore di Camerino. 11) 3v(2): Sirleto, Guglielmo, card., 1514-1585 Lettera ad Antonio Giannotti, vescovo di Forlì. 12) 3v(3): Sirleto, Guglielmo, card., 1514-1585 Lettera a..."
Vat.lat.7122,6.0,1,minuta,1,https://digi.vatlib.it/mss/detail/Vat.lat.7122,https://digi.vatlib.it/view/MSS_Vat.lat.7122,"Low Quality 1) 1r-289r: Ranaldi, Alessandro, 1578-1649 Minute dell'inventario delli libri manoscritti latini della libreria Palatina di mano di Alessandro Rainaldi e Donato Lilitilli, secondi custodi della libraria"
Vat.lat.7247,6.0,1,minuta,1,https://digi.vatlib.it/mss/detail/Vat.lat.7247,https://digi.vatlib.it/view/MSS_Vat.lat.7247,Low Quality 1) 1r-3v: Lettera in cui si espongono alcune ragioni in favore del Tribunale della S. Rota nella questione di precedenza tra i baroni e titolati Romani e gli uditori della Rota medesima.
Vat.lat.7500,6.0,1,minuta,1,https://digi.vatlib.it/mss/detail/Vat.lat.7500,https://digi.vatlib.it/view/MSS_Vat.lat.7500,"1) 194r-196r: Astalli, Fulvio, card., 1655-1721. Opere spurie e dubbie Minute di risposte alla lettera scritta dal card. Vincenzo Grimani in risposta al breve pontificio del 1 settembre 1708. 2) 194r-196v: Astalli, Fulvio, card., 1655-1721 Minuta di lettera [...] data a Signori Capi d'Ordine [Gaspare Carpegna, Benedetto Pamphili e Galeazzo Marescotti] per risposta al Signor Cardinale [Vincenzo] Grimani e data nel concistoro del 3 ottobre 1708."
Vat.lat.7750,6.0,1,minuta,1,https://digi.vatlib.it/mss/detail/Vat.lat.7750,https://digi.vatlib.it/view/MSS_Vat.lat.7750,"1) 211v-213r: Alba, Fernando Alvarez de Toledo, duque de, 1507-1582‏ Minuta a Su Magestad [Filippo II] en Alva a 19 de sept. 1560 sobre lo que el enbajador de Francia Mons. de Limonges propuso"
Vat.lat.8373.pt.1,6.0,1,minuta,1,https://digi.vatlib.it/mss/detail/Vat.lat.8373.pt.1,https://digi.vatlib.it/view/MSS_Vat.lat.8373.pt.1,"Low Quality 1) 48r: Benedictus PP. XIV, 1675-1758 Biglietto scritto dal papa [Benedetto XIV] a mons. de Thun [Giuseppe Maria] nel rimandargli la minuta della garanzia formata dal canonico [Pietro] Capello, segretario d'ordine del ministro suddetto. Casa, 9 feb. 1743. 2) 62r-85v: Minute (2) della memoria istorica del vicariato apostolico stabilito da papa Benedetto XIV nella parte austriaca della diocesi di Aquileia."
Vat.lat.8472.pt.1,6.0,1,minuta,1,https://digi.vatlib.it/mss/detail/Vat.lat.8472.pt.1,https://digi.vatlib.it/view/MSS_Vat.lat.8472.pt.1,"1) 1r: Filonardi, Mario, arciv. di Avignon, m. 1644 Lettera ad Anselm Casmir von Wambold, arciv. di Mainz. 2) 4r-231v passim: Filonardi, Mario, arciv. di Avignon, m. 1644 Lettere al card. Francesco Adriano Ceva. 3) 6r, 10v, 25r, 26r-27v, 142r-143v: Filonardi, Mario, arciv. di Avignon, m. 1644 Lettere (5) ad Antonio Ferragalli. 4) 6v-7r, 13r, 22v-23r, 178v: Filonardi, Mario, arciv. di Avignon, m. 1644 Lettere (4) a Decio Francesco Vitelli, vesc. di Terni, poi arciv. di Urbino. 5) 8r, 10v, 12r, 22v: Filonardi, Mario, arciv. di Avignon, m. 1644 Lettere (4) all'arcidiacono d'Arras Richard Pauli-Stravius. 6) 13r: Filonardi, Mario, arciv. di Avignon, m. 1644 Lettera al vescovo Lorenzo Campeggi, nunzio in Spagna. 7) 29r: Filonardi, Mario, arciv. di Avignon, m. 1644 Lettera a Cornelius Heinrich Motmans. 8) 48r, 52r, 63r, 66v, 89r-90r, 123r, 132v, 138v, 144v, 154r, 161r, 176v, 222v: Filonardi, Mario, arciv. di Avignon, m. 1644 Lettere (13) al card. Marzio Ginetti. 9) 53r: Filonardi, Mario, a..."
Vat.lat.8472.pt.2,6.0,1,minuta,1,https://digi.vatlib.it/mss/detail/Vat.lat.8472.pt.2,https://digi.vatlib.it/view/MSS_Vat.lat.8472.pt.2,"1) 232r: Filonardi, Mario, arciv. di Avignon, m. 1644 Lettera a Benigno da Genova. 2) 232r-445r passim: Filonardi, Mario, arciv. di Avignon, m. 1644 Lettere al card. Francesco Adriano Ceva. 3) 234v-235v: Filonardi, Mario, arciv. di Avignon, m. 1644 Lettere (2) al conte palatino di Cracovia. 4) 238v: Filonardi, Mario, arciv. di Avignon, m. 1644 Lettera al card. Marzio Ginetti. 5) 257r: Filonardi, Mario, arciv. di Avignon, m. 1644 Lettera a Władysław IV Zygmunt, re di Polonia. 6) 303v-304r: Filonardi, Mario, arciv. di Avignon, m. 1644 Lettera a Claudia, arciduchessa d'Austria, moglie di Leopoldo, arciduca d'Austria e conte del Tirolo. 7) 335r: Filonardi, Mario, arciv. di Avignon, m. 1644 Lettera a Taddeo Collicola, medico di papa Urbano VIII. 8) 335v: Filonardi, Mario, arciv. di Avignon, m. 1644 Lettera a Fornari. 9) 335v, 403r, 420v: Filonardi, Mario, arciv. di Avignon, m. 1644 Lettere (3) ad Alonso Ibarra. 10) 358r, 373v, 390r-392r: Filonardi, Mario, arciv. di Avignon, m. 1644 Lette..."
Vat.lat.10024,6.0,1,minuta,1,https://digi.vatlib.it/mss/detail/Vat.lat.10024,https://digi.vatlib.it/view/MSS_Vat.lat.10024,"1) 155r: Rodella, Giovanni Battista, sac., 1724-1794 Lettera in versi a Bobina Pluda. 2) 156r: Rodella, Giovanni Battista, sac., 1724-1794 [Lettera] a S.E. il Sig. Marchese Carlo Valenti Gonzaga."
Vat.lat.10307,6.0,1,minuta,1,https://digi.vatlib.it/mss/detail/Vat.lat.10307,https://digi.vatlib.it/view/MSS_Vat.lat.10307,"1) 34r-37r: Visconti, Ennio Quirino, 1751-1818 Lettera ad un cardinale. 2) 43r-49v: Visconti, Ennio Quirino, 1751-1818 Lettera ad un cardinale. 3) 75r-v: Visconti, Ennio Quirino, 1751-1818 Lettera forse al card. Alessandro Albani. 4) 83r-v: Visconti, Giovanni Battista, 1722-1784 Lettera all'avvocato Bargiellini. 5) 87v: Visconti, Ennio Quirino, 1751-1818 Lettera ad ignoto."
Vat.lat.10742,6.0,1,minuta,1,https://digi.vatlib.it/mss/detail/Vat.lat.10742,https://digi.vatlib.it/view/MSS_Vat.lat.10742,"Low Quality 1) 283r, 292r-v: Carli, Ferdinando, 1578-1641 Voti per la canonizzazione dei S. Filippo Neri, S. Teresa, S. Ignazio di Loyola e Isidoro agricola. 2) 288v: Carli, Ferdinando, 1578-1641 Lettera a Cassiano Dal Pozzo. 3) 403r-414v, 469r: Ferabosco, Martino, m. 1623 Lettere a Paolo V e a Giovanni Battista Costaguti, prefetto dei Sacri Palazzi Apostolici. 4) 403r-414v, 469r-v: Ferabosco, Martino, m. 1623 Lettere a Paolo V e a Giovanni Battista Costaguti prefetto dei Sacri Palazzi Apostolici."
Vat.lat.12285,6.0,1,minuta,1,https://digi.vatlib.it/mss/detail/Vat.lat.12285,https://digi.vatlib.it/view/MSS_Vat.lat.12285,Low Quality 1) 188r: Instrumentum pro creatione ill.mo et e.mo Taddaei Barberini Urbis Praefecti in militem deauratum sive de calcaribus auratis. 5 augusti 1631. Not. Paolo Alaleona
Vat.lat.12431,6.0,1,minuta,1,https://digi.vatlib.it/mss/detail/Vat.lat.12431,https://digi.vatlib.it/view/MSS_Vat.lat.12431,"Low Quality 1) 97r-107v: Cibo, Alderano, card., 1613-1700 Istruzione al nunzio straordinario in Germania Alfonso Litta incaricandolo di portare le fasce benedette al primogenito dell'Imperatore Leopoldo I, principe Giuseppe e di chiedere all'imperatore un appoggio per la riforma del clero cattolico in Ungheria e in Boemia 2) 108r-109v: Cibo, Alderano, card., 1613-1700 Istruzione al nunzio straordinario in Germania Alfonso Litta incaricandolo di portare le fasce benedette al primogenito dell'Imperatore Leopoldo I, principe Giuseppe, e di chiedere all'imperatore un appoggio per la riforma del clero cattolico in Ungheria e in Boemia 3) 121r-122v: Cibo, Alderano, card., 1613-1700 Istruzione circa il cerimoniale da seguire."
Barb.lat.4228,6.0,1,bozza,1,https://digi.vatlib.it/mss/detail/Barb.lat.4228,https://digi.vatlib.it/view/MSS_Barb.lat.4228,"1) Pietro Paolo Bencini, Le Gare festive in applauso alla real casa di Francia. sec. XVIII 2) 1r-278v: Bencini, Pietro Paolo, 1670-1755 Le Gare festive in applauso alla real casa di Francia."
Vat.lat.10627,6.0,1,bozza,1,https://digi.vatlib.it/mss/detail/Vat.lat.10627,https://digi.vatlib.it/view/MSS_Vat.lat.10627,"Low Quality 1) 407r-411v: Fornici, Giovanni, sac., m. 1828 Maestri delle cerimonie pontificie. Quale istanza umiliarono al Sommo pontefice perché i vescovi spedivano il Breve per l'assistenza al soglio senza la patente."
Vat.lat.15127,6.0,1,cancellato,1,https://digi.vatlib.it/mss/detail/Vat.lat.15127,https://digi.vatlib.it/view/MSS_Vat.lat.15127,"1) Papi (1730-1740 : Clemens XII) Breve di approvazione e conferma delle costituzioni dell'Ospizio dell'Immacolata Concezione di Maria Vergine e di San Luigi Gonzaga, Roma. sec. XVIII med"
Barb.gr.81,5.0,1,marginalia,1,https://digi.vatlib.it/mss/detail/Barb.gr.81,https://digi.vatlib.it/view/MSS_Barb.gr.81,"1) 1r-136r: Synesius Cyrenensis, vesc. di Ptolemais, c. 370-c. 414 Synesii opera. Epistulae, Catastasis, Catastasis minor, Encomium calvitii, De regno, Dio, Homilia I, Homilia II, De providentia, De dono astrolabii, De insomniis, Hymni."
Reg.lat.766,5.0,1,marginalia,1,https://digi.vatlib.it/mss/detail/Reg.lat.766,https://digi.vatlib.it/view/MSS_Reg.lat.766,"1) Valerius Maximus, Factorum et dictorum memorabilium (Valerius Maximus, f. 14-31); Victorius Aquitanus, Liber calculi (Victorius Aquitanus, sec. V); Quot horis luna luceat. sec. X-XIV"
Vat.gr.44,5.0,1,marginalia,1,https://digi.vatlib.it/mss/detail/Vat.gr.44,https://digi.vatlib.it/view/MSS_Vat.gr.44,"Low Quality 1) 110r-114r: Hesiodus, sec. VIII-VII a.C. Fragmentum introductionis Tzetzae ad Hesiodi Opera et dies 2) 114r-144r, 228r-237v: Hesiodus, sec. VIII-VII a.C. Opera et dies"
Borgh.108,5.0,1,ignoto,1,https://digi.vatlib.it/mss/detail/Borgh.108,https://digi.vatlib.it/view/MSS_Borgh.108,"1) 252r-262r: Aristoteles, 384-322 a.C. Ethica nova, quae dicitur, praebens lib. I. 2) 262r-282v: Aristoteles, 384-322 a.C. Ethica vetus, quae dicitur. 3) 262r-v: Aristoteles, 384-322 a.C. Ethica nova, quae dicitur."
Chig.Q.IV.5,5.0,1,ignoto,1,https://digi.vatlib.it/mss/detail/Chig.Q.IV.5,https://digi.vatlib.it/view/MSS_Chig.Q.IV.5,"1) Arie, ariette, canti e madrigali. sec. XVII 2) 4v: 3) 6v-8v: 4) 8v: 5) 11r: Amante timido 6) 12v: 7) 15r: 8) 16r: 9) 18r: 10) 19v: 11) 20v: 12) 24r: 13) 26r: 14) 28r: 15) 30r: 16) 31r: 17) 34r: 18) 35r: 19) 36r: 20) 38v: 21) 42v: 22) 44v: 23) 45v: 24) 48v: 25) 49v: 26) 53r: 27) 54r: 28) 55v: 29) 58r: 30) 61r: 31) 62r: 32) 70v-72r: 33) 74r-75r: 34) 75v-77r: 35) 77r: 36) 78r-79r: 37) 80r-83r: Lascia speranza, ohimè [titolo della prima parte] Lascia, lascia, ch'io mi quereli [titolo della seconda parte] Non ti chiedo mercè [titolo della terza parte parte] 38) 83r: 39) 84v: 40) 87v: 41) 89v: 42) 97r: 43) 100v:"
Chig.Q.VI.80,5.0,1,ignoto,1,https://digi.vatlib.it/mss/detail/Chig.Q.VI.80,https://digi.vatlib.it/view/MSS_Chig.Q.VI.80,Low Quality 1) 1r-5r: 2) 14v-16r: 3) 16v-20r: 4) 20v-22r: 5) 22v-28r: 6) 28v-33r: 7) 33v-34r: 8) 35v-39r: 9) 39v-42r: 10) 42v-46r: 11) 46v-54r: 12) 54r-57r: 13) 57r-59r: 14) 59v-62r: 15) 62v-67r: 16) 67v-71r: 17) 82v-87r: 18) 87v-90r: 19) 90v-93r: 20) 93v-98r: 21) 98v-101r: 22) 101v-103r: 23) 103v-107r: 24) 107v-109r: 25) 109v-111r: 26) 111v-114r: Su la ciaccona. 27) 114v-115r: 28) 115v-117r: 29) 117v-119r: 30) 119v-121r: 31) 127v-129r: 32) 129v-140r: 33) 144v-152r: 34) 152v-155r: 35) 155v-156r: 36) 156v-158r: 37) 158v-160r: 38) 162v-163r: 39) 163v-164r: 40) 164v-169r: 41) 169v-173r: 42) 173v-177r: 43) 177v-179r: 44) 179v-181r: 45) 181v-186r: Tirsi e Lidio. 46) 186v-190r: La Dama sdegnosa. 47) 190v-193r: 48) 193v-195r: 49) 195v-197r:
Chig.Q.VI.81,5.0,1,ignoto,1,https://digi.vatlib.it/mss/detail/Chig.Q.VI.81,https://digi.vatlib.it/view/MSS_Chig.Q.VI.81,Low Quality 1) 11v-13r: 2) 13v-17r: 3) 13v-24r: 4) 31v-37r(2): 5) 37v-39r: 6) 39v-41r: 7) 45v-49r: 8) 49v-89r: 9) 59v-66r: 10) 66v-72r: 11) 72v-74r: 12) 74v-77r: 13) 77v-87r: Su Elena invecchiata. 14) 87v-95r: 15) 109v-113r: 16) 113v-115r(2): 17) 119v-123r: 18) 123v-132r: 19) 132v-135r: 20) 135r-142r(2): 21) 142r-143r: 22) 143v-157r: 23) 144v-156r: 4 strofe. 24) 157v-163r: 25) 164v-166r: 26) 166v-171r: 27) 171v-173r: 28) 173v-175r: 29) 175v-177r: 30) 178v-183r: 31) 183v-184r: 32) 184v-186r: 33) 186v-189r: 34) 189v-191r: 35) 196v-202r: 36) 202v-205r: 37) 205v-207r: 38) 207v-209r: 39) 209v-214r:
Chig.Q.VIII.177,5.0,1,ignoto,1,https://digi.vatlib.it/mss/detail/Chig.Q.VIII.177,https://digi.vatlib.it/view/MSS_Chig.Q.VIII.177,"1) 2v-4v: 2) 6v-10r: Ficieno, Luigi, f. 1655 3) 10r-11r: 4) 11v-12r: 5) 12v-13r: 6) 27v-30r: 7) 30v-31r: 8) 33v-35r: 9) 35v-38r: 10) 38v-39r: 11) 41v-43r: 12) 43r-45r: 13) 45v-47r: 14) 47v-49r: 15) 49v-51r: Finezza di amante. 16) 51v-53r: 17) 53v-57r: 18) 62v-66r: Canzone morale sopra la ... in quattro stanze 19) 66v-68r: 20) 68v-71r: 21) 71v-74r: 22) 74v-77r: Si duole un pastore che amor lo maltratta. 23) 77v-80r: 24) 80v-84r: La partenza. 25) 84v-86r: Ariberti, Giacomo Francesco 26) 86v-89r(2): Ariberti, Giacomo Francesco Dialogo fra Olindo e Rosinda 27) 89v: 28) 98v-99r: 29) 99v-103r: Ariberti, Giacomo Francesco 30) 103v-108r: Ariberti, Giacomo Francesco 31) 108v-113r: La bruna pastorella 32) 113v-115r: 33) 115v-118r: Gelosia. 34) 120v-125r: Ariberti, Giacomo Francesco L'amante abbandonato. 35) 125r-129r: 36) 129v-132r: 37) 132v-133r: 38) 134v-137r: 39) 137r-138r: 40) 138v-141r: 41) 141v-143r: 42) 143v-144r: 43) 144v-146r: 44) 146v-148r: 45) 148v-151r: 46) 151v-153r: 47) 153v-155..."
Chig.Q.VIII.179,5.0,1,ignoto,1,https://digi.vatlib.it/mss/detail/Chig.Q.VIII.179,https://digi.vatlib.it/view/MSS_Chig.Q.VIII.179,"1) 1r-6r: 2) 6v-23r: 3) 47r-57r: Canzone morale sopra la ... in quattro stanze 4) 57v-60r: 5) 61r-72r: Ercole in Bivio. 6) 82v-86r: Il tempo. 7) 86v-90r: Abati, Antonio, c. 1604-1667 Su san Flavio, protettore di Grotte di Castro (VT). 8) 94v-111r: Amore malato. 9) 112v-113r: 10) 114r-123r: Abati, Antonio, c. 1604-1667 11) 123v-127r: Memorare novissima tua. 12) 127v-130r: Baldini, Sebastiano, 1615-1685 Le Parche."
Chig.Q.VIII.181,5.0,1,ignoto,1,https://digi.vatlib.it/mss/detail/Chig.Q.VIII.181,https://digi.vatlib.it/view/MSS_Chig.Q.VIII.181,"1) 1r-12r: La Zenobia 2) 12v-50r: Baldini, Sebastiano, 1615-1685 Il Riposo. 3) 51r-58r: Baldini, Sebastiano, 1615-1685 4) 59r-68r: Baldini, Sebastiano, 1615-1685 Le giustificazioni di Primavera. 5) 68v-72r: Litanie 6) 72v-79r: 7) 79v-84r: 8) 84v-87r: 9) 87v-92r: 10) 93r-94r:"
Urb.lat.817.pt.3,5.0,1,ignoto,1,https://digi.vatlib.it/mss/detail/Urb.lat.817.pt.3,https://digi.vatlib.it/view/MSS_Urb.lat.817.pt.3,"1) 415r-420r: Relazione della battaglia seguita tra Cristiani e Turchi sotto Agria [a Mezőkeresztes, nei pressi di Eger, in Ungheria, il 25-26 ottobre 1596]. 2) 420v-427r: Lettera di incerto ad ignoto ."
Urb.lat.1236,5.0,1,ignoto,1,https://digi.vatlib.it/mss/detail/Urb.lat.1236,https://digi.vatlib.it/view/MSS_Urb.lat.1236,"1) 1r-23v: Campano, Giovanni Antonio, vesc. di Teramo, 1429-1477 Funebris oratio pro Baptista Sphortia Urbini comitissa ac principe illustrissima (Campano, Giovanni Antonio, vesc. di Teramo, 1429-1477). Italiano"
Urb.lat.1492,5.0,1,ignoto,1,https://digi.vatlib.it/mss/detail/Urb.lat.1492,https://digi.vatlib.it/view/MSS_Urb.lat.1492,"Low Quality 1) 19r-35r: Francesco Maria I della Rovere, duca di Urbino, 1490-1538 Discorso del Duca Francesco Maria sopra la guerra contro il Turco. 2) 37r-v: Parere del re Stefano di Polonia per far guerra contro il Turco. 3) 39r-40r: Osservazioni di ignoto sul Parere di re Stefano [Bathory] di Polonia per far guerra contro il turco."
Urb.lat.1568,5.0,1,ignoto,1,https://digi.vatlib.it/mss/detail/Urb.lat.1568,https://digi.vatlib.it/view/MSS_Urb.lat.1568,"Low Quality 1) 115r-118v: Lettera di ignoto prelato ad un principe tedesco, con cui lo informa di non aver potuto accogliere tra i suoi famigliari un tal Giorgio Rauscher, da lui raccomandato, per le sue idee religiose non conformi al cattolicesimo, e lo esorta a combattere il luteranesimo in Germania."
Chig.L.VIII.305,23.05,5,attribuzione; autografo; frammento; ignoto; inedito,0,https://digi.vatlib.it/mss/detail/Chig.L.VIII.305,https://digi.vatlib.it/view/MSS_Chig.L.VIII.305,"Bibliographic References: 1) Tedeschi, Carlo Un nuovo frammento dei Danti del Cento, in Studi danteschi In Studi danteschi 2007"
Barb.lat.4036,14.4,3,attribuzione; frammento; postille,0,https://digi.vatlib.it/mss/detail/Barb.lat.4036,https://digi.vatlib.it/view/MSS_Barb.lat.4036,"Low Quality Bibliographic References: 1) Tamburrino, G. Un frammento della «Vita nuova», In Italia medioevale e umanistica"
Barb.gr.455,12.65,3,attribuzione; frammento; palinsesto,0,https://digi.vatlib.it/mss/detail/Barb.gr.455,https://digi.vatlib.it/view/MSS_Barb.gr.455,"Low Quality Bibliographic References: 1) Broia, Daniele Per una rilettura del palinsesto Vat. gr. 2061 A: saggio di ripristino digitale e di edizione diplomatica del Nomocanone alla luce del sistema RE.CO.RD®, In Bollettino della Badia greca di Grottaferrata 1999"
Barb.lat.3185,12.1,3,inedito; palinsesto; postille,0,https://digi.vatlib.it/mss/detail/Barb.lat.3185,https://digi.vatlib.it/view/MSS_Barb.lat.3185,"Low Quality Bibliographic References: 1) Baldi, Davide Il palinsesto Laur. Plut. 10.15, In Libri palinsesti greci: conservazione, restauro digitale, studio. Atti del Convegno internazionale, Villa Mondragone - Monte Porzio Catone - Università di Roma ""Tor Vergata"" - Biblioteca del Monumento Nazionale di Grottaferrata, 21-24 apr. 2004, 2008 2) Baldi, Davide Il palinsesto Laur. Plut. 57.26. Studio codicologico e paleografico. Con una postille su alcuni codici Laurenziani di origine salentina, In Byzantion 2007"
Ott.gr.344,12.1,3,inedito; palinsesto; postille,0,https://digi.vatlib.it/mss/detail/Ott.gr.344,https://digi.vatlib.it/view/MSS_Ott.gr.344,"Bibliographic References: 1) Lucà, Santo, 1947- Frammenti dell'Ad Theodorum Lapsum di Giovanni Crisostomo in un palinsesto di Grottaferrata : Crypt. G.b.XX, ora Gr. 145, In Storie di cultura scritta: studi per Francesco Magistrale (a cura di P. Fioretti; con la collaborazione di Annangela Germano e Marco Antonio Siciliani),"
Reg.lat.1527,11.4,3,autografo; ignoto; inedita,0,https://digi.vatlib.it/mss/detail/Reg.lat.1527,https://digi.vatlib.it/view/MSS_Reg.lat.1527,"Bibliographic References: 1) Monti Sabia, Liliana Una lettera inedita di Giovanni Pontano, In Italia medioevale e umanistica 1986"
Reg.gr.18,10.85,2,inedita; palinsesto,0,https://digi.vatlib.it/mss/detail/Reg.gr.18,https://digi.vatlib.it/view/MSS_Reg.gr.18,"Bibliographic References: 1) Arnesano, Daniele, 1975- Il palinsesto Laur. Conv. Soppr. 152. Note paleografiche e codicologiche, In Bollettino della Badia greca di Grottaferrata 1999"
Barb.lat.4076,10.45,3,autografo; inedita; minuta,0,https://digi.vatlib.it/mss/detail/Barb.lat.4076,https://digi.vatlib.it/view/MSS_Barb.lat.4076,"Bibliographic References: 1) Bertolo, Fabio Massimo L’‘officiolum’ ritrovato di Francesco da Barberino. In margine ad una allegoria figurata inedita della prima metà del Trecento, In Filologia e critica 2006"
Vat.gr.1288,10.45,2,palinsesto; rescriptus,0,https://digi.vatlib.it/mss/detail/Vat.gr.1288,https://digi.vatlib.it/view/MSS_Vat.gr.1288,"Bibliographic References: 1) Crisci, Edoardo Un frammento palinsesto del ""Commento al vangelo di S. Matteo"" di Origene nel codice Criptense Γ. β.VI, In Jahrbuch der Österreichischen Byzantinistik 1988"
Ott.gr.312,10.3,2,anonimo; palinsesto,0,https://digi.vatlib.it/mss/detail/Ott.gr.312,https://digi.vatlib.it/view/MSS_Ott.gr.312,"Bibliographic References: 1) Arnesano, Daniele, 1975- Il palinsesto Laur. Plut. 57.36. Una nota storica sull'assedio di Gallipoli e nuove testimonianza dialettali italo-meridionali, In Rivista di studi bizantini e neoellenici 2004"
Vat.gr.1990,10.3,2,cancellato; palinsesto,0,https://digi.vatlib.it/mss/detail/Vat.gr.1990,https://digi.vatlib.it/view/MSS_Vat.gr.1990,"Bibliographic References: 1) Lucà, Santo, 1947- Frammenti dell'Ad Theodorum Lapsum di Giovanni Crisostomo in un palinsesto di Grottaferrata : Crypt. G.b.XX, ora Gr. 145, In Storie di cultura scritta: studi per Francesco Magistrale (a cura di P. Fioretti; con la collaborazione di Annangela Germano e Marco Antonio Siciliani),"
Barb.gr.354,10.15,2,anonimo; inedita,0,https://digi.vatlib.it/mss/detail/Barb.gr.354,https://digi.vatlib.it/view/MSS_Barb.gr.354,"Bibliographic References: 1) Romano, Roberto Per il testo della LYSIS inedita di Giovanni Grasso, In Bollettino della Badia greca di Grottaferrata 1986"
Chig.R.IV.7,9.9,3,attribuzione; frammento; ignoto,0,https://digi.vatlib.it/mss/detail/Chig.R.IV.7,https://digi.vatlib.it/view/MSS_Chig.R.IV.7,"Low Quality Bibliographic References: 1) Lucà, Santo, 1947- Reliquie di un Paterikòn in maiuscola ogivale inclinata: Grottaferrata, frammento gr. 4 (= Crypt. Β.β.XXVI nr. I Rocchi), In Manoscritti italogreci: nuove tessere di un mosaico frammentario (a cura di S. Lucà, con la collaborazione di D. Bucca e F. D’Aiuto, Quaderni di Νέα Ῥώμη, 7), 2020. 2) Lucà, Santo, 1947- Italograeca, III. Reggio Calabria, Biblioteca Comunale «Pietro De Nava», Pergamene e Rari, perg. nr. 64: frammento di Lezionario del secolo XII (con un’appendice su qualche manoscritto greco di incerta attribuzione all’Italia meridionale), In Archivio storico per la Calabria e la Lucania 2023 3) Lucà, Santo, 1947- Un ignoto frammento del De lege spirituali di Marco Monaco (Athos, Protatou 38, ff. 1r-2v), con una nota sulla fortuna dei suoi scritti nella Calabria bizantina, In Corolla Byzantina. Studi in onore di Carmelo Crimi, 2025."
Barb.gr.123,9.9,3,autografo; inedito; marginalia,0,https://digi.vatlib.it/mss/detail/Barb.gr.123,https://digi.vatlib.it/view/MSS_Barb.gr.123,"Bibliographic References: 1) Portuese, Orazio Per la storia della tradizione degli Epigrammata Bobiensia: con una disamina delle carte Campana e un testimone inedito , Storia e letteratura: raccolta di studi e testi 2017."
Urb.lat.366,9.75,2,ignoto; palinsesto,0,https://digi.vatlib.it/mss/detail/Urb.lat.366,https://digi.vatlib.it/view/MSS_Urb.lat.366,"Bibliographic References: 1) edited by Lorusso, Salvatore Studio multidisciplinare del codice dantesco con palinsesto già Phillipps 9589, In Accademie e biblioteche d’Italia 2002"
Urb.lat.602,9.75,2,marginalia; palinsesto,0,https://digi.vatlib.it/mss/detail/Urb.lat.602,https://digi.vatlib.it/view/MSS_Urb.lat.602,"Bibliographic References: 1) Tangari, Nicola Il palinsesto V C 14 della Biblioteca Nazionale di Napoli: un antifonario del secolo X/XI e il Doctrinale di Alexander de Villa Dei, Scritture e libri del medioevo 2026."
Vat.gr.770,9.75,2,palinsesto; postille,0,https://digi.vatlib.it/mss/detail/Vat.gr.770,https://digi.vatlib.it/view/MSS_Vat.gr.770,"Bibliographic References: 1) Orsini, Pasquale Un foglio palinsesto nel codice Vat.gr.772, In Miscellanea Bibliothecae Apostolicae Vaticanae XIX (Studi e testi, 474), 2012"
Pal.gr.287,9.6,2,frammento; postille,0,https://digi.vatlib.it/mss/detail/Pal.gr.287,https://digi.vatlib.it/view/MSS_Pal.gr.287,"Bibliographic References: 1) Bianconi, Daniele Il frammento escorialense di Giovanni Catrario: una nuova lettura, In Rivista di studi bizantini e neoellenici 2000."
Arch.Cap.S.Pietro.A.29,9.6,2,ignoto; inedita,0,https://digi.vatlib.it/mss/detail/Arch.Cap.S.Pietro.A.29,https://digi.vatlib.it/view/MSS_Arch.Cap.S.Pietro.A.29,"Bibliographic References: 1) Nicolosi Grassi, Giuseppina Una inedita “Quaestio” di Odofredo in tema di “iurisdictio”, In Quaderni catanesi di studi classici e medievali 1981"
Barb.gr.482,9.35,3,anonimo; attribuzione; marginalia,0,https://digi.vatlib.it/mss/detail/Barb.gr.482,https://digi.vatlib.it/view/MSS_Barb.gr.482,"Bibliographic References: 1) Serventi, Stefano Il Vat. gr. 167, testimone della Continuatio Theophanis, e i marginalia di un anonimo lettore bizantino, In Aevum. Rassegna di scienze storiche, linguistiche e filologiche 2001"
Arch.Cap.S.Pietro.B.79,9.35,2,frammento; palinsesto,0,https://digi.vatlib.it/mss/detail/Arch.Cap.S.Pietro.B.79,https://digi.vatlib.it/view/MSS_Arch.Cap.S.Pietro.B.79,"Bibliographic References: 1) Tangari, Nicola Il palinsesto V C 14 della Biblioteca Nazionale di Napoli: un antifonario del secolo X/XI e il Doctrinale di Alexander de Villa Dei, Scritture e libri del medioevo 2026."
Barb.gr.240,9.2,2,frammento; inedito,0,https://digi.vatlib.it/mss/detail/Barb.gr.240,https://digi.vatlib.it/view/MSS_Barb.gr.240,"Bibliographic References: 1) Pignani, Adriana Frammento inedito di un encomio bizantino per l'Imperatore, In Atti dell’Accademia Pontaniana 1978"
Barb.lat.2062,9.2,2,frammento; inedita,0,https://digi.vatlib.it/mss/detail/Barb.lat.2062,https://digi.vatlib.it/view/MSS_Barb.lat.2062,"Bibliographic References: 1) Gatti, Giuseppe, conte, 1838-1914 Di un frammento marmoreo del martire Genesio, In Bullettino della Commissione archeologica comunale di Roma"
Barb.lat.2109,9.2,2,frammento; inedita,0,https://digi.vatlib.it/mss/detail/Barb.lat.2109,https://digi.vatlib.it/view/MSS_Barb.lat.2109,"Bibliographic References: 1) Cantarelli, Luigi, 1858-1931 Di un frammento epigrafico cristiano dell'isola Portuense, In Bullettino della Commissione archeologica comunale di Roma"
Chig.I.VI.205,9.2,2,frammento; inedita,0,https://digi.vatlib.it/mss/detail/Chig.I.VI.205,https://digi.vatlib.it/view/MSS_Chig.I.VI.205,"Bibliographic References: 1) Carloni, Rossella Le tombe degli Annibaldi in una lettera inedita del Seicento, In Arte medievale 1983"
Chig.L.VII.253,9.2,2,frammento; inedita,0,https://digi.vatlib.it/mss/detail/Chig.L.VII.253,https://digi.vatlib.it/view/MSS_Chig.L.VII.253,"Bibliographic References: 1) Mazzoni, Francesco Un frammento (conosciuto) di Giovanni Boccaccio in California, In Studi danteschi 1972"
Cappon.56,8.65,2,attribuzione; inedito,0,https://digi.vatlib.it/mss/detail/Cappon.56,https://digi.vatlib.it/view/MSS_Cappon.56,"Bibliographic References: 1) Bertolini, Lucia L' attribuzione della ""Sfera"" del Dati nella tradizione manoscritta: In Studi offerti a Gianfranco Contini dagli allievi pisani, 1984"
Pal.gr.141,8.65,2,anonimo; inedito,0,https://digi.vatlib.it/mss/detail/Pal.gr.141,https://digi.vatlib.it/view/MSS_Pal.gr.141,"Bibliographic References: 1) Angiò, Francesca Un epigramma anonimo dal codice Vat. Pal. gr. 141, In Bollettino della Badia greca di Grottaferrata 1995-96."
Vat.gr.1298.pt.1,8.25,2,palinsesto; postille,0,https://digi.vatlib.it/mss/detail/Vat.gr.1298.pt.1,https://digi.vatlib.it/view/MSS_Vat.gr.1298.pt.1,"Bibliographic References: 1) Mazzucchi, Carlo Maria, 1952- Per una rilettura del Palinsesto Vaticano contenente il dialogo «Sulla scienza politica» del tempo di Giustiniano, In L'Imperatore Giustiniano, storia e mito (Giornate di studio a Ravenna, 14-16 ottobre 1976), 1978"
Vat.gr.1298.pt.2,8.25,2,palinsesto; postille,0,https://digi.vatlib.it/mss/detail/Vat.gr.1298.pt.2,https://digi.vatlib.it/view/MSS_Vat.gr.1298.pt.2,"Bibliographic References: 1) Mazzucchi, Carlo Maria, 1952- Per una rilettura del Palinsesto Vaticano contenente il dialogo «Sulla scienza politica» del tempo di Giustiniano, In L'Imperatore Giustiniano, storia e mito (Giornate di studio a Ravenna, 14-16 ottobre 1976), 1978"
Vat.gr.2005,8.25,2,palinsesto; postille,0,https://digi.vatlib.it/mss/detail/Vat.gr.2005,https://digi.vatlib.it/view/MSS_Vat.gr.2005,"Low Quality Bibliographic References: 1) Lucà, Santo, 1947- Frammenti dell'Ad Theodorum Lapsum di Giovanni Crisostomo in un palinsesto di Grottaferrata : Crypt. G.b.XX, ora Gr. 145, In Storie di cultura scritta: studi per Francesco Magistrale (a cura di P. Fioretti; con la collaborazione di Annangela Germano e Marco Antonio Siciliani),"
Vat.gr.2123,8.25,2,marginalia; palinsesto,0,https://digi.vatlib.it/mss/detail/Vat.gr.2123,https://digi.vatlib.it/view/MSS_Vat.gr.2123,"Low Quality Bibliographic References: 1) Lucà, Santo, 1947- Frammenti dell'Ad Theodorum Lapsum di Giovanni Crisostomo in un palinsesto di Grottaferrata : Crypt. G.b.XX, ora Gr. 145, In Storie di cultura scritta: studi per Francesco Magistrale (a cura di P. Fioretti; con la collaborazione di Annangela Germano e Marco Antonio Siciliani),"
Ott.lat.1463,8.1,2,inedito; marginalia,0,https://digi.vatlib.it/mss/detail/Ott.lat.1463,https://digi.vatlib.it/view/MSS_Ott.lat.1463,"Low Quality Bibliographic References: 1) De Marco, Maria, 1922- Marginalia alla Declamatio in L. Sergium Catilinam, In Giornale italiano di filologia 1970"
Chig.I.VI.209,8.1,2,inedita; postille,0,https://digi.vatlib.it/mss/detail/Chig.I.VI.209,https://digi.vatlib.it/view/MSS_Chig.I.VI.209,"Low Quality Bibliographic References: 1) Bianca, Concetta Una ‘finestra’ sulle postille di Valla a Quintiliano, In Interpres. Rivista di studi quattrocenteschi 1997"
Chig.L.VII.266,8.1,2,ignoto; inedita,0,https://digi.vatlib.it/mss/detail/Chig.L.VII.266,https://digi.vatlib.it/view/MSS_Chig.L.VII.266,"Low Quality Bibliographic References: 1) Frati, Ludovico, 1855-1941 Un codice ignoto di laudi latine e volgari In Giornale storico della letteratura italiana"
Chig.P.VII.13,8.1,2,ignoto; inedita,0,https://digi.vatlib.it/mss/detail/Chig.P.VII.13,https://digi.vatlib.it/view/MSS_Chig.P.VII.13,"Bibliographic References: 1) Sladek, Elisabeth Un progetto finora ignoto per la facciata del palazzo Chigi-Odescalchi a Roma, In Römische Historische Mitteilungen 1987"
Ott.lat.318,8.1,2,inedita; postille,0,https://digi.vatlib.it/mss/detail/Ott.lat.318,https://digi.vatlib.it/view/MSS_Ott.lat.318,"Low Quality Bibliographic References: 1) Piana, Celestino, O.F.M., 1911-1992 Postille al ""Chartularium Studii Bononiensis S. Francisci"", In Archivum franciscanum historicum 1986"
Barb.lat.2020,7.7,2,frammento; inedito,0,https://digi.vatlib.it/mss/detail/Barb.lat.2020,https://digi.vatlib.it/view/MSS_Barb.lat.2020,"Bibliographic References: 1) Lanciani, Rodolfo (Rodolfo Amedeo), 1845-1929 Di un frammento inedito della pianta di Roma antica riferibile alla regione VII, In Bullettino della Commissione archeologica comunale di Roma"
Barb.gr.359,7.15,2,attribuzione; frammento,0,https://digi.vatlib.it/mss/detail/Barb.gr.359,https://digi.vatlib.it/view/MSS_Barb.gr.359,"Low Quality Bibliographic References: 1) Lucà, Santo, 1947- Reliquie di un Paterikòn in maiuscola ogivale inclinata: Grottaferrata, frammento gr. 4 (= Crypt. Β.β.XXVI nr. I Rocchi), In Manoscritti italogreci: nuove tessere di un mosaico frammentario (a cura di S. Lucà, con la collaborazione di D. Bucca e F. D’Aiuto, Quaderni di Νέα Ῥώμη, 7), 2020."
Barb.gr.541,7.15,2,attribuzione; frammento,0,https://digi.vatlib.it/mss/detail/Barb.gr.541,https://digi.vatlib.it/view/MSS_Barb.gr.541,"Bibliographic References: 1) Lucà, Santo, 1947- Italograeca, III. Reggio Calabria, Biblioteca Comunale «Pietro De Nava», Pergamene e Rari, perg. nr. 64: frammento di Lezionario del secolo XII (con un’appendice su qualche manoscritto greco di incerta attribuzione all’Italia meridionale), In Archivio storico per la Calabria e la Lucania 2023"
Barb.lat.338,7.15,2,autografo; inedito,0,https://digi.vatlib.it/mss/detail/Barb.lat.338,https://digi.vatlib.it/view/MSS_Barb.lat.338,"Bibliographic References: 1) Rinaldi, Michele 1906- Per gli studi astrologici del Pontano: un autografo inedito e quattro frammenti di traduzione dal greco nel Codice Ambrosiano G.109 inf., ff. 30r - 32v, In Atti dell’Accademia Pontaniana 2001"
Cappon.107.pt.1,7.15,2,autografo; inedito,0,https://digi.vatlib.it/mss/detail/Cappon.107.pt.1,https://digi.vatlib.it/view/MSS_Cappon.107.pt.1,"Low Quality Bibliographic References: 1) Ridolfi, Roberto, f. 1931-1933 Contributi all'epistolario machiavelliano. La lettera del Vettori del 16 aprile 1523 nel testo dell'originale inedito , In Bibliofilia. Rivista di storia del libro e di bibliografia 2) Marchand, Jean-Jacques Contributi all'epistolario machiavelliano. La lettera al Vettori del 10 dicembre 1514 nel testo originale inedito , In Bibliofilia. Rivista di storia del libro e di bibliografia"
Cappon.107.pt.2,7.15,2,autografo; inedito,0,https://digi.vatlib.it/mss/detail/Cappon.107.pt.2,https://digi.vatlib.it/view/MSS_Cappon.107.pt.2,"Bibliographic References: 1) Ridolfi, Roberto, f. 1931-1933 Contributi all'epistolario machiavelliano. La lettera del Vettori del 16 aprile 1523 nel testo dell'originale inedito , In Bibliofilia. Rivista di storia del libro e di bibliografia 2) Marchand, Jean-Jacques Contributi all'epistolario machiavelliano. La lettera al Vettori del 10 dicembre 1514 nel testo originale inedito , In Bibliofilia. Rivista di storia del libro e di bibliografia"
Ott.gr.179,7.0,1,palinsesto,0,https://digi.vatlib.it/mss/detail/Ott.gr.179,https://digi.vatlib.it/view/MSS_Ott.gr.179,"Bibliographic References: 1) Orsini, Pasquale Un foglio palinsesto nel codice Vat.gr.772, In Miscellanea Bibliothecae Apostolicae Vaticanae XIX (Studi e testi, 474), 2012"
Pal.gr.15,7.0,1,palinsesto,0,https://digi.vatlib.it/mss/detail/Pal.gr.15,https://digi.vatlib.it/view/MSS_Pal.gr.15,"Bibliographic References: 1) Arnesano, Daniele, 1975- Frammenti dell'Historia Philothea di Teodoreto di Ciro nel palinsesto Laur. 87.21, In Orpheus 2005"
Vat.gr.1260,7.0,1,palinsesto,0,https://digi.vatlib.it/mss/detail/Vat.gr.1260,https://digi.vatlib.it/view/MSS_Vat.gr.1260,"Low Quality Bibliographic References: 1) Arnesano, Daniele, 1975- Frammenti dell'Historia Philothea di Teodoreto di Ciro nel palinsesto Laur. 87.21, In Orpheus 2005"
Vat.gr.1636,7.0,1,palinsesto,0,https://digi.vatlib.it/mss/detail/Vat.gr.1636,https://digi.vatlib.it/view/MSS_Vat.gr.1636,"Low Quality Bibliographic References: 1) Arnesano, Daniele, 1975- Frammenti dell'Historia Philothea di Teodoreto di Ciro nel palinsesto Laur. 87.21, In Orpheus 2005"
Vat.gr.2013,7.0,1,palinsesto,0,https://digi.vatlib.it/mss/detail/Vat.gr.2013,https://digi.vatlib.it/view/MSS_Vat.gr.2013,"Low Quality Bibliographic References: 1) Voicu, Sever J., 1945- L'omeliario palinsesto del Vatic. gr. 2061 A, In Revue d’histoire des textes 1982"
Vat.lat.5757,7.0,1,palinsesto,0,https://digi.vatlib.it/mss/detail/Vat.lat.5757,https://digi.vatlib.it/view/MSS_Vat.lat.5757,"Bibliographic References: 1) Pasoli‏, Elio,‏ 1927-1979 Cicerone Rep. I 16 (per la casistica del genitivo di fine e di causa) In Rivista di filologia e di istruzione classica"
Vat.lat.6163,7.0,1,palinsesto,0,https://digi.vatlib.it/mss/detail/Vat.lat.6163,https://digi.vatlib.it/view/MSS_Vat.lat.6163,"Low Quality Bibliographic References: 1) Mercati, Giovanni, card., 1866-1957 Appunti sul palinsesto Vat. gr. 1456 In Rheinisches Museum für Philologie"
Barb.gr.419,6.6,2,frammento; ignoto,0,https://digi.vatlib.it/mss/detail/Barb.gr.419,https://digi.vatlib.it/view/MSS_Barb.gr.419,"Bibliographic References: 1) Lucà, Santo, 1947- Un ignoto frammento del De lege spirituali di Marco Monaco (Athos, Protatou 38, ff. 1r-2v), con una nota sulla fortuna dei suoi scritti nella Calabria bizantina, In Corolla Byzantina. Studi in onore di Carmelo Crimi, 2025."
Barb.gr.522,6.6,2,frammento; ignoto,0,https://digi.vatlib.it/mss/detail/Barb.gr.522,https://digi.vatlib.it/view/MSS_Barb.gr.522,"Low Quality Bibliographic References: 1) Lucà, Santo, 1947- Un ignoto frammento del De lege spirituali di Marco Monaco (Athos, Protatou 38, ff. 1r-2v), con una nota sulla fortuna dei suoi scritti nella Calabria bizantina, In Corolla Byzantina. Studi in onore di Carmelo Crimi, 2025."
Chig.D.V.77,6.6,2,frammento; ignoto,0,https://digi.vatlib.it/mss/detail/Chig.D.V.77,https://digi.vatlib.it/view/MSS_Chig.D.V.77,"Bibliographic References: 1) Foglia, M. Ida Un’ipotesi sull’origine volturnense di un frammento vallicelliano, In Bullettino dell'Istituto storico italiano per il Medio Evo 1997-98"
Pal.gr.91,6.6,2,frammento; ignoto,0,https://digi.vatlib.it/mss/detail/Pal.gr.91,https://digi.vatlib.it/view/MSS_Pal.gr.91,"Bibliographic References: 1) Lucà, Santo, 1947- Un ignoto frammento del De lege spirituali di Marco Monaco (Athos, Protatou 38, ff. 1r-2v), con una nota sulla fortuna dei suoi scritti nella Calabria bizantina, In Corolla Byzantina. Studi in onore di Carmelo Crimi, 2025."
Barb.lat.2724,6.6,2,ignoto; inedito,0,https://digi.vatlib.it/mss/detail/Barb.lat.2724,https://digi.vatlib.it/view/MSS_Barb.lat.2724,"Bibliographic References: 1) Avagliano, Faustino In margine all'edizione del ""Chronicon Vulturnense"" del Federici. Da un carteggio inedito del Federici col Duca Enrico Catemario, In Una grande abbazia altomedievale nel Molise: San Vincenzo al Volturno. Atti del I Convegno di studi sul Medioevomeridionale (Venafro-S. Vincenzo al Volturno, 19-22 maggio 1982), 1985"
Pal.gr.116,6.6,2,ignoto; inedito,0,https://digi.vatlib.it/mss/detail/Pal.gr.116,https://digi.vatlib.it/view/MSS_Pal.gr.116,"Bibliographic References: 1) Lucà, Santo, 1947- Un inedito γριφος sul calamo? Athon., Protat. 29, f. 257v, In ΕΥΛΟΓΙΑ: sulle orme di André Jacob, 2021. 2) Lucà, Santo, 1947- Un inedito γρϊφος sul calamo? Athon., Protat. 29, f. 257v, In Eulogia: sulle orme di André Jacob, a cura di Roberta Durante, presentazione di Mario Spedicato (Quaderni de L’Idomeneo-Società di storia patria: Sezione di Lecce 50) 2021."
Barb.lat.4077,6.6,2,autografo; minuta,0,https://digi.vatlib.it/mss/detail/Barb.lat.4077,https://digi.vatlib.it/view/MSS_Barb.lat.4077,"Bibliographic References: 1) Petrucci, Armando, 1932-2018 Minuta, autografo , libro d'autore, In Il libro e il testo. Atti del convegno internazionale, Urbino 20-23 sett. 1982, 1984"
Barb.gr.232,6.05,2,anonimo; marginalia,0,https://digi.vatlib.it/mss/detail/Barb.gr.232,https://digi.vatlib.it/view/MSS_Barb.gr.232,"Bibliographic References: 1) Serventi, Stefano Il Vat. gr. 167, testimone della Continuatio Theophanis, e i marginalia di un anonimo lettore bizantino, In Aevum. Rassegna di scienze storiche, linguistiche e filologiche 2001"
Barb.gr.264,6.05,2,anonimo; marginalia,0,https://digi.vatlib.it/mss/detail/Barb.gr.264,https://digi.vatlib.it/view/MSS_Barb.gr.264,"Low Quality Bibliographic References: 1) Serventi, Stefano Il Vat. gr. 167, testimone della Continuatio Theophanis, e i marginalia di un anonimo lettore bizantino, In Aevum. Rassegna di scienze storiche, linguistiche e filologiche 2001"
Barb.gr.501,6.05,2,anonimo; marginalia,0,https://digi.vatlib.it/mss/detail/Barb.gr.501,https://digi.vatlib.it/view/MSS_Barb.gr.501,"Bibliographic References: 1) Serventi, Stefano Il Vat. gr. 167, testimone della Continuatio Theophanis, e i marginalia di un anonimo lettore bizantino, In Aevum. Rassegna di scienze storiche, linguistiche e filologiche 2001"
Pal.gr.135,6.05,2,anonimo; marginalia,0,https://digi.vatlib.it/mss/detail/Pal.gr.135,https://digi.vatlib.it/view/MSS_Pal.gr.135,"Bibliographic References: 1) Pinto, Pasquale Massimo I “Parenti” di Isocrate (Sullo scambio, 4 e un commento anonimo alla Retorica di Aristotele, CAG XXI.2, pp. 325, 19-326,3), In Bollettino dei Classici 1999"
Reg.gr.105,6.05,2,anonimo; marginalia,0,https://digi.vatlib.it/mss/detail/Reg.gr.105,https://digi.vatlib.it/view/MSS_Reg.gr.105,"Bibliographic References: 1) Serventi, Stefano Il Vat. gr. 167, testimone della Continuatio Theophanis, e i marginalia di un anonimo lettore bizantino, In Aevum. Rassegna di scienze storiche, linguistiche e filologiche 2001"
Vat.gr.244,6.05,2,anonymus; marginalia,0,https://digi.vatlib.it/mss/detail/Vat.gr.244,https://digi.vatlib.it/view/MSS_Vat.gr.244,"Bibliographic References: 1) Krewet, Michael Der Anonymus Coislinianus-Kommentar in den süditalienischen Handschriften der Terra d’Otranto des 12. und 13. Jahrhunderts, In Die griechische Gelehrsamkeit in Süditalien. Manuskripte, Texte und Wissenstransfer im 10.-13. Jahrhundert, Etymologika - Studien 2025. 2) Ebbesen, Sten, 1946- Analyzing Syllogisms or Anonymus Aurelianensis III - the (presumably) Earliest Extant Latin Commentary on the Prior Analytics and its Greek Model, In Cahiers de l’Institut du Moyen-Âge grec et latin 1981"
Reg.gr.Pio.II.35,6.05,2,attribuzione; postille,0,https://digi.vatlib.it/mss/detail/Reg.gr.Pio.II.35,https://digi.vatlib.it/view/MSS_Reg.gr.Pio.II.35,"Bibliographic References: 1) Lucà, Santo, 1947- Italograeca, III. Reggio Calabria, Biblioteca Comunale «Pietro De Nava», Pergamene e Rari, perg. nr. 64: frammento di Lezionario del secolo XII (con un’appendice su qualche manoscritto greco di incerta attribuzione all’Italia meridionale), In Archivio storico per la Calabria e la Lucania 2023"
Barb.gr.98,6.05,2,autografo; marginalia,0,https://digi.vatlib.it/mss/detail/Barb.gr.98,https://digi.vatlib.it/view/MSS_Barb.gr.98,"Bibliographic References: 1) Formentin, Maria Rosa Un nuovo codice di Giovanni Lido, autografo di Aulo Giano Parrasio, In Alethes Philia. Studi in onore di Giancarlo Prato, II, 2010"
Pal.gr.278,6.05,2,autografo; ignoto,0,https://digi.vatlib.it/mss/detail/Pal.gr.278,https://digi.vatlib.it/view/MSS_Pal.gr.278,"Bibliographic References: 1) Speranzi, David Il metropolita e il cavaliere. Un ignoto autografo cortasmeniano alla Nazionale di Firenze, In Le livre manuscrit grec: écriture, materiaux, histoire (Actes du IXe Colloque international de Paléographie grecque, Paris, 10-15 septembre 2018, édités par Marie Cronier et Brigitte Mondrain), 2020"
Barb.gr.39,5.5,1,palinsesto,0,https://digi.vatlib.it/mss/detail/Barb.gr.39,https://digi.vatlib.it/view/MSS_Barb.gr.39,"Bibliographic References: 1) Broia, Daniele Per una rilettura del palinsesto Vat. gr. 2061 A: saggio di ripristino digitale e di edizione diplomatica del Nomocanone alla luce del sistema RE.CO.RD®, In Bollettino della Badia greca di Grottaferrata 1999"
Barb.lat.302,5.5,1,palinsesto,0,https://digi.vatlib.it/mss/detail/Barb.lat.302,https://digi.vatlib.it/view/MSS_Barb.lat.302,"Bibliographic References: 1) Tangari, Nicola Il palinsesto V C 14 della Biblioteca Nazionale di Napoli: un antifonario del secolo X/XI e il Doctrinale di Alexander de Villa Dei, Scritture e libri del medioevo 2026."
Barb.lat.311,5.5,1,palinsesto,0,https://digi.vatlib.it/mss/detail/Barb.lat.311,https://digi.vatlib.it/view/MSS_Barb.lat.311,"Bibliographic References: 1) Falcioni, Eugenio Il De Balneis Puteolanis e l'Eneide: due testi, un unico supporto. Un palinsesto nel codice Ottoboniano Latino 2110, In Studi e Testi 516, In Miscellanea Bibliothecae Apostolicae Vaticanae 2017."
Ott.lat.145,5.5,1,palinsesto,0,https://digi.vatlib.it/mss/detail/Ott.lat.145,https://digi.vatlib.it/view/MSS_Ott.lat.145,"Low Quality Bibliographic References: 1) Tangari, Nicola Il palinsesto V C 14 della Biblioteca Nazionale di Napoli: un antifonario del secolo X/XI e il Doctrinale di Alexander de Villa Dei, Scritture e libri del medioevo 2026."
Ott.lat.2110,5.5,1,palinsesto,0,https://digi.vatlib.it/mss/detail/Ott.lat.2110,https://digi.vatlib.it/view/MSS_Ott.lat.2110,"Bibliographic References: 1) Falcioni, Eugenio Il De Balneis Puteolanis e l'Eneide: due testi, un unico supporto. Un palinsesto nel codice Ottoboniano Latino 2110, In Studi e Testi 516, In Miscellanea Bibliothecae Apostolicae Vaticanae 2017. 2) Falcioni, Eugenio Il De Balneis Puteolanis e l'Eneide: due testi, un unico supporto. Un palinsesto nel codice Ottoboniano Latino 2110, In Studi e Testi 516, In Miscellanea Bibliothecae Apostolicae Vaticanae 2017."
Pal.gr.228,5.5,1,palinsesto,0,https://digi.vatlib.it/mss/detail/Pal.gr.228,https://digi.vatlib.it/view/MSS_Pal.gr.228,"Bibliographic References: 1) Lucà, Santo, 1947- Frammenti dell'Ad Theodorum Lapsum di Giovanni Crisostomo in un palinsesto di Grottaferrata : Crypt. G.b.XX, ora Gr. 145, In Storie di cultura scritta: studi per Francesco Magistrale (a cura di P. Fioretti; con la collaborazione di Annangela Germano e Marco Antonio Siciliani),"
Pal.lat.909,5.5,1,palinsesto,0,https://digi.vatlib.it/mss/detail/Pal.lat.909,https://digi.vatlib.it/view/MSS_Pal.lat.909,"Bibliographic References: 1) Tangari, Nicola Il palinsesto V C 14 della Biblioteca Nazionale di Napoli: un antifonario del secolo X/XI e il Doctrinale di Alexander de Villa Dei, Scritture e libri del medioevo 2026."
Pal.lat.1764,5.5,1,palinsesto,0,https://digi.vatlib.it/mss/detail/Pal.lat.1764,https://digi.vatlib.it/view/MSS_Pal.lat.1764,"Bibliographic References: 1) Tangari, Nicola Il palinsesto V C 14 della Biblioteca Nazionale di Napoli: un antifonario del secolo X/XI e il Doctrinale di Alexander de Villa Dei, Scritture e libri del medioevo 2026."
Reg.gr.144,5.5,1,palinsesto,0,https://digi.vatlib.it/mss/detail/Reg.gr.144,https://digi.vatlib.it/view/MSS_Reg.gr.144,"Bibliographic References: 1) Cataldi Palau, Annaclara Un nuovo manoscritto palinsesto di Giorgio Baiophoros, In Studies in greek manuscripts, 1 (Testi, studi, strumenti, 24), 2008 2) Cataldi Palau, Annaclara Un nuovo manoscritto palinsesto di Giorgio Baiophoros, In Libri palinsesti greci: conservazione, restauro digitale, studio. Atti del Convegno internazionale, Villa Mondragone - Monte Porzio Catone - Università di Roma ""Tor Vergata"" - Biblioteca del Monumento Nazionale di Grottaferrata, 21-24 apr. 2004, 2008"
Reg.lat.316,5.5,1,palinsesto,0,https://digi.vatlib.it/mss/detail/Reg.lat.316,https://digi.vatlib.it/view/MSS_Reg.lat.316,"Bibliographic References: 1) Mohlberg, Leo Cunibert, O.S.B., 1878-1963 Un Sacramentario palinsesto del secolo VIII dell'Italia Centrale In Atti della Pontificia Accademia Romana di archeologia, S. III, Rendiconti"
Reg.lat.466,5.5,1,palinsesto,0,https://digi.vatlib.it/mss/detail/Reg.lat.466,https://digi.vatlib.it/view/MSS_Reg.lat.466,"Bibliographic References: 1) Tangari, Nicola Il palinsesto V C 14 della Biblioteca Nazionale di Napoli: un antifonario del secolo X/XI e il Doctrinale di Alexander de Villa Dei, Scritture e libri del medioevo 2026."
Reg.lat.620,5.5,1,palinsesto,0,https://digi.vatlib.it/mss/detail/Reg.lat.620,https://digi.vatlib.it/view/MSS_Reg.lat.620,"Bibliographic References: 1) Calderan, Roberto Per una nuova edizione critica di Giulio Valerio, I: l'apografo peyroniano del palinsesto torinese, In Rivista di filologia e di istruzione classica 1981"
Ross.379,5.5,1,palinsesto,0,https://digi.vatlib.it/mss/detail/Ross.379,https://digi.vatlib.it/view/MSS_Ross.379,"Bibliographic References: 1) Falcioni, Eugenio Il De Balneis Puteolanis e l'Eneide: due testi, un unico supporto. Un palinsesto nel codice Ottoboniano Latino 2110, In Studi e Testi 516, In Miscellanea Bibliothecae Apostolicae Vaticanae 2017."
Urb.gr.96,5.5,1,palinsesto,0,https://digi.vatlib.it/mss/detail/Urb.gr.96,https://digi.vatlib.it/view/MSS_Urb.gr.96,"Bibliographic References: 1) Cataldi Palau, Annaclara Un nuovo manoscritto palinsesto di Giorgio Baiophoros, In Studies in greek manuscripts, 1 (Testi, studi, strumenti, 24), 2008 2) Cataldi Palau, Annaclara Un nuovo manoscritto palinsesto di Giorgio Baiophoros, In Libri palinsesti greci: conservazione, restauro digitale, studio. Atti del Convegno internazionale, Villa Mondragone - Monte Porzio Catone - Università di Roma ""Tor Vergata"" - Biblioteca del Monumento Nazionale di Grottaferrata, 21-24 apr. 2004, 2008"
Urb.gr.154,5.5,1,palinsesto,0,https://digi.vatlib.it/mss/detail/Urb.gr.154,https://digi.vatlib.it/view/MSS_Urb.gr.154,"Bibliographic References: 1) Cataldi Palau, Annaclara Un nuovo manoscritto palinsesto di Giorgio Baiophoros, In Studies in greek manuscripts, 1 (Testi, studi, strumenti, 24), 2008 2) Cataldi Palau, Annaclara Un nuovo manoscritto palinsesto di Giorgio Baiophoros, In Libri palinsesti greci: conservazione, restauro digitale, studio. Atti del Convegno internazionale, Villa Mondragone - Monte Porzio Catone - Università di Roma ""Tor Vergata"" - Biblioteca del Monumento Nazionale di Grottaferrata, 21-24 apr. 2004, 2008"
Urb.gr.155,5.5,1,palinsesto,0,https://digi.vatlib.it/mss/detail/Urb.gr.155,https://digi.vatlib.it/view/MSS_Urb.gr.155,"Bibliographic References: 1) Cataldi Palau, Annaclara Un nuovo manoscritto palinsesto di Giorgio Baiophoros, In Studies in greek manuscripts, 1 (Testi, studi, strumenti, 24), 2008 2) Cataldi Palau, Annaclara Un nuovo manoscritto palinsesto di Giorgio Baiophoros, In Libri palinsesti greci: conservazione, restauro digitale, studio. Atti del Convegno internazionale, Villa Mondragone - Monte Porzio Catone - Università di Roma ""Tor Vergata"" - Biblioteca del Monumento Nazionale di Grottaferrata, 21-24 apr. 2004, 2008"
Vat.gr.14,5.5,1,palinsesto,0,https://digi.vatlib.it/mss/detail/Vat.gr.14,https://digi.vatlib.it/view/MSS_Vat.gr.14,"Bibliographic References: 1) Arnesano, Daniele, 1975- Il palinsesto Laur. Plut. 57.36. Una nota storica sull'assedio di Gallipoli e nuove testimonianza dialettali italo-meridionali, In Rivista di studi bizantini e neoellenici 2004"
Vat.gr.19,5.5,1,palinsesto,0,https://digi.vatlib.it/mss/detail/Vat.gr.19,https://digi.vatlib.it/view/MSS_Vat.gr.19,"Bibliographic References: 1) Cataldi Palau, Annaclara Un nuovo manoscritto palinsesto di Giorgio Baiophoros, In Studies in greek manuscripts, 1 (Testi, studi, strumenti, 24), 2008 2) Turco, Gianluca Il palinsesto Ambrosiano Q 6 sup., In Libri palinsesti greci: conservazione, restauro digitale, studio. Atti del Convegno internazionale, Villa Mondragone - Monte Porzio Catone - Università di Roma ""Tor Vergata"" - Biblioteca del Monumento Nazionale di Grottaferrata, 21-24 apr. 2004, 2008 3) Cataldi Palau, Annaclara Un nuovo manoscritto palinsesto di Giorgio Baiophoros, In Libri palinsesti greci: conservazione, restauro digitale, studio. Atti del Convegno internazionale, Villa Mondragone - Monte Porzio Catone - Università di Roma ""Tor Vergata"" - Biblioteca del Monumento Nazionale di Grottaferrata, 21-24 apr. 2004, 2008"
Vat.gr.21,5.5,1,palinsesto,0,https://digi.vatlib.it/mss/detail/Vat.gr.21,https://digi.vatlib.it/view/MSS_Vat.gr.21,"Bibliographic References: 1) Cataldi Palau, Annaclara Un nuovo manoscritto palinsesto di Giorgio Baiophoros, In Studies in greek manuscripts, 1 (Testi, studi, strumenti, 24), 2008 2) Cataldi Palau, Annaclara Un nuovo manoscritto palinsesto di Giorgio Baiophoros, In Libri palinsesti greci: conservazione, restauro digitale, studio. Atti del Convegno internazionale, Villa Mondragone - Monte Porzio Catone - Università di Roma ""Tor Vergata"" - Biblioteca del Monumento Nazionale di Grottaferrata, 21-24 apr. 2004, 2008"
Vat.gr.130,5.5,1,palinsesto,0,https://digi.vatlib.it/mss/detail/Vat.gr.130,https://digi.vatlib.it/view/MSS_Vat.gr.130,"Low Quality Bibliographic References: 1) Orsini, Pasquale Un foglio palinsesto nel codice Vat.gr.772, In Miscellanea Bibliotechecae Apostolicae Vaticanae, XIX (Studi e testi, 474), 2012"
Vat.gr.157,5.5,1,palinsesto,0,https://digi.vatlib.it/mss/detail/Vat.gr.157,https://digi.vatlib.it/view/MSS_Vat.gr.157,"Bibliographic References: 1) Cataldi Palau, Annaclara Un nuovo manoscritto palinsesto di Giorgio Baiophoros, In Studies in greek manuscripts, 1 (Testi, studi, strumenti, 24), 2008 2) Cataldi Palau, Annaclara Un nuovo manoscritto palinsesto di Giorgio Baiophoros, In Libri palinsesti greci: conservazione, restauro digitale, studio. Atti del Convegno internazionale, Villa Mondragone - Monte Porzio Catone - Università di Roma ""Tor Vergata"" - Biblioteca del Monumento Nazionale di Grottaferrata, 21-24 apr. 2004, 2008"
Vat.gr.717,5.5,1,palinsesto,0,https://digi.vatlib.it/mss/detail/Vat.gr.717,https://digi.vatlib.it/view/MSS_Vat.gr.717,"Low Quality Bibliographic References: 1) Cataldi Palau, Annaclara Un nuovo manoscritto palinsesto di Giorgio Baiophoros, In Studies in greek manuscripts, 1 (Testi, studi, strumenti, 24), 2008 2) Cataldi Palau, Annaclara Un nuovo manoscritto palinsesto di Giorgio Baiophoros, In Libri palinsesti greci: conservazione, restauro digitale, studio. Atti del Convegno internazionale, Villa Mondragone - Monte Porzio Catone - Università di Roma ""Tor Vergata"" - Biblioteca del Monumento Nazionale di Grottaferrata, 21-24 apr. 2004, 2008"
Vat.gr.772,5.5,1,palinsesto,0,https://digi.vatlib.it/mss/detail/Vat.gr.772,https://digi.vatlib.it/view/MSS_Vat.gr.772,"Low Quality Bibliographic References: 1) Orsini, Pasquale Un foglio palinsesto nel codice Vat.gr.772, In Miscellanea Bibliothecae Apostolicae Vaticanae XIX (Studi e testi, 474), 2012"
Vat.gr.784,5.5,1,palinsesto,0,https://digi.vatlib.it/mss/detail/Vat.gr.784,https://digi.vatlib.it/view/MSS_Vat.gr.784,"Low Quality Bibliographic References: 1) Baldi, Davide Il palinsesto Laur. Plut. 10.15, In Libri palinsesti greci: conservazione, restauro digitale, studio. Atti del Convegno internazionale, Villa Mondragone - Monte Porzio Catone - Università di Roma ""Tor Vergata"" - Biblioteca del Monumento Nazionale di Grottaferrata, 21-24 apr. 2004, 2008"
Vat.gr.1107,5.5,1,palinsesto,0,https://digi.vatlib.it/mss/detail/Vat.gr.1107,https://digi.vatlib.it/view/MSS_Vat.gr.1107,"Low Quality Bibliographic References: 1) Cataldi Palau, Annaclara Un nuovo manoscritto palinsesto di Giorgio Baiophoros, In Studies in greek manuscripts, 1 (Testi, studi, strumenti, 24), 2008 2) Cataldi Palau, Annaclara Un nuovo manoscritto palinsesto di Giorgio Baiophoros, In Libri palinsesti greci: conservazione, restauro digitale, studio. Atti del Convegno internazionale, Villa Mondragone - Monte Porzio Catone - Università di Roma ""Tor Vergata"" - Biblioteca del Monumento Nazionale di Grottaferrata, 21-24 apr. 2004, 2008"
Vat.gr.1221,5.5,1,palinsesto,0,https://digi.vatlib.it/mss/detail/Vat.gr.1221,https://digi.vatlib.it/view/MSS_Vat.gr.1221,"Low Quality Bibliographic References: 1) Lucà, Santo, 1947- Frammenti dell'Ad Theodorum Lapsum di Giovanni Crisostomo in un palinsesto di Grottaferrata : Crypt. G.b.XX, ora Gr. 145, In Storie di cultura scritta: studi per Francesco Magistrale (a cura di P. Fioretti; con la collaborazione di Annangela Germano e Marco Antonio Siciliani),"
Vat.gr.1231,5.5,1,palinsesto,0,https://digi.vatlib.it/mss/detail/Vat.gr.1231,https://digi.vatlib.it/view/MSS_Vat.gr.1231,"Bibliographic References: 1) Orsini, Pasquale Un foglio palinsesto nel codice Vat.gr.772, In Miscellanea Bibliotechecae Apostolicae Vaticanae, XIX (Studi e testi, 474), 2012 2) Arnesano, Daniele, 1975- Frammenti dell'Historia Philothea di Teodoreto di Ciro nel palinsesto Laur. 87.21, In Orpheus 2005"
Vat.gr.1276,5.5,1,palinsesto,0,https://digi.vatlib.it/mss/detail/Vat.gr.1276,https://digi.vatlib.it/view/MSS_Vat.gr.1276,"Bibliographic References: 1) Palla, Luisa Il palinsesto Ambrosiano F 10 sup., In Libri palinsesti greci: conservazione, restauro digitale, studio. Atti del Convegno internazionale, Villa Mondragone - Monte Porzio Catone - Università di Roma ""Tor Vergata"" - Biblioteca del Monumento Nazionale di Grottaferrata, 21-24 apr. 2004, 2008 2) Arnesano, Daniele, 1975- Il palinsesto Laur. Plut. 57.36. Una nota storica sull'assedio di Gallipoli e nuove testimonianza dialettali italo-meridionali, In Rivista di studi bizantini e neoellenici 2004"
Vat.gr.1594,5.5,1,palinsesto,0,https://digi.vatlib.it/mss/detail/Vat.gr.1594,https://digi.vatlib.it/view/MSS_Vat.gr.1594,"Bibliographic References: 1) Cataldi Palau, Annaclara Un nuovo codice della collezione filosofica. Il palinsesto Parisinus graecus 2575, In Studies in greek manuscripts, 1 (Testi, studi, strumenti, 24), 2008"
Vat.gr.1628,5.5,1,palinsesto,0,https://digi.vatlib.it/mss/detail/Vat.gr.1628,https://digi.vatlib.it/view/MSS_Vat.gr.1628,"Low Quality Bibliographic References: 1) Lucà, Santo, 1947- Frammenti dell'Ad Theodorum Lapsum di Giovanni Crisostomo in un palinsesto di Grottaferrata : Crypt. G.b.XX, ora Gr. 145, In Storie di cultura scritta: studi per Francesco Magistrale (a cura di P. Fioretti; con la collaborazione di Annangela Germano e Marco Antonio Siciliani),"
Vat.gr.1666,5.5,1,palinsesto,0,https://digi.vatlib.it/mss/detail/Vat.gr.1666,https://digi.vatlib.it/view/MSS_Vat.gr.1666,"Bibliographic References: 1) Arnesano, Daniele, 1975- Il palinsesto Laur. Conv. Soppr. 152. Note paleografiche e codicologiche, In Bollettino della Badia greca di Grottaferrata 1999"
Vat.gr.1852,5.5,1,palinsesto,0,https://digi.vatlib.it/mss/detail/Vat.gr.1852,https://digi.vatlib.it/view/MSS_Vat.gr.1852,"Bibliographic References: 1) Cataldi Palau, Annaclara Un nuovo manoscritto palinsesto di Giorgio Baiophoros, In Studies in greek manuscripts, 1 (Testi, studi, strumenti, 24), 2008 2) Cataldi Palau, Annaclara Un nuovo manoscritto palinsesto di Giorgio Baiophoros, In Libri palinsesti greci: conservazione, restauro digitale, studio. Atti del Convegno internazionale, Villa Mondragone - Monte Porzio Catone - Università di Roma ""Tor Vergata"" - Biblioteca del Monumento Nazionale di Grottaferrata, 21-24 apr. 2004, 2008"
Vat.gr.1890.pt.1,5.5,1,palinsesto,0,https://digi.vatlib.it/mss/detail/Vat.gr.1890.pt.1,https://digi.vatlib.it/view/MSS_Vat.gr.1890.pt.1,"Bibliographic References: 1) Lucà, Santo, 1947- Frammenti dell'Ad Theodorum Lapsum di Giovanni Crisostomo in un palinsesto di Grottaferrata : Crypt. G.b.XX, ora Gr. 145, In Storie di cultura scritta: studi per Francesco Magistrale (a cura di P. Fioretti; con la collaborazione di Annangela Germano e Marco Antonio Siciliani),"
Vat.gr.1890.pt.2,5.5,1,palinsesto,0,https://digi.vatlib.it/mss/detail/Vat.gr.1890.pt.2,https://digi.vatlib.it/view/MSS_Vat.gr.1890.pt.2,"Bibliographic References: 1) Lucà, Santo, 1947- Frammenti dell'Ad Theodorum Lapsum di Giovanni Crisostomo in un palinsesto di Grottaferrata : Crypt. G.b.XX, ora Gr. 145, In Storie di cultura scritta: studi per Francesco Magistrale (a cura di P. Fioretti; con la collaborazione di Annangela Germano e Marco Antonio Siciliani),"
Vat.gr.1926,5.5,1,palinsesto,0,https://digi.vatlib.it/mss/detail/Vat.gr.1926,https://digi.vatlib.it/view/MSS_Vat.gr.1926,"Bibliographic References: 1) Lucà, Santo, 1947- Frammenti dell'Ad Theodorum Lapsum di Giovanni Crisostomo in un palinsesto di Grottaferrata : Crypt. G.b.XX, ora Gr. 145, In Storie di cultura scritta: studi per Francesco Magistrale (a cura di P. Fioretti; con la collaborazione di Annangela Germano e Marco Antonio Siciliani),"
Vat.gr.2055,5.5,1,palinsesto,0,https://digi.vatlib.it/mss/detail/Vat.gr.2055,https://digi.vatlib.it/view/MSS_Vat.gr.2055,"Bibliographic References: 1) Lucà, Santo, 1947- Frammenti dell'Ad Theodorum Lapsum di Giovanni Crisostomo in un palinsesto di Grottaferrata : Crypt. G.b.XX, ora Gr. 145, In Storie di cultura scritta: studi per Francesco Magistrale (a cura di P. Fioretti; con la collaborazione di Annangela Germano e Marco Antonio Siciliani),"
Vat.gr.2066,5.5,1,palinsesto,0,https://digi.vatlib.it/mss/detail/Vat.gr.2066,https://digi.vatlib.it/view/MSS_Vat.gr.2066,"Bibliographic References: 1) Serventi, Stefano La scrittura inferiore del palinsesto Ambr. F 130 sup. (gr. 371), In Libri palinsesti greci: conservazione, restauro digitale, studio. Atti del Convegno internazionale, Villa Mondragone - Monte Porzio Catone - Università di Roma ""Tor Vergata"" - Biblioteca del Monumento Nazionale di Grottaferrata, 21-24 apr. 2004, 2008 2) Arnesano, Daniele, 1975- Frammenti dell'Historia Philothea di Teodoreto di Ciro nel palinsesto Laur. 87.21, In Orpheus 2005"
Vat.gr.2121,5.5,1,palinsesto,0,https://digi.vatlib.it/mss/detail/Vat.gr.2121,https://digi.vatlib.it/view/MSS_Vat.gr.2121,"Low Quality Bibliographic References: 1) Lucà, Santo, 1947- Frammenti dell'Ad Theodorum Lapsum di Giovanni Crisostomo in un palinsesto di Grottaferrata : Crypt. G.b.XX, ora Gr. 145, In Storie di cultura scritta: studi per Francesco Magistrale (a cura di P. Fioretti; con la collaborazione di Annangela Germano e Marco Antonio Siciliani),"
Vat.gr.2186,5.5,1,palinsesto,0,https://digi.vatlib.it/mss/detail/Vat.gr.2186,https://digi.vatlib.it/view/MSS_Vat.gr.2186,"Low Quality Bibliographic References: 1) Cataldi Palau, Annaclara Un nuovo manoscritto palinsesto di Giorgio Baiophoros, In Studies in greek manuscripts, 1 (Testi, studi, strumenti, 24), 2008 2) Cataldi Palau, Annaclara Un nuovo manoscritto palinsesto di Giorgio Baiophoros, In Libri palinsesti greci: conservazione, restauro digitale, studio. Atti del Convegno internazionale, Villa Mondragone - Monte Porzio Catone - Università di Roma ""Tor Vergata"" - Biblioteca del Monumento Nazionale di Grottaferrata, 21-24 apr. 2004, 2008"
Vat.gr.2197,5.5,1,palinsesto,0,https://digi.vatlib.it/mss/detail/Vat.gr.2197,https://digi.vatlib.it/view/MSS_Vat.gr.2197,"Bibliographic References: 1) Cataldi Palau, Annaclara Un nuovo codice della collezione filosofica. Il palinsesto Parisinus graecus 2575, In Studies in greek manuscripts, 1 (Testi, studi, strumenti, 24), 2008"
Vat.gr.2249,5.5,1,palinsesto,0,https://digi.vatlib.it/mss/detail/Vat.gr.2249,https://digi.vatlib.it/view/MSS_Vat.gr.2249,"Bibliographic References: 1) Cataldi Palau, Annaclara Un nuovo codice della collezione filosofica. Il palinsesto Parisinus graecus 2575, In Studies in greek manuscripts, 1 (Testi, studi, strumenti, 24), 2008"
Vat.gr.2305,5.5,1,palinsesto,0,https://digi.vatlib.it/mss/detail/Vat.gr.2305,https://digi.vatlib.it/view/MSS_Vat.gr.2305,"Bibliographic References: 1) Arnesano, Daniele, 1975- Il palinsesto Laur. Conv. Soppr. 152. Note paleografiche e codicologiche, In Bollettino della Badia greca di Grottaferrata 1999"
Vat.gr.2306,5.5,1,palinsesto,0,https://digi.vatlib.it/mss/detail/Vat.gr.2306,https://digi.vatlib.it/view/MSS_Vat.gr.2306,"Bibliographic References: 1) Broia, Daniele Per una rilettura del palinsesto Vat. gr. 2061 A: saggio di ripristino digitale e di edizione diplomatica del Nomocanone alla luce del sistema RE.CO.RD®, In Bollettino della Badia greca di Grottaferrata 1999 2) Crisci, Edoardo Un frammento palinsesto del ""Commento al vangelo di S. Matteo"" di Origene nel codice Criptense Γ. β.VI, In Jahrbuch der Österreichischen Byzantinistik 1988"
Vat.gr.2383,5.5,1,palinsesto,0,https://digi.vatlib.it/mss/detail/Vat.gr.2383,https://digi.vatlib.it/view/MSS_Vat.gr.2383,"Low Quality Bibliographic References: 1) Arnesano, Daniele, 1975- Il palinsesto Laur. Plut. 57.36. Una nota storica sull'assedio di Gallipoli e nuove testimonianza dialettali italo-meridionali, In Rivista di studi bizantini e neoellenici 2004"
Vat.lat.3317,5.5,1,palinsesto,0,https://digi.vatlib.it/mss/detail/Vat.lat.3317,https://digi.vatlib.it/view/MSS_Vat.lat.3317,"Bibliographic References: 1) Tangari, Nicola Il palinsesto V C 14 della Biblioteca Nazionale di Napoli: un antifonario del secolo X/XI e il Doctrinale di Alexander de Villa Dei, Scritture e libri del medioevo 2026."
Vat.lat.3436,5.5,1,palinsesto,0,https://digi.vatlib.it/mss/detail/Vat.lat.3436,https://digi.vatlib.it/view/MSS_Vat.lat.3436,"Low Quality Bibliographic References: 1) Falcioni, Eugenio Il De Balneis Puteolanis e l'Eneide: due testi, un unico supporto. Un palinsesto nel codice Ottoboniano Latino 2110, In Studi e Testi 516, In Miscellanea Bibliothecae Apostolicae Vaticanae 2017."
Vat.lat.3867,5.5,1,palinsesto,0,https://digi.vatlib.it/mss/detail/Vat.lat.3867,https://digi.vatlib.it/view/MSS_Vat.lat.3867,"Bibliographic References: 1) Fressura, Marco I perduti ff. 115-116 del Palinsesto L 120 sup. della Biblioteca ambrosiana di Milano, In Papyrologica Lupiensia Supplemento al n. 24/2015 (Studi paleografici e papirologici in ricordo di Paolo Radiciotti, a cura di Mario Capasso e Mario De Nonno),"
Vat.lat.4770,5.5,1,palinsesto,0,https://digi.vatlib.it/mss/detail/Vat.lat.4770,https://digi.vatlib.it/view/MSS_Vat.lat.4770,"Bibliographic References: 1) Tangari, Nicola Il palinsesto V C 14 della Biblioteca Nazionale di Napoli: un antifonario del secolo X/XI e il Doctrinale di Alexander de Villa Dei, Scritture e libri del medioevo 2026."
Vat.lat.5319,5.5,1,palinsesto,0,https://digi.vatlib.it/mss/detail/Vat.lat.5319,https://digi.vatlib.it/view/MSS_Vat.lat.5319,"Bibliographic References: 1) Tangari, Nicola Il palinsesto V C 14 della Biblioteca Nazionale di Napoli: un antifonario del secolo X/XI e il Doctrinale di Alexander de Villa Dei, Scritture e libri del medioevo 2026."
Vat.lat.5750,5.5,1,palinsesto,0,https://digi.vatlib.it/mss/detail/Vat.lat.5750,https://digi.vatlib.it/view/MSS_Vat.lat.5750,"Bibliographic References: 1) Rasi, Pietro, 1857-1919 Nuove osservazioni sul «Carmen de Pascha», In Miscellanea Ceriani: raccolta di scritti originali per onorare la memoria di M. Antonio Maria Ceriani, prefetto della Biblioteca Ambrosiana ... Con 70 illustrazioni e 6 tavole fuori testo 1910"
Vat.lat.10657,5.5,1,palinsesto,0,https://digi.vatlib.it/mss/detail/Vat.lat.10657,https://digi.vatlib.it/view/MSS_Vat.lat.10657,"Bibliographic References: 1) Tangari, Nicola Il palinsesto V C 14 della Biblioteca Nazionale di Napoli: un antifonario del secolo X/XI e il Doctrinale di Alexander de Villa Dei, Scritture e libri del medioevo 2026."
Vat.lat.10673,5.5,1,palinsesto,0,https://digi.vatlib.it/mss/detail/Vat.lat.10673,https://digi.vatlib.it/view/MSS_Vat.lat.10673,"Bibliographic References: 1) Tangari, Nicola Il palinsesto V C 14 della Biblioteca Nazionale di Napoli: un antifonario del secolo X/XI e il Doctrinale di Alexander de Villa Dei, Scritture e libri del medioevo 2026."
Vat.lat.11310,5.5,1,palinsesto,0,https://digi.vatlib.it/mss/detail/Vat.lat.11310,https://digi.vatlib.it/view/MSS_Vat.lat.11310,"Low Quality Bibliographic References: 1) Tangari, Nicola Il palinsesto V C 14 della Biblioteca Nazionale di Napoli: un antifonario del secolo X/XI e il Doctrinale di Alexander de Villa Dei, Scritture e libri del medioevo 2026."
Vat.slav.3,5.5,1,palinsesto,0,https://digi.vatlib.it/mss/detail/Vat.slav.3,https://digi.vatlib.it/view/MSS_Vat.slav.3,"Bibliographic References: 1) Krăstanov, Trendafil Apografo di evangeliario cirillico dei secoli X-XI nel "" Palinsesto Bulgaro"" (Vat.gr. 2502), In Christianity among the Slavs. The heritage of Saints Cyril and Methodius. Acts of the International Congress, Rome, Oct. 8-11, 1985, 1988"
Barb.lat.638,5.35,1,frammento,0,https://digi.vatlib.it/mss/detail/Barb.lat.638,https://digi.vatlib.it/view/MSS_Barb.lat.638,"Bibliographic References: 1) Ciccarelli, Diego Un frammento isidoriano del IX sec, In Schede medievali 1989"
Barb.lat.1092,5.35,1,frammento,0,https://digi.vatlib.it/mss/detail/Barb.lat.1092,https://digi.vatlib.it/view/MSS_Barb.lat.1092,"Bibliographic References: 1) Tedeschi, Carlo Un nuovo frammento dei Danti del Cento, In Studi danteschi 2007"
Barb.lat.2063,5.35,1,frammento,0,https://digi.vatlib.it/mss/detail/Barb.lat.2063,https://digi.vatlib.it/view/MSS_Barb.lat.2063,"Bibliographic References: 1) Cantarelli, Luigi, 1858-1931 Di un frammento epigrafico cristiano dell'isola Portuense, In Bullettino della Commissione archeologica comunale di Roma"
Barb.lat.3084,5.35,1,frammento,0,https://digi.vatlib.it/mss/detail/Barb.lat.3084,https://digi.vatlib.it/view/MSS_Barb.lat.3084,"Bibliographic References: 1) Cantarelli, Luigi, 1858-1931 Di un frammento epigrafico cristiano dell'isola Portuense, In Bullettino della Commissione archeologica comunale di Roma"
Barb.lat.3986,5.35,1,frammento,0,https://digi.vatlib.it/mss/detail/Barb.lat.3986,https://digi.vatlib.it/view/MSS_Barb.lat.3986,"Low Quality Bibliographic References: 1) Dell’Agostino, Veronica Nuove considerazioni sul "" Frammento Romegialli"", In Rivista di storia della miniatura 2011"
Barb.lat.4007,5.35,1,frammento,0,https://digi.vatlib.it/mss/detail/Barb.lat.4007,https://digi.vatlib.it/view/MSS_Barb.lat.4007,"Bibliographic References: 1) Mazzoni, Francesco Un frammento (conosciuto) di Giovanni Boccaccio in California, In Studi danteschi 1972"
Barb.lat.4071,5.35,1,frammento,0,https://digi.vatlib.it/mss/detail/Barb.lat.4071,https://digi.vatlib.it/view/MSS_Barb.lat.4071,"Bibliographic References: 1) Mazzoni, Francesco Un frammento (conosciuto) di Giovanni Boccaccio in California, In Studi danteschi 1972"
Borgh.2,5.35,1,frammento,0,https://digi.vatlib.it/mss/detail/Borgh.2,https://digi.vatlib.it/view/MSS_Borgh.2,"Bibliographic References: 1) Ciccarelli, Diego Un frammento isidoriano del IX sec, In Schede medievali 1989"
Borgh.365,5.35,1,frammento,0,https://digi.vatlib.it/mss/detail/Borgh.365,https://digi.vatlib.it/view/MSS_Borgh.365,"Bibliographic References: 1) Abardo, Rudy Un nuovo frammento dei Danti del Cento, In Studi danteschi 1981"
Borgh.376,5.35,1,frammento,0,https://digi.vatlib.it/mss/detail/Borgh.376,https://digi.vatlib.it/view/MSS_Borgh.376,"Bibliographic References: 1) Carletti, Maela Il Codice Borghesiano 376: frammento di una fonte catastale dell’episcopato di Iesi della fine del Duecento, In Studia Picena 2008"
Chig.L.IV.106.pt.A,5.35,1,frammento,0,https://digi.vatlib.it/mss/detail/Chig.L.IV.106.pt.A,https://digi.vatlib.it/view/MSS_Chig.L.IV.106.pt.A,"Bibliographic References: 1) De Lollis, Cesare, 1863-1928 Un frammento di canzoniere provenzale In Studi medievali"
Chig.L.VIII.292,5.35,1,frammento,0,https://digi.vatlib.it/mss/detail/Chig.L.VIII.292,https://digi.vatlib.it/view/MSS_Chig.L.VIII.292,"Bibliographic References: 1) De Robertis, Teresa, 1955- Rivalutazione di un frammento dantesco, In Studi danteschi 2001"
Ott.lat.6,5.35,1,frammento,0,https://digi.vatlib.it/mss/detail/Ott.lat.6,https://digi.vatlib.it/view/MSS_Ott.lat.6,"Bibliographic References: 1) Ciccarelli, Diego Un frammento isidoriano del IX sec, In Schede medievali 1989"
Ott.lat.2072,5.35,1,frammento,0,https://digi.vatlib.it/mss/detail/Ott.lat.2072,https://digi.vatlib.it/view/MSS_Ott.lat.2072,"Bibliographic References: 1) Monti, Carla Maria Un frammento ritrovato del codice Bancroft (University of California, Berkeley 145), In Italia medioevale e umanistica 1986"
Ott.lat.3316,5.35,1,frammento,0,https://digi.vatlib.it/mss/detail/Ott.lat.3316,https://digi.vatlib.it/view/MSS_Ott.lat.3316,"Bibliographic References: 1) Messina, Michele Due manoscritti di estratti dalla «Commedia» e un frammento In Studi danteschi"
Pal.gr.20,5.35,1,frammento,0,https://digi.vatlib.it/mss/detail/Pal.gr.20,https://digi.vatlib.it/view/MSS_Pal.gr.20,"Bibliographic References: 1) Guida, Augusto, 1950- Un nuovo frammento della replica a Giuliano di Teodoro di Mopsuestia, In Bollettino della Badia greca di Grottaferrata 1999"
Pal.gr.93,5.35,1,frammento,0,https://digi.vatlib.it/mss/detail/Pal.gr.93,https://digi.vatlib.it/view/MSS_Pal.gr.93,"Bibliographic References: 1) Mazzarino, Antonio Ancora un altro frammento ignorato di Catone, In Helikon 1982"
Pal.gr.96,5.35,1,frammento,0,https://digi.vatlib.it/mss/detail/Pal.gr.96,https://digi.vatlib.it/view/MSS_Pal.gr.96,"Bibliographic References: 1) Mazzarino, Antonio Ancora un altro frammento ignorato di Catone, In Helikon 1982"
Pal.gr.134,5.35,1,frammento,0,https://digi.vatlib.it/mss/detail/Pal.gr.134,https://digi.vatlib.it/view/MSS_Pal.gr.134,"Bibliographic References: 1) Mazzarino, Antonio Ancora un altro frammento ignorato di Catone, In Helikon 1982"
Pal.gr.203,5.35,1,frammento,0,https://digi.vatlib.it/mss/detail/Pal.gr.203,https://digi.vatlib.it/view/MSS_Pal.gr.203,"Bibliographic References: 1) Guida, Augusto, 1950- Un nuovo frammento della replica a Giuliano di Teodoro di Mopsuestia, In Bollettino della Badia greca di Grottaferrata 1999"
Pal.gr.360,5.35,1,frammento,0,https://digi.vatlib.it/mss/detail/Pal.gr.360,https://digi.vatlib.it/view/MSS_Pal.gr.360,"Bibliographic References: 1) Mazzarino, Antonio Ancora un altro frammento ignorato di Catone, In Helikon 1982"
Pal.gr.425,5.35,1,frammento,0,https://digi.vatlib.it/mss/detail/Pal.gr.425,https://digi.vatlib.it/view/MSS_Pal.gr.425,"Bibliographic References: 1) Casanova, Angelo Un frammento trascurato e il problema della divisione in libri del “Catalogo” esiodeo, In Studi italiani di filologia classica 1973"
Pal.lat.510,5.35,1,frammento,0,https://digi.vatlib.it/mss/detail/Pal.lat.510,https://digi.vatlib.it/view/MSS_Pal.lat.510,"Bibliographic References: 1) Ciccarelli, Diego Un frammento di messale in scrittura beneventana, In Schede medievali 1983"
Pal.lat.566,5.35,1,frammento,0,https://digi.vatlib.it/mss/detail/Pal.lat.566,https://digi.vatlib.it/view/MSS_Pal.lat.566,"Bibliographic References: 1) Ciccarelli, Diego Un frammento isidoriano del IX sec, In Schede medievali 1989"
Barb.lat.791,5.35,1,inedito,0,https://digi.vatlib.it/mss/detail/Barb.lat.791,https://digi.vatlib.it/view/MSS_Barb.lat.791,"Bibliographic References: 1) Mariani, Nazzareno, O.F.M. Sermone inedito di Francesco della Marca, In Archivum franciscanum historicum 2006"
Barb.lat.1462,5.35,1,inedito,0,https://digi.vatlib.it/mss/detail/Barb.lat.1462,https://digi.vatlib.it/view/MSS_Barb.lat.1462,"Bibliographic References: 1) Bellomo, Manlio Cino edito e inedito in un manoscritto chigiano, In Quaderni catanesi di studi classici e medievali 1982"
Barb.lat.1809,5.35,1,inedito,0,https://digi.vatlib.it/mss/detail/Barb.lat.1809,https://digi.vatlib.it/view/MSS_Barb.lat.1809,"Bibliographic References: 1) Tramontana, Alessandra Un inedito epigramma di Giovanni Marrasio per Girolamo Forti, In Studi Medievali e Umanistici 2007"
Barb.lat.2799,5.35,1,inedito,0,https://digi.vatlib.it/mss/detail/Barb.lat.2799,https://digi.vatlib.it/view/MSS_Barb.lat.2799,"Low Quality Bibliographic References: 1) Coste, Jean, S.M., 1926-1994 Un diario inedito degli anni 1519-1524, In Lunario romano 1980"
Barb.lat.3917,5.35,1,inedito,0,https://digi.vatlib.it/mss/detail/Barb.lat.3917,https://digi.vatlib.it/view/MSS_Barb.lat.3917,"Low Quality Bibliographic References: 1) Carboni, Fabio Un serventese inedito del Saviozzo, In Studj romanzi 1981"
Barb.lat.4000,5.35,1,inedito,0,https://digi.vatlib.it/mss/detail/Barb.lat.4000,https://digi.vatlib.it/view/MSS_Barb.lat.4000,"Low Quality Bibliographic References: 1) Carboni, Fabio Un serventese inedito del Saviozzo, In Studj romanzi 1981"
Barb.lat.4047,5.35,1,inedito,0,https://digi.vatlib.it/mss/detail/Barb.lat.4047,https://digi.vatlib.it/view/MSS_Barb.lat.4047,"Low Quality Bibliographic References: 1) Carboni, Fabio Un serventese inedito del Saviozzo, In Studj romanzi 1981"
Cappon.144,5.35,1,inedito,0,https://digi.vatlib.it/mss/detail/Cappon.144,https://digi.vatlib.it/view/MSS_Cappon.144,"Bibliographic References: 1) Piolanti, Antonio, sac., 1911- Le lacrime di Maria per i suoi figli adottivi in un testo inedito di Girolamo Ghetti da Roma, In Divinitas"
Chig.C.V.134,5.35,1,inedito,0,https://digi.vatlib.it/mss/detail/Chig.C.V.134,https://digi.vatlib.it/view/MSS_Chig.C.V.134,"Bibliographic References: 1) Bragança, Joaquim Oliveira Un ritual inèdito de baptismo, In Didaskalia. Revista da Faculdade de Teologia / Lisboa 1973"
Chig.L.IV.121,5.35,1,inedito,0,https://digi.vatlib.it/mss/detail/Chig.L.IV.121,https://digi.vatlib.it/view/MSS_Chig.L.IV.121,"Low Quality Bibliographic References: 1) Nessi, Silvestro Contributo per una nuova biografia di Iacopone da Todi con un documento inedito del 1259, In Miscellanea Francescana 1979"
Chig.L.VIII.302,5.35,1,inedito,0,https://digi.vatlib.it/mss/detail/Chig.L.VIII.302,https://digi.vatlib.it/view/MSS_Chig.L.VIII.302,"Bibliographic References: 1) Caretti, Lanfranco, 1915-1995 Un sonetto inedito attribuibile al Tasso In Studi di filologia italiana"
Pal.lat.150,5.35,1,inedito,0,https://digi.vatlib.it/mss/detail/Pal.lat.150,https://digi.vatlib.it/view/MSS_Pal.lat.150,"Bibliographic References: 1) Vezzoni, Anna Un testimone testuale inedito della versione Palatina del ""Pastore"" di Erma, In Studi classici e orientali 1987"
Arch.Cap.S.Pietro.D.168,5.35,1,inedita,0,https://digi.vatlib.it/mss/detail/Arch.Cap.S.Pietro.D.168,https://digi.vatlib.it/view/MSS_Arch.Cap.S.Pietro.D.168,"Bibliographic References: 1) Licitra, Vincenzo La razzia di Gadres in una redazione latina inedita In Studi medievali"
Arch.Cap.S.Pietro.H.49,5.35,1,inedita,0,https://digi.vatlib.it/mss/detail/Arch.Cap.S.Pietro.H.49,https://digi.vatlib.it/view/MSS_Arch.Cap.S.Pietro.H.49,"Bibliographic References: 1) Licitra, Vincenzo La razzia di Gadres in una redazione latina inedita In Studi medievali"
Barb.gr.318,5.35,1,inedita,0,https://digi.vatlib.it/mss/detail/Barb.gr.318,https://digi.vatlib.it/view/MSS_Barb.gr.318,"Bibliographic References: 1) Chiesa, Paolo Una traduzione inedita di Anastasio Bibliotecario? Le ""vitae"" latine di sant'Anfilochio, In Studi medievali 1987"
Barb.gr.332,5.35,1,inedita,0,https://digi.vatlib.it/mss/detail/Barb.gr.332,https://digi.vatlib.it/view/MSS_Barb.gr.332,"Bibliographic References: 1) Lucà, Santo, 1947- La fine inedita del commento di Nilo d'Ancira al Cantico dei Cantici, In Augustinianum 1982"
Barb.gr.520,5.35,1,inedita,0,https://digi.vatlib.it/mss/detail/Barb.gr.520,https://digi.vatlib.it/view/MSS_Barb.gr.520,"Bibliographic References: 1) Bentein, Klaas Book Epigrams in Honor of the Church Fathers: Some Inedita from the Eleventh Century, In Greek, Roman and Byzantine Studies 2009"
Barb.lat.399,5.35,1,inedita,0,https://digi.vatlib.it/mss/detail/Barb.lat.399,https://digi.vatlib.it/view/MSS_Barb.lat.399,"Bibliographic References: 1) Bandini, Michele, 1964- Un' inedita traduzione latina della Doctrina ad Antiochum ducem pseudo-atanasiana, In Studi classici e orientali 1997"
Borg.ar.165,5.35,1,inedita,0,https://digi.vatlib.it/mss/detail/Borg.ar.165,https://digi.vatlib.it/view/MSS_Borg.ar.165,"Low Quality Bibliographic References: 1) Hermosilla Llisterri, M.J. Una versión inédita del ""Kitāb bad' al-jalq wa-qisas al-anbiyā"" en el ms. LXIII de la Junta, In al-Qantara 1985"
Borg.lat.747,5.35,1,inedita,0,https://digi.vatlib.it/mss/detail/Borg.lat.747,https://digi.vatlib.it/view/MSS_Borg.lat.747,"Low Quality Bibliographic References: 1) Lomagistro, Barbara L’alfabeto latino nella Slavia meridionale: una testimonianza inedita , In Orientalia Christiana Periodica 2002"
Cappon.31,5.35,1,inedita,0,https://digi.vatlib.it/mss/detail/Cappon.31,https://digi.vatlib.it/view/MSS_Cappon.31,"Bibliographic References: 1) Il papato breve di Adriano VI: storia, religione, arte, cultura, In RR inedita , saggi 2024."
Chig.L.II.22,5.35,1,inedita,0,https://digi.vatlib.it/mss/detail/Chig.L.II.22,https://digi.vatlib.it/view/MSS_Chig.L.II.22,"Low Quality Bibliographic References: 1) Il papato breve di Adriano VI: storia, religione, arte, cultura, In RR inedita , saggi 2024."
Ott.gr.333,5.35,1,inedita,0,https://digi.vatlib.it/mss/detail/Ott.gr.333,https://digi.vatlib.it/view/MSS_Ott.gr.333,"Bibliographic References: 1) Lucà, Santo, 1947- La fine inedita del commento di Nilo d'Ancira al Cantico dei Cantici, In Augustinianum 1982"
Ott.lat.1353,5.35,1,inedita,0,https://digi.vatlib.it/mss/detail/Ott.lat.1353,https://digi.vatlib.it/view/MSS_Ott.lat.1353,"Bibliographic References: 1) Ziebarth, Erich Gustav Ludwig, 1868-1944 Cyriaci Anconitani epistula inedita In Rheinisches Museum für Philologie"
Ott.lat.2341,5.35,1,inedita,0,https://digi.vatlib.it/mss/detail/Ott.lat.2341,https://digi.vatlib.it/view/MSS_Ott.lat.2341,"Bibliographic References: 1) Palese, Salvatore La corrispondenza inedita di Girolamo Aleandro, arcivescovo di Brindisi, In Studi storici 1974"
Ott.lat.2881,5.35,1,inedita,0,https://digi.vatlib.it/mss/detail/Ott.lat.2881,https://digi.vatlib.it/view/MSS_Ott.lat.2881,"Bibliographic References: 1) Cherubelli, Paolo Una laude inedita di Edoardo Acciaivoli (1425) In La Rinascita. Rivista del Centro nazionale di studi sul Rinascimento"
Pal.gr.239,5.35,1,inedita,0,https://digi.vatlib.it/mss/detail/Pal.gr.239,https://digi.vatlib.it/view/MSS_Pal.gr.239,"Bibliographic References: 1) Lilla, Salvatore, 1936-2015 La fonte inedita di un'omelia greca sulla Pasqua, In Byzantion 1970"
Pal.lat.1552,5.35,1,inedita,0,https://digi.vatlib.it/mss/detail/Pal.lat.1552,https://digi.vatlib.it/view/MSS_Pal.lat.1552,"Bibliographic References: 1) Koj, Peter, Inedita Poggiana, In Romanistisches Jahrbuch 1969"
Pal.lat.1795,5.35,1,inedita,0,https://digi.vatlib.it/mss/detail/Pal.lat.1795,https://digi.vatlib.it/view/MSS_Pal.lat.1795,"Bibliographic References: 1) Koj, Peter, Inedita Poggiana, In Romanistisches Jahrbuch"
Reg.gr.45,5.35,1,inedita,0,https://digi.vatlib.it/mss/detail/Reg.gr.45,https://digi.vatlib.it/view/MSS_Reg.gr.45,"Bibliographic References: 1) Lilla, Salvatore, 1936-2015 La fonte inedita di un'omelia greca sulla Pasqua, In Byzantion 1970"
Reg.gr.1.pt.A,4.95,1,rescriptus,0,https://digi.vatlib.it/mss/detail/Reg.gr.1.pt.A,https://digi.vatlib.it/view/MSS_Reg.gr.1.pt.A,"Bibliographic References: 1) Andrist, Patrick Au croisement des contenus et de la matière: l’architecture des sept pandectes bibliques grecques du premier millénaire: étude comparative sur les structures des contenus et de la matérialité des codex Vaticanus, Sinaiticus, Alexandrinus, Ephraemi rescriptus , Basilianus, «Pariathonensis» et de la Biblia Leonis, In Scrineum Rivista"
Reg.gr.1.pt.B,4.95,1,rescriptus,0,https://digi.vatlib.it/mss/detail/Reg.gr.1.pt.B,https://digi.vatlib.it/view/MSS_Reg.gr.1.pt.B,"Bibliographic References: 1) Andrist, Patrick Au croisement des contenus et de la matière: l’architecture des sept pandectes bibliques grecques du premier millénaire: étude comparative sur les structures des contenus et de la matérialité des codex Vaticanus, Sinaiticus, Alexandrinus, Ephraemi rescriptus , Basilianus, «Pariathonensis» et de la Biblia Leonis, In Scrineum Rivista"
Vat.ar.71,4.95,1,rescriptus,0,https://digi.vatlib.it/mss/detail/Vat.ar.71,https://digi.vatlib.it/view/MSS_Vat.ar.71,"Bibliographic References: 1) Esbroeck, Michel van, S.I., 1934-2003 Le codex rescriptus Tischendorf 2 à Leipzig et Cyrille de Scythopolis en version arabe, In Actes du deuxième Congrès international d'études arabes chrétiennes (Oosterhesselen, sept. 1984), 1986"
Vat.gr.373,4.95,1,rescriptus,0,https://digi.vatlib.it/mss/detail/Vat.gr.373,https://digi.vatlib.it/view/MSS_Vat.gr.373,"Low Quality Bibliographic References: 1) Faraggiana di Sarzana, Chiara Il Nomocanon Par.gr.1330, <<horride rescriptus >> su pergamene in maiuscola contenenti un antico commentario ad Aristotele, il Corpus Dionysiacum e testi patristici, In Nea Rhōmē 2009"
Vat.gr.719,4.95,1,rescriptus,0,https://digi.vatlib.it/mss/detail/Vat.gr.719,https://digi.vatlib.it/view/MSS_Vat.gr.719,"Low Quality Bibliographic References: 1) Faraggiana di Sarzana, Chiara Il Nomocanon Par.gr.1330, <<horride rescriptus >> su pergamene in maiuscola contenenti un antico commentario ad Aristotele, il Corpus Dionysiacum e testi patristici, In Nea Rhōmē 2009"
Vat.gr.725,4.95,1,rescriptus,0,https://digi.vatlib.it/mss/detail/Vat.gr.725,https://digi.vatlib.it/view/MSS_Vat.gr.725,"Low Quality Bibliographic References: 1) Faraggiana di Sarzana, Chiara Il Nomocanon Par.gr.1330, <<horride rescriptus >> su pergamene in maiuscola contenenti un antico commentario ad Aristotele, il Corpus Dionysiacum e testi patristici, In Nea Rhōmē 2009"
Vat.gr.859,4.95,1,rescriptus,0,https://digi.vatlib.it/mss/detail/Vat.gr.859,https://digi.vatlib.it/view/MSS_Vat.gr.859,"Low Quality Bibliographic References: 1) Faraggiana di Sarzana, Chiara Il Nomocanon Par.gr.1330, <<horride rescriptus >> su pergamene in maiuscola contenenti un antico commentario ad Aristotele, il Corpus Dionysiacum e testi patristici, In Nea Rhōmē 2009"
Vat.gr.1101.pt.1,4.95,1,rescriptus,0,https://digi.vatlib.it/mss/detail/Vat.gr.1101.pt.1,https://digi.vatlib.it/view/MSS_Vat.gr.1101.pt.1,"Low Quality Bibliographic References: 1) Faraggiana di Sarzana, Chiara Il Nomocanon Par.gr.1330, <<horride rescriptus >> su pergamene in maiuscola contenenti un antico commentario ad Aristotele, il Corpus Dionysiacum e testi patristici, In Nea Rhōmē 2009"
Vat.gr.1101.pt.2,4.95,1,rescriptus,0,https://digi.vatlib.it/mss/detail/Vat.gr.1101.pt.2,https://digi.vatlib.it/view/MSS_Vat.gr.1101.pt.2,"Low Quality Bibliographic References: 1) Faraggiana di Sarzana, Chiara Il Nomocanon Par.gr.1330, <<horride rescriptus >> su pergamene in maiuscola contenenti un antico commentario ad Aristotele, il Corpus Dionysiacum e testi patristici, In Nea Rhōmē 2009"
Vat.gr.1611,4.95,1,rescriptus,0,https://digi.vatlib.it/mss/detail/Vat.gr.1611,https://digi.vatlib.it/view/MSS_Vat.gr.1611,"Bibliographic References: 1) Faraggiana di Sarzana, Chiara Il Nomocanon Par.gr.1330, <<horride rescriptus >> su pergamene in maiuscola contenenti un antico commentario ad Aristotele, il Corpus Dionysiacum e testi patristici, In Nea Rhōmē 2009"
Vat.gr.1884,4.95,1,rescriptus,0,https://digi.vatlib.it/mss/detail/Vat.gr.1884,https://digi.vatlib.it/view/MSS_Vat.gr.1884,"Bibliographic References: 1) Faraggiana di Sarzana, Chiara Il Nomocanon Par.gr.1330, <<horride rescriptus >> su pergamene in maiuscola contenenti un antico commentario ad Aristotele, il Corpus Dionysiacum e testi patristici, In Nea Rhōmē 2009"
Vat.gr.2057,4.95,1,rescriptus,0,https://digi.vatlib.it/mss/detail/Vat.gr.2057,https://digi.vatlib.it/view/MSS_Vat.gr.2057,"Low Quality Bibliographic References: 1) Faraggiana di Sarzana, Chiara Il Nomocanon Par.gr.1330, <<horride rescriptus >> su pergamene in maiuscola contenenti un antico commentario ad Aristotele, il Corpus Dionysiacum e testi patristici, In Nea Rhōmē 2009"
Vat.gr.2106,4.95,1,rescriptus,0,https://digi.vatlib.it/mss/detail/Vat.gr.2106,https://digi.vatlib.it/view/MSS_Vat.gr.2106,"Bibliographic References: 1) Andrist, Patrick Au croisement des contenus et de la matière: l’architecture des sept pandectes bibliques grecques du premier millénaire: étude comparative sur les structures des contenus et de la matérialité des codex Vaticanus, Sinaiticus, Alexandrinus, Ephraemi rescriptus , Basilianus, «Pariathonensis» et de la Biblia Leonis, In Scrineum Rivista"
Arch.Cap.S.Pietro.A.2,4.8,1,anonimo,0,https://digi.vatlib.it/mss/detail/Arch.Cap.S.Pietro.A.2,https://digi.vatlib.it/view/MSS_Arch.Cap.S.Pietro.A.2,"Bibliographic References: 1) Bianco, Maria Grazia Gli intenti del traduttore anonimo della “Vita Antonii” di Atanasio e le sue doti letterarie, In Studi storico religiosi 1981"
Barb.lat.914,4.8,1,anonimo,0,https://digi.vatlib.it/mss/detail/Barb.lat.914,https://digi.vatlib.it/view/MSS_Barb.lat.914,"Bibliographic References: 1) Di Noto, Sergio Cronaca di Anonimo parmense dal 1538 al 1572, In Archivio storico per le province parmensi 1981"
Ott.gr.313,4.8,1,anonimo,0,https://digi.vatlib.it/mss/detail/Ott.gr.313,https://digi.vatlib.it/view/MSS_Ott.gr.313,"Bibliographic References: 1) Arnesano, Daniele, 1975- Il «Copista del Dioscoride». Un anonimo salentino del secolo XIII, In Bollettino dei Classici 2003"
Pal.lat.238,4.8,1,anonimo,0,https://digi.vatlib.it/mss/detail/Pal.lat.238,https://digi.vatlib.it/view/MSS_Pal.lat.238,"Bibliographic References: 1) Kanzler, Rodolfo, barone, 1864-1924 Di un nuovo cimitero anonimo sulla via Latina, In Nuovo bullettino di archeologia cristiana"
Pal.lat.487,4.8,1,anonimo,0,https://digi.vatlib.it/mss/detail/Pal.lat.487,https://digi.vatlib.it/view/MSS_Pal.lat.487,"Bibliographic References: 1) Leotta, Rosario 1948-1997 Un anonimo imitatore di Massimiano, In Giornale italiano di filologia 1985"
Reg.gr.Pio.II.15,4.8,1,anonimo,0,https://digi.vatlib.it/mss/detail/Reg.gr.Pio.II.15,https://digi.vatlib.it/view/MSS_Reg.gr.Pio.II.15,"Bibliographic References: 1) Arnesano, Daniele, 1975- Il «Copista del Dioscoride». Un anonimo salentino del secolo XIII, In Bollettino dei Classici 2003"
Reg.lat.49,4.8,1,anonymus,0,https://digi.vatlib.it/mss/detail/Reg.lat.49,https://digi.vatlib.it/view/MSS_Reg.lat.49,"Bibliographic References: 1) Löfstedt, Bengt Grammatisch-rhetorische Fragmente im Anonymus ad Cuimnanum, In Eranos. Acta philologica Suecana 1990"
Reg.lat.1442,4.8,1,anonymus,0,https://digi.vatlib.it/mss/detail/Reg.lat.1442,https://digi.vatlib.it/view/MSS_Reg.lat.1442,"Bibliographic References: 1) De Nonno, Mario, 1954- Note all’editio princeps dell’ Anonymus ad Cuimnanum, In Latomus. Revue d’études latines 1996"
Vat.gr.180,4.8,1,anonymus,0,https://digi.vatlib.it/mss/detail/Vat.gr.180,https://digi.vatlib.it/view/MSS_Vat.gr.180,"Bibliographic References: 1) Hoffmann, Philippe Un mystérieux collaborateur d'Alde Manuce: l' Anonymus Harvardianus, In Mélanges de l'École française de Rome. Moyen Âge 1985"
Vat.gr.184,4.8,1,anonymus,0,https://digi.vatlib.it/mss/detail/Vat.gr.184,https://digi.vatlib.it/view/MSS_Vat.gr.184,"Bibliographic References: 1) Hoffmann, Philippe Un mystérieux collaborateur d'Alde Manuce: l' Anonymus Harvardianus, In Mélanges de l'École française de Rome. Moyen Âge 1985"
Vat.gr.192,4.8,1,anonymus,0,https://digi.vatlib.it/mss/detail/Vat.gr.192,https://digi.vatlib.it/view/MSS_Vat.gr.192,"Bibliographic References: 1) Hoffmann, Philippe Un mystérieux collaborateur d'Alde Manuce: l' Anonymus Harvardianus, In Mélanges de l'École française de Rome. Moyen Âge 1985"
Vat.gr.1646,4.8,1,anonymus,0,https://digi.vatlib.it/mss/detail/Vat.gr.1646,https://digi.vatlib.it/view/MSS_Vat.gr.1646,"Bibliographic References: 1) Hoffmann, Philippe Un mystérieux collaborateur d'Alde Manuce: l' Anonymus Harvardianus, In Mélanges de l'École française de Rome. Moyen Âge 1985"
Vat.lat.5129,4.8,1,anonymus,0,https://digi.vatlib.it/mss/detail/Vat.lat.5129,https://digi.vatlib.it/view/MSS_Vat.lat.5129,"Bibliographic References: 1) Anonymus , ex codice vaticano lat. 5129, Corpus scriptorum de musica 1964."
Vat.lat.5772,4.8,1,anonymus,0,https://digi.vatlib.it/mss/detail/Vat.lat.5772,https://digi.vatlib.it/view/MSS_Vat.lat.5772,"Bibliographic References: 1) Zangemeister, Karl Friedrich Wilhelm, 1837-1902 Zum Anonymus Valesianus In Rheinisches Museum für Philologie"
Barb.lat.4016,4.8,1,attribuzione,0,https://digi.vatlib.it/mss/detail/Barb.lat.4016,https://digi.vatlib.it/view/MSS_Barb.lat.4016,"Bibliographic References: 1) Bertolini, Lucia L' attribuzione della ""Sfera"" del Dati nella tradizione manoscritta: In Studi offerti a Gianfranco Contini dagli allievi pisani, 1984"
Barb.lat.4434,4.8,1,attribuzione,0,https://digi.vatlib.it/mss/detail/Barb.lat.4434,https://digi.vatlib.it/view/MSS_Barb.lat.4434,"Bibliographic References: 1) Benelli, Francesco Il cortile d’onore del Castello Brancaleoni di Piobbico. Storia, stile e tentativo di attribuzione , In Bollettino d’arte 2007"
Pal.lat.243,4.8,1,attribuzione,0,https://digi.vatlib.it/mss/detail/Pal.lat.243,https://digi.vatlib.it/view/MSS_Pal.lat.243,"Bibliographic References: 1) Todde, Paolo I Monosticha d’ attribuzione colombaniana: versione italiana con testo latino a fronte, In Archivum Bobiense 1999"
Reg.lat.118,4.8,1,attribuzione,0,https://digi.vatlib.it/mss/detail/Reg.lat.118,https://digi.vatlib.it/view/MSS_Reg.lat.118,"Bibliographic References: 1) Isetta, Sandra «Carmen ad Flavium Felicem». Problemi di attribuzione e reminiscenze classiche, In Vetera Christianorum 1983"
Reg.lat.582,4.8,1,attribuzione,0,https://digi.vatlib.it/mss/detail/Reg.lat.582,https://digi.vatlib.it/view/MSS_Reg.lat.582,"Bibliographic References: 1) Petringa, Maria Rosaria L' attribuzione e la cronologia del poema dell'Heptateuchos: una questione di metodo, In Sileno 2007"
Barb.lat.2195,4.8,1,autografo,0,https://digi.vatlib.it/mss/detail/Barb.lat.2195,https://digi.vatlib.it/view/MSS_Barb.lat.2195,"Bibliographic References: 1) Carminati, Clizia L’autobiografia di Chiabrera secondo l’ autografo , In Studi secenteschi 2005"
Barb.lat.3640,4.8,1,autografo,0,https://digi.vatlib.it/mss/detail/Barb.lat.3640,https://digi.vatlib.it/view/MSS_Barb.lat.3640,"Bibliographic References: 1) Carminati, Clizia L’autobiografia di Chiabrera secondo l’ autografo , In Studi secenteschi 2005"
Barb.lat.4136,4.8,1,autografo,0,https://digi.vatlib.it/mss/detail/Barb.lat.4136,https://digi.vatlib.it/view/MSS_Barb.lat.4136,"Bibliographic References: 1) Witzenmann, Wolfgang Viene alla luce il primo autografo musicale di Domenico Mazzocchi, In Nuova rivista musicale italiana 1993"
Cappon.314,4.8,1,autografo,0,https://digi.vatlib.it/mss/detail/Cappon.314,https://digi.vatlib.it/view/MSS_Cappon.314,"Bibliographic References: 1) Rossi, Aldo Un autografo ficiniano delle «Egloghe» alla Nazionale di Parigi In Studi danteschi"
Chig.R.V.33,4.8,1,autografo,0,https://digi.vatlib.it/mss/detail/Chig.R.V.33,https://digi.vatlib.it/view/MSS_Chig.R.V.33,"Bibliographic References: 1) D'Aiuto, Francesco, 1967- Un parziale autografo di Marco monaco. Il manoscritto della Biblioteca Vaticana Chig. R.V.33 (gr. 27), In Byzantinoslavica"
Chig.R.VII.45,4.8,1,autografo,0,https://digi.vatlib.it/mss/detail/Chig.R.VII.45,https://digi.vatlib.it/view/MSS_Chig.R.VII.45,"Bibliographic References: 1) D'Aiuto, Francesco, 1967- Un parziale autografo di Marco monaco. Il manoscritto della Biblioteca Vaticana Chig. R.V.33 (gr. 27), In Byzantinoslavica"
Ott.lat.1863,4.8,1,autografo,0,https://digi.vatlib.it/mss/detail/Ott.lat.1863,https://digi.vatlib.it/view/MSS_Ott.lat.1863,"Bibliographic References: 1) Besomi, Ottavio, 1937- Un nuovo autografo di Giovanni Tortelli: uno schedario di umanista, In Italia medioevale e umanistica 1970"
Reg.gr.48,4.8,1,autografo,0,https://digi.vatlib.it/mss/detail/Reg.gr.48,https://digi.vatlib.it/view/MSS_Reg.gr.48,"Bibliographic References: 1) D'Aiuto, Francesco, 1967- Un parziale autografo di Marco monaco. Il manoscritto della Biblioteca Vaticana Chig. R.V.33 (gr. 27), In Byzantinoslavica"
Reg.lat.1370,4.8,1,autografo,0,https://digi.vatlib.it/mss/detail/Reg.lat.1370,https://digi.vatlib.it/view/MSS_Reg.lat.1370,"Bibliographic References: 1) Gorni, Guglielmo, 1945- Atto di nascita d'un genere letterario: l' autografo dell'elegia «Mirzia», In Studi di filologia italiana"
Urb.gr.80,4.8,1,autografo,0,https://digi.vatlib.it/mss/detail/Urb.gr.80,https://digi.vatlib.it/view/MSS_Urb.gr.80,"Bibliographic References: 1) Prato, Giancarlo, 1950- Un autografo di Teodoro II Lascaris imperatore di Nicea?, In Jahrbuch der Österreichischen Byzantinistik 1981"
Urb.lat.93,4.8,1,autografo,0,https://digi.vatlib.it/mss/detail/Urb.lat.93,https://digi.vatlib.it/view/MSS_Urb.lat.93,"Bibliographic References: 1) Doglio, Maria Luisa Sull' autografo di Torquato Tasso ""Del Giudicio sovra la sua Gerusalemme da Lui medesimo riformata"", In Lettere italiane 1981"
Barb.lat.3999,4.25,1,postille,0,https://digi.vatlib.it/mss/detail/Barb.lat.3999,https://digi.vatlib.it/view/MSS_Barb.lat.3999,"Low Quality Bibliographic References: 1) Bianchi, Natascia Con Tasso attraverso Dante. Cronologia, storia ed analisi delle postille edite alla “Commedia”, In Bergomum 1997"
Barb.lat.4050,4.25,1,postille,0,https://digi.vatlib.it/mss/detail/Barb.lat.4050,https://digi.vatlib.it/view/MSS_Barb.lat.4050,"Low Quality Bibliographic References: 1) Ciociola, Claudio, 1955- Rassegna stabiliana ( postille agli atti del convegno del 1969), In Lettere italiane 1978"
Borgh.294,4.25,1,postille,0,https://digi.vatlib.it/mss/detail/Borgh.294,https://digi.vatlib.it/view/MSS_Borgh.294,"Bibliographic References: 1) Piana, Celestino, O.F.M., 1911-1992 Postille al ""Chartularium Studii Bononiensis S. Francisci"", In Archivum franciscanum historicum 1986"
Chig.B.VIII.137,4.25,1,postille,0,https://digi.vatlib.it/mss/detail/Chig.B.VIII.137,https://digi.vatlib.it/view/MSS_Chig.B.VIII.137,"Bibliographic References: 1) Piana, Celestino, O.F.M., 1911-1992 Postille al ""Chartularium Studii Bononiensis S. Francisci"", In Archivum franciscanum historicum 1986"
Chig.E.V.161,4.25,1,postille,0,https://digi.vatlib.it/mss/detail/Chig.E.V.161,https://digi.vatlib.it/view/MSS_Chig.E.V.161,"Low Quality Bibliographic References: 1) Piana, Celestino, O.F.M., 1911-1992 Postille al ""Chartularium Studii Bononiensis S. Francisci"", In Archivum franciscanum historicum 1986"
Ott.lat.505,4.25,1,postille,0,https://digi.vatlib.it/mss/detail/Ott.lat.505,https://digi.vatlib.it/view/MSS_Ott.lat.505,"Bibliographic References: 1) Piana, Celestino, O.F.M., 1911-1992 Postille al ""Chartularium Studii Bononiensis S. Francisci"", In Archivum franciscanum historicum 1986"
Ott.lat.1766,4.25,1,postille,0,https://digi.vatlib.it/mss/detail/Ott.lat.1766,https://digi.vatlib.it/view/MSS_Ott.lat.1766,"Bibliographic References: 1) Ciociola, Claudio, 1955- Rassegna stabiliana ( postille agli atti del convegno del 1969), In Lettere italiane 1978"
Reg.lat.168,4.25,1,postille,0,https://digi.vatlib.it/mss/detail/Reg.lat.168,https://digi.vatlib.it/view/MSS_Reg.lat.168,"Bibliographic References: 1) Piana, Celestino, O.F.M., 1911-1992 Postille al ""Chartularium Studii Bononiensis S. Francisci"", In Archivum franciscanum historicum 1986"
Urb.gr.129,4.25,1,postille,0,https://digi.vatlib.it/mss/detail/Urb.gr.129,https://digi.vatlib.it/view/MSS_Urb.gr.129,"Bibliographic References: 1) Dell'Era, Antonio Postille sinesiane, In Maia. Rivista di letterature classiche"
Urb.lat.219,4.25,1,postille,0,https://digi.vatlib.it/mss/detail/Urb.lat.219,https://digi.vatlib.it/view/MSS_Urb.lat.219,"Bibliographic References: 1) Tristano, Caterina, 1951- Le postille del Petrarca nel Vaticano Lat. 2193 (Apuleio, Frontino, Vegezio, Palladio), In Italia medioevale e umanistica"
Urb.lat.1754,4.25,1,postille,0,https://digi.vatlib.it/mss/detail/Urb.lat.1754,https://digi.vatlib.it/view/MSS_Urb.lat.1754,"Bibliographic References: 1) Ciociola, Claudio, 1955- Rassegna stabiliana ( postille agli atti del convegno del 1969), In Lettere italiane 1978"
Vat.gr.573,4.25,1,postille,0,https://digi.vatlib.it/mss/detail/Vat.gr.573,https://digi.vatlib.it/view/MSS_Vat.gr.573,"Low Quality Bibliographic References: 1) Toniolo, Ermanno M., O.S.M. Nuove postille alla «Bibliotheca hagiographica graeca», In Marianum 1970"
Vat.lat.997,4.25,1,postille,0,https://digi.vatlib.it/mss/detail/Vat.lat.997,https://digi.vatlib.it/view/MSS_Vat.lat.997,"Bibliographic References: 1) Stirnemann, Patricia Les manuscrits de la Postille , In Hugues de Saint-Cher († 1263). Bibliste et théologien, 2004"
Barb.lat.34,4.25,1,marginalia,0,https://digi.vatlib.it/mss/detail/Barb.lat.34,https://digi.vatlib.it/view/MSS_Barb.lat.34,"Bibliographic References: 1) Rodríguez Herrera, Gregorio Comentarios subjetivos en los marginalia a propercio del Vaticans Ottobonianus 1514, In Scriptorium 2007"
Borgh.124,4.25,1,marginalia,0,https://digi.vatlib.it/mss/detail/Borgh.124,https://digi.vatlib.it/view/MSS_Borgh.124,"Bibliographic References: 1) Macken, Raymond Quelques « Marginalia » de manuscrits médiévaux, In Scriptorium"
Borgh.300,4.25,1,marginalia,0,https://digi.vatlib.it/mss/detail/Borgh.300,https://digi.vatlib.it/view/MSS_Borgh.300,"Bibliographic References: 1) Macken, Raymond Quelques « Marginalia » de manuscrits médiévaux, In Scriptorium"
Ott.gr.251,4.25,1,marginalia,0,https://digi.vatlib.it/mss/detail/Ott.gr.251,https://digi.vatlib.it/view/MSS_Ott.gr.251,"Bibliographic References: 1) Battezzato, Luigi Livineius' unpublished Euripidean marginalia , In Revue d’histoire des textes 2000"
Ott.lat.1514,4.25,1,marginalia,0,https://digi.vatlib.it/mss/detail/Ott.lat.1514,https://digi.vatlib.it/view/MSS_Ott.lat.1514,"Bibliographic References: 1) Rodríguez Herrera, Gregorio Comentarios subjetivos en los marginalia a propercio del Vaticans Ottobonianus 1514, In Scriptorium 2007"
Ott.lat.1599,4.25,1,marginalia,0,https://digi.vatlib.it/mss/detail/Ott.lat.1599,https://digi.vatlib.it/view/MSS_Ott.lat.1599,"Bibliographic References: 1) De Marco, Maria, 1922- Marginalia alla Declamatio in L. Sergium Catilinam, In Giornale italiano di filologia 1970"
Pal.gr.98,4.25,1,marginalia,0,https://digi.vatlib.it/mss/detail/Pal.gr.98,https://digi.vatlib.it/view/MSS_Pal.gr.98,"Bibliographic References: 1) Battezzato, Luigi Livineius’ unpublished Euripidean marginalia , In Revue d’histoire des textes 2000"
Pal.gr.117,4.25,1,marginalia,0,https://digi.vatlib.it/mss/detail/Pal.gr.117,https://digi.vatlib.it/view/MSS_Pal.gr.117,"Bibliographic References: 1) Hosoi, Atsuko Les éditions de Lysias du 16e siècle et leur marginalia , In Bulletin of the Faculty of Humanities, Seikei University 1983"
Pal.lat.830,4.25,1,marginalia,0,https://digi.vatlib.it/mss/detail/Pal.lat.830,https://digi.vatlib.it/view/MSS_Pal.lat.830,"Bibliographic References: 1) Ó Cuív, Brian The Irish Marginalia in the Codex Palatino-Vaticanus 830 In Éigse 1990."
Reg.lat.2120,4.25,1,marginalia,0,https://digi.vatlib.it/mss/detail/Reg.lat.2120,https://digi.vatlib.it/view/MSS_Reg.lat.2120,"Bibliographic References: 1) Rodríguez Herrera, Gregorio Comentarios subjetivos en los marginalia a propercio del Vaticans Ottobonianus 1514, In Scriptorium 2007"
Urb.gr.117,4.25,1,marginalia,0,https://digi.vatlib.it/mss/detail/Urb.gr.117,https://digi.vatlib.it/view/MSS_Urb.gr.117,"Bibliographic References: 1) Hosoi, Atsuko Les éditions de Lysias du 16e siècle et leur marginalia , In Bulletin of the Faculty of Humanities, Seikei University 1983"
Urb.lat.314,4.25,1,marginalia,0,https://digi.vatlib.it/mss/detail/Urb.lat.314,https://digi.vatlib.it/view/MSS_Urb.lat.314,"Bibliographic References: 1) Battezzato, Luigi Livineius’ unpublished Euripidean marginalia , In Revue d’histoire des textes 2000"
Urb.lat.641,4.25,1,marginalia,0,https://digi.vatlib.it/mss/detail/Urb.lat.641,https://digi.vatlib.it/view/MSS_Urb.lat.641,"Bibliographic References: 1) Rodríguez Herrera, Gregorio Comentarios subjetivos en los marginalia a propercio del Vaticans Ottobonianus 1514, In Scriptorium 2007"
Vat.ar.13,4.25,1,marginalia,0,https://digi.vatlib.it/mss/detail/Vat.ar.13,https://digi.vatlib.it/view/MSS_Vat.ar.13,"Bibliographic References: 1) Monferrer Sala, Juan Pedro Marginalia semitica. II: entre la traditión y la lingüística Aula Orientalis 2007"
Vat.gr.126,4.25,1,marginalia,0,https://digi.vatlib.it/mss/detail/Vat.gr.126,https://digi.vatlib.it/view/MSS_Vat.gr.126,"Bibliographic References: 1) Tosi, Renzo Marginalia Thucydidea, In Museum criticum 1980-82"
Vat.gr.482,4.25,1,marginalia,0,https://digi.vatlib.it/mss/detail/Vat.gr.482,https://digi.vatlib.it/view/MSS_Vat.gr.482,"Low Quality Bibliographic References: 1) Burzacchini, Gabriele Marginalia paroemiographica et lexicographica, In Museum criticum 1984"
Vat.gr.909,4.25,1,marginalia,0,https://digi.vatlib.it/mss/detail/Vat.gr.909,https://digi.vatlib.it/view/MSS_Vat.gr.909,"Bibliographic References: 1) Battezzato, Luigi Livineius’ unpublished Euripidean marginalia , In Revue d’histoire des textes 2000"
Vat.gr.910,4.25,1,marginalia,0,https://digi.vatlib.it/mss/detail/Vat.gr.910,https://digi.vatlib.it/view/MSS_Vat.gr.910,"Low Quality Bibliographic References: 1) Battezzato, Luigi Livineius’ unpublished Euripidean marginalia , In Revue d’histoire des textes 2000"
Vat.gr.1135,4.25,1,marginalia,0,https://digi.vatlib.it/mss/detail/Vat.gr.1135,https://digi.vatlib.it/view/MSS_Vat.gr.1135,"Bibliographic References: 1) Battezzato, Luigi Livineius’ unpublished Euripidean marginalia , In Revue d’histoire des textes 2000"
Vat.gr.1204,4.25,1,marginalia,0,https://digi.vatlib.it/mss/detail/Vat.gr.1204,https://digi.vatlib.it/view/MSS_Vat.gr.1204,"Low Quality Bibliographic References: 1) Battezzato, Luigi Livineius’ unpublished Euripidean marginalia In Revue d’histoire des textes 2000"
Vat.gr.1818,4.25,1,marginalia,0,https://digi.vatlib.it/mss/detail/Vat.gr.1818,https://digi.vatlib.it/view/MSS_Vat.gr.1818,"Bibliographic References: 1) Casadio, Valerio Marginalia lexicographica, In Museum criticum 1975-77"
Vat.gr.2207,4.25,1,marginalia,0,https://digi.vatlib.it/mss/detail/Vat.gr.2207,https://digi.vatlib.it/view/MSS_Vat.gr.2207,"Low Quality Bibliographic References: 1) Hosoi, Atsuko Les éditions de Lysias du 16e siècle et leur marginalia , In Bulletin of the Faculty of Humanities, Seikei University 1983"
Barb.lat.4035,4.25,1,ignoto,0,https://digi.vatlib.it/mss/detail/Barb.lat.4035,https://digi.vatlib.it/view/MSS_Barb.lat.4035,"Low Quality Bibliographic References: 1) Cian, Vittorio, 1862-1951 Un codice ignoto di rime volgari appartenuto a B. Castiglione I In Giornale storico della letteratura italiana"
Pal.lat.1754,4.25,1,ignoto,0,https://digi.vatlib.it/mss/detail/Pal.lat.1754,https://digi.vatlib.it/view/MSS_Pal.lat.1754,"Bibliographic References: 1) Alessio, Gian Carlo Ritratto d' ignoto , In Studi petrarcheschi 1986"
Reg.lat.119,4.25,1,ignoto,0,https://digi.vatlib.it/mss/detail/Reg.lat.119,https://digi.vatlib.it/view/MSS_Reg.lat.119,"Bibliographic References: 1) Franceschini, Ezio, 1906-1983 Un ignoto codice delle «Epistolae Senecae et Pauli», In Mélanges Joseph de Ghellinck, S.J. 1951"
Reg.lat.147,4.25,1,ignoto,0,https://digi.vatlib.it/mss/detail/Reg.lat.147,https://digi.vatlib.it/view/MSS_Reg.lat.147,"Bibliographic References: 1) Franceschini, Ezio, 1906-1983 Un ignoto codice delle «Epistolae Senecae et Pauli», In Mélanges Joseph de Ghellinck, S.J. 1951"
Reg.lat.1424,4.25,1,ignoto,0,https://digi.vatlib.it/mss/detail/Reg.lat.1424,https://digi.vatlib.it/view/MSS_Reg.lat.1424,"Bibliographic References: 1) Franceschini, Ezio, 1906-1983 Un ignoto codice delle «Epistolae Senecae et Pauli», In Mélanges Joseph de Ghellinck, S.J. 1951"
Reg.lat.1637.pt.1,4.25,1,ignoto,0,https://digi.vatlib.it/mss/detail/Reg.lat.1637.pt.1,https://digi.vatlib.it/view/MSS_Reg.lat.1637.pt.1,"Bibliographic References: 1) Franceschini, Ezio, 1906-1983 Un ignoto codice delle «Epistolae Senecae et Pauli», In Mélanges Joseph de Ghellinck, S.J. 1951"
Urb.lat.297,4.25,1,ignoto,0,https://digi.vatlib.it/mss/detail/Urb.lat.297,https://digi.vatlib.it/view/MSS_Urb.lat.297,"Bibliographic References: 1) Alessio, Gian Carlo Ritratto d' ignoto , In Studi petrarcheschi 1986"
Urb.lat.298,4.25,1,ignoto,0,https://digi.vatlib.it/mss/detail/Urb.lat.298,https://digi.vatlib.it/view/MSS_Urb.lat.298,"Bibliographic References: 1) Alessio, Gian Carlo Ritratto d' ignoto , In Studi petrarcheschi 1986"
Urb.lat.687,4.25,1,ignoto,0,https://digi.vatlib.it/mss/detail/Urb.lat.687,https://digi.vatlib.it/view/MSS_Urb.lat.687,"Bibliographic References: 1) Cian, Vittorio, 1862-1951 Un codice ignoto di rime volgari appartenuto a B. Castiglione II In Giornale storico della letteratura italiana"
Vat.gr.1019,4.25,1,ignoto,0,https://digi.vatlib.it/mss/detail/Vat.gr.1019,https://digi.vatlib.it/view/MSS_Vat.gr.1019,"Bibliographic References: 1) Vendruscolo, Fabio Dall’ ignoto Falconio all’immortale Fausto, In Annali dell’Istituto universitario orientale di Napoli 2005"
Arch.Cap.S.Pietro.C.95,3.85,1,frammento,0,https://digi.vatlib.it/mss/detail/Arch.Cap.S.Pietro.C.95,https://digi.vatlib.it/view/MSS_Arch.Cap.S.Pietro.C.95,"1) Biblia. Gruppi, scelte. Latino Sec. XII Bibliographic References: 2) Paravicini Bagliani, Agostino, 1943- Un frammento del testamento del cardinale Stephanus Hungarus († 1270) nel codice C 95 dell'Archivio del Capitolo di San Pietro, In Rivista di storia della Chiesa in Italia 1971"
Arch.Cap.S.Pietro.H.99,3.85,1,frammento,0,https://digi.vatlib.it/mss/detail/Arch.Cap.S.Pietro.H.99,https://digi.vatlib.it/view/MSS_Arch.Cap.S.Pietro.H.99,"Bibliographic References: 1) Paravicini Bagliani, Agostino, 1943- Un frammento del testamento del cardinale Stephanus Hungarus († 1270) nel codice C 95 dell'Archivio del Capitolo di San Pietro, In Rivista di storia della Chiesa in Italia 1971"
Arch.Cap.S.Pietro.H.100,3.85,1,frammento,0,https://digi.vatlib.it/mss/detail/Arch.Cap.S.Pietro.H.100,https://digi.vatlib.it/view/MSS_Arch.Cap.S.Pietro.H.100,"Bibliographic References: 1) Paravicini Bagliani, Agostino, 1943- Un frammento del testamento del cardinale Stephanus Hungarus († 1270) nel codice C 95 dell'Archivio del Capitolo di San Pietro, In Rivista di storia della Chiesa in Italia 1971"
Barb.lat.160,3.85,1,frammento,0,https://digi.vatlib.it/mss/detail/Barb.lat.160,https://digi.vatlib.it/view/MSS_Barb.lat.160,"Bibliographic References: 1) Haverling, Gerd Un nuovo frammento della traduzione “ravennate” degli Aforismi di Ippocrate e del vecchio commento detto “Oribasiano”, In Italia medioevale e umanistica 1995"
Barb.lat.679,3.85,1,frammento,0,https://digi.vatlib.it/mss/detail/Barb.lat.679,https://digi.vatlib.it/view/MSS_Barb.lat.679,"Bibliographic References: 1) Billanovich, Giuseppe, 1913-2000 Ancora sul frammento in onciale degli Atti del Concilio di Calcedonia, In Itinera. Vicende di libri e testi, II, a cura di Mariarosa Cortesi (Studi e testi del Rinascimento europeo, 22), 2004 2) Billanovich, Giuseppe, 1913-2000 Ancora sul nuovo frammento in onciale degli atti del Concilio di Calcedonia, In Italia medioevale e umanistica"
Barb.lat.2019,3.85,1,frammento,0,https://digi.vatlib.it/mss/detail/Barb.lat.2019,https://digi.vatlib.it/view/MSS_Barb.lat.2019,"Bibliographic References: 1) Stuhlfauth, Georg, 1870-1942 Un frammento di sarcofago cristiano del magazzino archeologico comunale a Roma, In Nuovo bullettino di archeologia cristiana"
Barb.lat.4015,3.85,1,frammento,0,https://digi.vatlib.it/mss/detail/Barb.lat.4015,https://digi.vatlib.it/view/MSS_Barb.lat.4015,"Bibliographic References: 1) Bertelli, Sandro Frammento di un nuovo codice della Divina Commedia. Il ms Nuove Accessioni 357 n.25 della Biblioteca Nazionale di Firenze, In Studi danteschi 2001"
Barb.lat.5361,3.85,1,frammento,0,https://digi.vatlib.it/mss/detail/Barb.lat.5361,https://digi.vatlib.it/view/MSS_Barb.lat.5361,"Low Quality Bibliographic References: 1) Pesce, Greta La redazione VB del libro di Marco Polo: edizione critico-interpretativa del frammento vaticano (ms. Barberiniano latino 5361), 2012."
Chig.L.VI.213,3.85,1,frammento,0,https://digi.vatlib.it/mss/detail/Chig.L.VI.213,https://digi.vatlib.it/view/MSS_Chig.L.VI.213,"Bibliographic References: 1) Mazzoni, Francesco Un frammento (conosciuto) di Giovanni Boccaccio in California, In Studi danteschi 2) Messina, Michele Due manoscritti di estratti dalla «Commedia» e un frammento In Studi danteschi"
Ferr.827,3.85,1,frammento,0,https://digi.vatlib.it/mss/detail/Ferr.827,https://digi.vatlib.it/view/MSS_Ferr.827,"Low Quality Bibliographic References: 1) Faini, Marco Un frammento manoscritto delle Rime di Sannazaro e un esemplare sconosciuto della prima ristampa dell’Arcadia, In Bibliofilia. Rivista di storia del libro e di bibliografia 2009"
Ott.lat.296,3.85,1,frammento,0,https://digi.vatlib.it/mss/detail/Ott.lat.296,https://digi.vatlib.it/view/MSS_Ott.lat.296,"Bibliographic References: 1) Quadri, Riccardo, O.F.M. Cap. Un frammento milanese del «Tractatus de dedicatione templi» attribuito a Remigio di Auxerre, In Italia medioevale e umanistica"
Ott.lat.313,3.85,1,frammento,0,https://digi.vatlib.it/mss/detail/Ott.lat.313,https://digi.vatlib.it/view/MSS_Ott.lat.313,"Bibliographic References: 1) Dell'Oro, Ferdinando, S.D.B. Frammento di Rotolo Pontificale del secolo XI, In Traditio et progressio. Studi liturgici in onore del Prof. Adrien Nocent, OSB, 1988 2) Rizzi, Basilio Il Frammento di san Maurizio: contributo alla eucologia ambrosiana dei defunti (Parte II), In Ecclesia Orans. Studi e ricerche 1986"
Ott.lat.1238,3.85,1,frammento,0,https://digi.vatlib.it/mss/detail/Ott.lat.1238,https://digi.vatlib.it/view/MSS_Ott.lat.1238,"Bibliographic References: 1) Fugaro, Daniela Alla ricerca dello scolio perduto (Un presunto frammento di Livio Andronico), In Atti dell’Accademia Nazionale dei Lincei. Rendiconti. Classe di scienze morali, storiche e filologiche 2001"
Ott.lat.1592,3.85,1,frammento,0,https://digi.vatlib.it/mss/detail/Ott.lat.1592,https://digi.vatlib.it/view/MSS_Ott.lat.1592,"Bibliographic References: 1) Malcovati, Enrica, 1894-1990 La tradizione del Brutus e il nuovo frammento cremonese, In Athenaeum. Studi periodici di letteratura e storia dell’antichità"
Ott.lat.2057,3.85,1,frammento,0,https://digi.vatlib.it/mss/detail/Ott.lat.2057,https://digi.vatlib.it/view/MSS_Ott.lat.2057,"Bibliographic References: 1) Malcovati, Enrica, 1894-1990 La tradizione del Brutus e il nuovo frammento cremonese, In Athenaeum. Studi periodici di letteratura e storia dell’antichità"
Ott.lat.2151,3.85,1,frammento,0,https://digi.vatlib.it/mss/detail/Ott.lat.2151,https://digi.vatlib.it/view/MSS_Ott.lat.2151,"Bibliographic References: 1) Cursi, Marco, 1966- Boccaccio alla Sapienza: un frammento sconosciuto del ‘Filocolo’ (e alcune novità intorno ad Andrea Lancia), In Critica del testo 2007"
Pal.gr.49,3.85,1,frammento,0,https://digi.vatlib.it/mss/detail/Pal.gr.49,https://digi.vatlib.it/view/MSS_Pal.gr.49,"Bibliographic References: 1) Lucà, Santo, 1947- Reliquie di un Paterikòn in maiuscola ogivale inclinata: Grottaferrata, frammento gr. 4 (= Crypt. Β.β.XXVI nr. I Rocchi), In Manoscritti italogreci: nuove tessere di un mosaico frammentario (a cura di S. Lucà, con la collaborazione di D. Bucca e F. D’Aiuto, Quaderni di Νέα Ῥώμη, 7), 2020."
Pal.lat.24,3.85,1,frammento,0,https://digi.vatlib.it/mss/detail/Pal.lat.24,https://digi.vatlib.it/view/MSS_Pal.lat.24,"Bibliographic References: 1) Cavallo, Guglielmo, 1938- Per la datazione del frammento Rylands delle Historiae di Sallustio, In Studi latini in ricordo di Rita Cappelletto, 1996 2) Bravo, B. Un frammento del libro XI di Tito Livio?, In Athenaeum. Studi periodici di letteratura e storia dell’antichità 1988 3) Piacente, Luigi Un nuovo frammento ciceroniano in Beda, In Romano Barbarica. Contributi allo studio dei rapporti culturali tra mondo latino e mondo barbarico 1986"
Pal.lat.551,3.85,1,frammento,0,https://digi.vatlib.it/mss/detail/Pal.lat.551,https://digi.vatlib.it/view/MSS_Pal.lat.551,"Bibliographic References: 1) Donati, Lamberto, 1890-1982 «Passio Domini nostri Jesu Christi». Frammento tipografico della Biblioteca Parsoniana In Bibliofilia. Rivista di storia del libro e di bibliografia"
Arch.Bibl.11,3.85,1,inedito,0,https://digi.vatlib.it/mss/detail/Arch.Bibl.11,https://digi.vatlib.it/view/MSS_Arch.Bibl.11,"Bibliographic References: 1) Cardinali, Giacomo, sac., 1977- Gabriele Faerno, filologo gourmand. Con un’appendice delle sue lettere a Piero Vettori, nove suoi nuovi postillati e un inedito a stampa, 2021"
Arch.Cap.S.Pietro.A.1,3.85,1,inedito,0,https://digi.vatlib.it/mss/detail/Arch.Cap.S.Pietro.A.1,https://digi.vatlib.it/view/MSS_Arch.Cap.S.Pietro.A.1,"Bibliographic References: 1) Cardinali, Giacomo, sac., 1977- Gabriele Faerno, filologo gourmand. Con un’appendice delle sue lettere a Piero Vettori, nove suoi nuovi postillati e un inedito a stampa, 2021"
Arch.Cap.S.Pietro.H.2,3.85,1,inedito,0,https://digi.vatlib.it/mss/detail/Arch.Cap.S.Pietro.H.2,https://digi.vatlib.it/view/MSS_Arch.Cap.S.Pietro.H.2,"Bibliographic References: 1) Balboni, Dante, sac., 1917-2004 La Cattedra lignea di S. Pietro in Vaticano. La «cattedra di S. Pietro» in un testo inedito di Giacomo Grimaldi, In Memorie della Pontificia Accademia Romana di Archeologia 1971"
Arch.Cap.S.Pietro.H.19,3.85,1,inedito,0,https://digi.vatlib.it/mss/detail/Arch.Cap.S.Pietro.H.19,https://digi.vatlib.it/view/MSS_Arch.Cap.S.Pietro.H.19,"Bibliographic References: 1) Cardinali, Giacomo, sac., 1977- Gabriele Faerno, filologo gourmand. Con un’appendice delle sue lettere a Piero Vettori, nove suoi nuovi postillati e un inedito a stampa, 2021"
Arch.Cap.S.Pietro.H.25,3.85,1,inedito,0,https://digi.vatlib.it/mss/detail/Arch.Cap.S.Pietro.H.25,https://digi.vatlib.it/view/MSS_Arch.Cap.S.Pietro.H.25,"Bibliographic References: 1) Cardinali, Giacomo, sac., 1977- Gabriele Faerno, filologo gourmand. Con un’appendice delle sue lettere a Piero Vettori, nove suoi nuovi postillati e un inedito a stampa, 2021"
Barb.gr.202,3.85,1,inedito,0,https://digi.vatlib.it/mss/detail/Barb.gr.202,https://digi.vatlib.it/view/MSS_Barb.gr.202,"Bibliographic References: 1) Gaspari, Anna Un dialogo inedito sul taglio della barba copiato da Nicola Sofanòs?, In Le livre manuscrit grec: écriture, materiaux, histoire. Actes du IXe Colloque international de Paléographie grecque (Paris, 10-15 septembre 2018), édités par Marie Cronier et Brigitte Mondrain, 2020"
Barb.gr.262,3.85,1,inedito,0,https://digi.vatlib.it/mss/detail/Barb.gr.262,https://digi.vatlib.it/view/MSS_Barb.gr.262,"Bibliographic References: 1) Gaspari, Anna Un dialogo inedito sul taglio della barba copiato da Nicola Sofanòs?, In Le livre manuscrit grec: écriture, materiaux, histoire. Actes du IXe Colloque international de Paléographie grecque (Paris, 10-15 septembre 2018), édités par Marie Cronier et Brigitte Mondrain, 2020"
Barb.lat.1994,3.85,1,inedito,0,https://digi.vatlib.it/mss/detail/Barb.lat.1994,https://digi.vatlib.it/view/MSS_Barb.lat.1994,"Bibliographic References: 1) Wand, Augustine C., S.I., n. 1883 La chiesa di S. Antonio abbate sull'Esquilino secondo un documento inedito del Seicento, In Rivista di archeologia cristiana"
Barb.lat.2098,3.85,1,inedito,0,https://digi.vatlib.it/mss/detail/Barb.lat.2098,https://digi.vatlib.it/view/MSS_Barb.lat.2098,"Bibliographic References: 1) Buonocore, Marco, 1954-2022 Un testimone inedito (o quasi) della silloge epigrafica di Giocondo, In Est enim ille flos Italiae...: vita economica e sociale nella Cisalpina romana. Atti delle giornate di studi in onore di Ezio Buchi (Verona, 30 novembre-1 dicembre 2006), 2008."
Barb.lat.2160,3.85,1,inedito,0,https://digi.vatlib.it/mss/detail/Barb.lat.2160,https://digi.vatlib.it/view/MSS_Barb.lat.2160,"Bibliographic References: 1) Wand, Augustine C., S.I., n. 1883 La chiesa di S. Antonio abbate sull'Esquilino secondo un documento inedito del Seicento, In Rivista di archeologia cristiana"
Barb.lat.2548,3.85,1,inedito,0,https://digi.vatlib.it/mss/detail/Barb.lat.2548,https://digi.vatlib.it/view/MSS_Barb.lat.2548,"Bibliographic References: 1) Motta, Uberto Un testo inedito di Antonio Querenghi: Omero, Platone e le imprese accademiche degli amici padovani, In Aevum. Rassegna di scienze storiche, linguistiche e filologiche 1994"
Barb.lat.4402,3.85,1,inedito,0,https://digi.vatlib.it/mss/detail/Barb.lat.4402,https://digi.vatlib.it/view/MSS_Barb.lat.4402,"Low Quality Bibliographic References: 1) Wand, Augustine C., S.I., n. 1883 La chiesa di S. Antonio abbate sull'Esquilino secondo un documento inedito del Seicento, In Rivista di archeologia cristiana"
Borg.lat.336,3.85,1,inedito,0,https://digi.vatlib.it/mss/detail/Borg.lat.336,https://digi.vatlib.it/view/MSS_Borg.lat.336,"Low Quality Bibliographic References: 1) Buonocore, Marco, 1954-2022 Un testimone inedito (o quasi) della silloge epigrafica di Giocondo, In Est enim ille flos Italiae...: vita economica e sociale nella Cisalpina romana. Atti delle giornate di studi in onore di Ezio Buchi (Verona, 30 novembre-1 dicembre 2006), 2008."
Borgh.224,3.85,1,inedito,0,https://digi.vatlib.it/mss/detail/Borgh.224,https://digi.vatlib.it/view/MSS_Borgh.224,"Bibliographic References: 1) Bellomo, Manlio Consulenze professionali e dottrine di professori. un inedito ""consilium domini Accursii"", In Quaderni catanesi di studi classici e medievali 1982"
Borgh.351,3.85,1,inedito,0,https://digi.vatlib.it/mss/detail/Borgh.351,https://digi.vatlib.it/view/MSS_Borgh.351,"Bibliographic References: 1) Bistoni Grilli Cicilioni, Maria Grazia Un inedito del Vaticano in difesa di Giovanni XXII sulla povertà evangelica (ms. Borghese 351), In Archivum franciscanum historicum 1988"
Borgh.374,3.85,1,inedito,0,https://digi.vatlib.it/mss/detail/Borgh.374,https://digi.vatlib.it/view/MSS_Borgh.374,"Bibliographic References: 1) Bellomo, Manlio «Notarius in un suo officio delinquens». Ricerca su un testo inedito di Guillaume de Ferrières e Bertrand de Déaux, In Siculorum Gymnasium"
Cappon.3,3.85,1,inedito,0,https://digi.vatlib.it/mss/detail/Cappon.3,https://digi.vatlib.it/view/MSS_Cappon.3,"Bibliographic References: 1) Gualdoni, Flaminio Dal «De supplicationibus malis» al «De religionibus et caeremoniis»: vicende di un testo inedito di Angelo Decembrio, In Italia medioevale e umanistica 2000"
Cappon.112,3.85,1,inedito,0,https://digi.vatlib.it/mss/detail/Cappon.112,https://digi.vatlib.it/view/MSS_Cappon.112,"Bibliographic References: 1) De Simone, Giulia Un esempio inedito di collezionismo nella Roma del Settecento. Il Cappon. 227 della Biblioteca Apostolica Vaticana e le sue miniature In The Vatican Library Review"
Cappon.182,3.85,1,inedito,0,https://digi.vatlib.it/mss/detail/Cappon.182,https://digi.vatlib.it/view/MSS_Cappon.182,"Bibliographic References: 1) De Simone, Giulia Un esempio inedito di collezionismo nella Roma del Settecento. Il Cappon. 227 della Biblioteca Apostolica Vaticana e le sue miniature In The Vatican Library Review"
Cappon.208,3.85,1,inedito,0,https://digi.vatlib.it/mss/detail/Cappon.208,https://digi.vatlib.it/view/MSS_Cappon.208,"Bibliographic References: 1) De Simone, Giulia Un esempio inedito di collezionismo nella Roma del Settecento. Il Cappon. 227 della Biblioteca Apostolica Vaticana e le sue miniature In The Vatican Library Review"
Cappon.209,3.85,1,inedito,0,https://digi.vatlib.it/mss/detail/Cappon.209,https://digi.vatlib.it/view/MSS_Cappon.209,"Bibliographic References: 1) De Simone, Giulia Un esempio inedito di collezionismo nella Roma del Settecento. Il Cappon. 227 della Biblioteca Apostolica Vaticana e le sue miniature In The Vatican Library Review"
Cappon.225,3.85,1,inedito,0,https://digi.vatlib.it/mss/detail/Cappon.225,https://digi.vatlib.it/view/MSS_Cappon.225,"Bibliographic References: 1) De Simone, Giulia Un esempio inedito di collezionismo nella Roma del Settecento. Il Cappon. 227 della Biblioteca Apostolica Vaticana e le sue miniature In The Vatican Library Review"
Cappon.228,3.85,1,inedito,0,https://digi.vatlib.it/mss/detail/Cappon.228,https://digi.vatlib.it/view/MSS_Cappon.228,"Bibliographic References: 1) De Simone, Giulia Un esempio inedito di collezionismo nella Roma del Settecento. Il Cappon. 227 della Biblioteca Apostolica Vaticana e le sue miniature In The Vatican Library Review"
Cappon.229,3.85,1,inedito,0,https://digi.vatlib.it/mss/detail/Cappon.229,https://digi.vatlib.it/view/MSS_Cappon.229,"Bibliographic References: 1) De Simone, Giulia Un esempio inedito di collezionismo nella Roma del Settecento. Il Cappon. 227 della Biblioteca Apostolica Vaticana e le sue miniature In The Vatican Library Review"
Cappon.230,3.85,1,inedito,0,https://digi.vatlib.it/mss/detail/Cappon.230,https://digi.vatlib.it/view/MSS_Cappon.230,"Bibliographic References: 1) De Simone, Giulia Un esempio inedito di collezionismo nella Roma del Settecento. Il Cappon. 227 della Biblioteca Apostolica Vaticana e le sue miniature In The Vatican Library Review"
Cappon.236,3.85,1,inedito,0,https://digi.vatlib.it/mss/detail/Cappon.236,https://digi.vatlib.it/view/MSS_Cappon.236,"Bibliographic References: 1) De Simone, Giulia Un esempio inedito di collezionismo nella Roma del Settecento. Il Cappon. 227 della Biblioteca Apostolica Vaticana e le sue miniature In The Vatican Library Review"
Cappon.279,3.85,1,inedito,0,https://digi.vatlib.it/mss/detail/Cappon.279,https://digi.vatlib.it/view/MSS_Cappon.279,"Low Quality Bibliographic References: 1) De Simone, Giulia Un esempio inedito di collezionismo nella Roma del Settecento. Il Cappon. 227 della Biblioteca Apostolica Vaticana e le sue miniature In The Vatican Library Review"
Cappon.284,3.85,1,inedito,0,https://digi.vatlib.it/mss/detail/Cappon.284,https://digi.vatlib.it/view/MSS_Cappon.284,"Bibliographic References: 1) De Simone, Giulia Un esempio inedito di collezionismo nella Roma del Settecento. Il Cappon. 227 della Biblioteca Apostolica Vaticana e le sue miniature In The Vatican Library Review"
Cappon.285,3.85,1,inedito,0,https://digi.vatlib.it/mss/detail/Cappon.285,https://digi.vatlib.it/view/MSS_Cappon.285,"Bibliographic References: 1) De Simone, Giulia Un esempio inedito di collezionismo nella Roma del Settecento. Il Cappon. 227 della Biblioteca Apostolica Vaticana e le sue miniature In The Vatican Library Review"
Cappon.289,3.85,1,inedito,0,https://digi.vatlib.it/mss/detail/Cappon.289,https://digi.vatlib.it/view/MSS_Cappon.289,"Bibliographic References: 1) De Simone, Giulia Un esempio inedito di collezionismo nella Roma del Settecento. Il Cappon. 227 della Biblioteca Apostolica Vaticana e le sue miniature In The Vatican Library Review"
Cappon.307,3.85,1,inedito,0,https://digi.vatlib.it/mss/detail/Cappon.307,https://digi.vatlib.it/view/MSS_Cappon.307,"Bibliographic References: 1) De Simone, Giulia Un esempio inedito di collezionismo nella Roma del Settecento. Il Cappon. 227 della Biblioteca Apostolica Vaticana e le sue miniature In The Vatican Library Review"
Cappon.308,3.85,1,inedito,0,https://digi.vatlib.it/mss/detail/Cappon.308,https://digi.vatlib.it/view/MSS_Cappon.308,"Bibliographic References: 1) De Simone, Giulia Un esempio inedito di collezionismo nella Roma del Settecento. Il Cappon. 227 della Biblioteca Apostolica Vaticana e le sue miniature In The Vatican Library Review"
Cappon.309,3.85,1,inedito,0,https://digi.vatlib.it/mss/detail/Cappon.309,https://digi.vatlib.it/view/MSS_Cappon.309,"Bibliographic References: 1) De Simone, Giulia Un esempio inedito di collezionismo nella Roma del Settecento. Il Cappon. 227 della Biblioteca Apostolica Vaticana e le sue miniature In The Vatican Library Review"
Cappon.310,3.85,1,inedito,0,https://digi.vatlib.it/mss/detail/Cappon.310,https://digi.vatlib.it/view/MSS_Cappon.310,"Bibliographic References: 1) De Simone, Giulia Un esempio inedito di collezionismo nella Roma del Settecento. Il Cappon. 227 della Biblioteca Apostolica Vaticana e le sue miniature In The Vatican Library Review"
Chig.A.I.6,3.85,1,inedito,0,https://digi.vatlib.it/mss/detail/Chig.A.I.6,https://digi.vatlib.it/view/MSS_Chig.A.I.6,"Bibliographic References: 1) Ciampi, Ignazio, 1824-1880 L'epistolario inedito di Fabio Chigi poi papa Alessandro VII, In Memorie della Accademia nazionale dei Lincei. Classe di Scienze Morali, Storiche e Filologiche"
Chig.A.I.7,3.85,1,inedito,0,https://digi.vatlib.it/mss/detail/Chig.A.I.7,https://digi.vatlib.it/view/MSS_Chig.A.I.7,"Bibliographic References: 1) Ciampi, Ignazio, 1824-1880 L'epistolario inedito di Fabio Chigi poi papa Alessandro VII, In Memorie della Accademia nazionale dei Lincei. Classe di Scienze Morali, Storiche e Filologiche"
Chig.A.I.22,3.85,1,inedito,0,https://digi.vatlib.it/mss/detail/Chig.A.I.22,https://digi.vatlib.it/view/MSS_Chig.A.I.22,"Bibliographic References: 1) Ciampi, Ignazio, 1824-1880 L'epistolario inedito di Fabio Chigi poi papa Alessandro VII, In Memorie della Accademia nazionale dei Lincei. Classe di Scienze Morali, Storiche e Filologiche"
Chig.A.II.27,3.85,1,inedito,0,https://digi.vatlib.it/mss/detail/Chig.A.II.27,https://digi.vatlib.it/view/MSS_Chig.A.II.27,"Bibliographic References: 1) Ciampi, Ignazio, 1824-1880 L'epistolario inedito di Fabio Chigi poi papa Alessandro VII, In Memorie della Accademia nazionale dei Lincei. Classe di Scienze Morali, Storiche e Filologiche"
Chig.A.II.29,3.85,1,inedito,0,https://digi.vatlib.it/mss/detail/Chig.A.II.29,https://digi.vatlib.it/view/MSS_Chig.A.II.29,"Bibliographic References: 1) Ciampi, Ignazio, 1824-1880 L'epistolario inedito di Fabio Chigi poi papa Alessandro VII, In Memorie della Accademia nazionale dei Lincei. Classe di Scienze Morali, Storiche e Filologiche"
Chig.I.VII.259,3.85,1,inedito,0,https://digi.vatlib.it/mss/detail/Chig.I.VII.259,https://digi.vatlib.it/view/MSS_Chig.I.VII.259,"Bibliographic References: 1) Portuese, Orazio Per la storia della tradizione degli Epigrammata Bobiensia: con una disamina delle carte Campana e un testimone inedito , Storia e letteratura: raccolta di studi e testi 2017."
Chig.L.IV.131,3.85,1,inedito,0,https://digi.vatlib.it/mss/detail/Chig.L.IV.131,https://digi.vatlib.it/view/MSS_Chig.L.IV.131,"Low Quality Bibliographic References: 1) Biancardi, Giovanni Un inedito testo senese del Quattrocento: l’ecloga Hor che gli uccelli fra l’ombrose frondi, In Studi e problemi di critica testuale 1991"
Chig.M.IV.79,3.85,1,inedito,0,https://digi.vatlib.it/mss/detail/Chig.M.IV.79,https://digi.vatlib.it/view/MSS_Chig.M.IV.79,"Low Quality Bibliographic References: 1) Biancardi, Giovanni Un inedito testo senese del Quattrocento: l’ecloga Hor che gli uccelli fra l’ombrose frondi, In Studi e problemi di critica testuale 1991"
Ott.gr.24,3.85,1,inedito,0,https://digi.vatlib.it/mss/detail/Ott.gr.24,https://digi.vatlib.it/view/MSS_Ott.gr.24,"Bibliographic References: 1) Gaspari, Anna Un dialogo inedito sul taglio della barba copiato da Nicola Sofanòs?, In Le livre manuscrit grec: écriture, materiaux, histoire (Actes du IXe Colloque international de Paléographie grecque, Paris, 10-15 septembre 2018, édités par Marie Cronier et Brigitte Mondrain), 2020"
Ott.lat.66,3.85,1,inedito,0,https://digi.vatlib.it/mss/detail/Ott.lat.66,https://digi.vatlib.it/view/MSS_Ott.lat.66,"Bibliographic References: 1) Cardinali, Giacomo, sac., 1977- Gabriele Faerno, filologo gourmand. Con un’appendice delle sue lettere a Piero Vettori, nove suoi nuovi postillati e un inedito a stampa, 2021"
Ott.lat.528,3.85,1,inedito,0,https://digi.vatlib.it/mss/detail/Ott.lat.528,https://digi.vatlib.it/view/MSS_Ott.lat.528,"Bibliographic References: 1) Bombi, Barbara I procuratori dell’Ordine Teutonico tra il XIII e il XIV secolo. Studi sopra un inedito rotolo pergamenaceo del Geheimes Staatsarchiv Preussischer Kulturbesitz di Berlino, In Römische Historische Mitteilungen 2002 2) Bombi, Barbara Un inedito memoriale dell'Archivio dei procuratori dell'Ordine Teutonico del principio del XIV secolo, In Quellen und Forschungen aus italienischen Archiven und Bibliotheken 2002"
Ott.lat.542,3.85,1,inedito,0,https://digi.vatlib.it/mss/detail/Ott.lat.542,https://digi.vatlib.it/view/MSS_Ott.lat.542,"Bibliographic References: 1) Ugolini, Francesco Alessandro, 1910-1990 Il canzoniere inedito di Cerverí di Girona, In Memorie della Accademia nazionale dei Lincei. Classe di Scienze Morali, Storiche e Filologiche"
Ott.lat.621,3.85,1,inedito,0,https://digi.vatlib.it/mss/detail/Ott.lat.621,https://digi.vatlib.it/view/MSS_Ott.lat.621,"Bibliographic References: 1) Cardinali, Giacomo, sac., 1977- Gabriele Faerno, filologo gourmand. Con un’appendice delle sue lettere a Piero Vettori, nove suoi nuovi postillati e un inedito a stampa, 2021"
Ott.lat.845,3.85,1,inedito,0,https://digi.vatlib.it/mss/detail/Ott.lat.845,https://digi.vatlib.it/view/MSS_Ott.lat.845,"Bibliographic References: 1) Ugolini, Francesco Alessandro, 1910-1990 Il canzoniere inedito di Cerverí di Girona, In Memorie della Accademia nazionale dei Lincei. Classe di Scienze Morali, Storiche e Filologiche"
Ott.lat.1438,3.85,1,inedito,0,https://digi.vatlib.it/mss/detail/Ott.lat.1438,https://digi.vatlib.it/view/MSS_Ott.lat.1438,"Bibliographic References: 1) Plaisant, Maria Luisa Un opuscolo inedito di Francesco da Fiano in difesa della poesia In Rinascimento. Rivista dell’Istituto di studi sul Rinascimento"
Ott.lat.1554,3.85,1,inedito,0,https://digi.vatlib.it/mss/detail/Ott.lat.1554,https://digi.vatlib.it/view/MSS_Ott.lat.1554,"Low Quality Bibliographic References: 1) Villar, Milagros El texto inédito de una epístola de Petrarca dirigida a Philippe de Cabassole, In Petrarca, Verona e l’Europa, Atti del Convegno internazionale di studi (Verona, 19-23 sett. 1991), 1997"
Ott.lat.1661,3.85,1,inedito,0,https://digi.vatlib.it/mss/detail/Ott.lat.1661,https://digi.vatlib.it/view/MSS_Ott.lat.1661,"Bibliographic References: 1) Gualdoni, Franco Dal «De supplicationibus malis» al «De religionibus et caeremoniis»: vicende di un testo inedito di Angelo Decembrio, In Italia medioevale e umanistica 2000"
Ott.lat.1828,3.85,1,inedito,0,https://digi.vatlib.it/mss/detail/Ott.lat.1828,https://digi.vatlib.it/view/MSS_Ott.lat.1828,"Bibliographic References: 1) Gualdo Rosa, Lucia Il Filelfo e i turchi. Un inedito storico dell'Archivio Vaticano, In Annali della Facoltà di lettere e filosofia dell'Università di Napoli 1964-68"
Ott.lat.2860,3.85,1,inedito,0,https://digi.vatlib.it/mss/detail/Ott.lat.2860,https://digi.vatlib.it/view/MSS_Ott.lat.2860,"Bibliographic References: 1) Portuese, Orazio Per la storia della tradizione degli Epigrammata Bobiensia: con una disamina delle carte Campana e un testimone inedito , Storia e letteratura: raccolta di studi e testi 2017."
Ott.lat.2967,3.85,1,inedito,0,https://digi.vatlib.it/mss/detail/Ott.lat.2967,https://digi.vatlib.it/view/MSS_Ott.lat.2967,"Bibliographic References: 1) Tedeschi Grisanti, Giovanna I Fanti Scritti di Carrara in un codice inedito di Giovannantonio Dosio, In Atti e memorie della Deputazione di storia patria per le antiche province modenesi 1982"
Ott.lat.2992,3.85,1,inedito,0,https://digi.vatlib.it/mss/detail/Ott.lat.2992,https://digi.vatlib.it/view/MSS_Ott.lat.2992,"Bibliographic References: 1) Plaisant, Maria Luisa Un opuscolo inedito di Francesco da Fiano in difesa della poesia In Rinascimento. Rivista dell’Istituto di studi sul Rinascimento"
Pal.gr.126,3.85,1,inedito,0,https://digi.vatlib.it/mss/detail/Pal.gr.126,https://digi.vatlib.it/view/MSS_Pal.gr.126,"Bibliographic References: 1) Gaspari, Anna Un dialogo inedito sul taglio della barba copiato da Nicola Sofanòs?, In Le livre manuscrit grec: écriture, materiaux, histoire (Actes du IXe Colloque international de Paléographie grecque, Paris, 10-15 septembre 2018, édités par Marie Cronier et Brigitte Mondrain), 2020"
Pal.gr.367,3.85,1,inedito,0,https://digi.vatlib.it/mss/detail/Pal.gr.367,https://digi.vatlib.it/view/MSS_Pal.gr.367,"Bibliographic References: 1) Michaelides, Demetrios, 1945-2011 Un lamento inedito sulla caduta di Costantinopoli (Cod. Alexander., Bibl. patr. 30 [361], ff. 149mv-150m), In Byzantinische Zeitschrift 1972 2) Lucà, Santo, 1947- Un inedito γριφος sul calamo? Athon., Protat. 29, f. 257v, In ΕΥΛΟΓΙΑ: sulle orme di André Jacob, 2021."
Pal.gr.376,3.85,1,inedito,0,https://digi.vatlib.it/mss/detail/Pal.gr.376,https://digi.vatlib.it/view/MSS_Pal.gr.376,"Bibliographic References: 1) Lucà, Santo, 1947- Un inedito γρϊφος sul calamo? Athon., Protat. 29, f. 257v, In Eulogia: sulle orme di André Jacob, a cura di Roberta Durante, presentazione di Mario Spedicato (Quaderni de L’Idomeneo-Società di storia patria: Sezione di Lecce 50) 2021."
Pal.lat.763,3.85,1,inedito,0,https://digi.vatlib.it/mss/detail/Pal.lat.763,https://digi.vatlib.it/view/MSS_Pal.lat.763,"Bibliographic References: 1) Bellomo, Manlio Consulenze professionali e dottrine di professori. Un inedito ""consilium domini Accursii"", In Quaderni catanesi di studi classici e medievali 1982"
Pal.lat.1123,3.85,1,inedito,0,https://digi.vatlib.it/mss/detail/Pal.lat.1123,https://digi.vatlib.it/view/MSS_Pal.lat.1123,"Bibliographic References: 1) Gualdoni, Flaminio Dal «De supplicationibus malis» al «De religionibus et caeremoniis»: vicende di un testo inedito di Angelo Decembrio, In Italia medioevale e umanistica 2000"
Arch.Cap.S.Pietro.E.36,3.85,1,inedita,0,https://digi.vatlib.it/mss/detail/Arch.Cap.S.Pietro.E.36,https://digi.vatlib.it/view/MSS_Arch.Cap.S.Pietro.E.36,"Bibliographic References: 1) Licitra, Vincenzo La razzia di Gadres in una redazione latina inedita In Studi medievali 2) Licitra, Vincenzo Una redazione latina inedita dei ""Voti del Pavone"" In Studi medievali"
Barb.gr.267,3.85,1,inedita,0,https://digi.vatlib.it/mss/detail/Barb.gr.267,https://digi.vatlib.it/view/MSS_Barb.gr.267,"Low Quality Bibliographic References: 1) Gaspari, Anna Nuovi materiali per lo studio del copista Camillo Zanetti: il Diofanto ritrovato e una supplica inedita , In Philodōros eumeneias: Miscellanea di studi in ricordo di mons. Paul Canart, a cura di Marco D’Agostino e Luca Pieralli (Littera antiqua 21) 2021."
Barb.lat.42,3.85,1,inedita,0,https://digi.vatlib.it/mss/detail/Barb.lat.42,https://digi.vatlib.it/view/MSS_Barb.lat.42,"Bibliographic References: 1) Giannetto, Nella Un'orazione inedita di Bernardo Bembo per Cristoforo Moro, In Atti dell'istituto veneto di scienze, lettere ed arti; classe di scienze morali, lettere ed arti 1981"
Barb.lat.306,3.85,1,inedita,0,https://digi.vatlib.it/mss/detail/Barb.lat.306,https://digi.vatlib.it/view/MSS_Barb.lat.306,"Bibliographic References: 1) Mina, G. Veleno e melancolia. Un' inedita testimonianza trecentesca sul tarantismo mediterraneo, In SOMA. Interazioni terapeutiche e antropologia medica 1998"
Barb.lat.878,3.85,1,inedita,0,https://digi.vatlib.it/mss/detail/Barb.lat.878,https://digi.vatlib.it/view/MSS_Barb.lat.878,"Bibliographic References: 1) Mercati, Silvio Giuseppe, 1877-1963 Lettera inedita di Giovanni Argiropulo ad Andreolo Giustiniani, In Mélanges d'archéologie et d'histoire de l'École Française de Rome"
Barb.lat.4103,3.85,1,inedita,0,https://digi.vatlib.it/mss/detail/Barb.lat.4103,https://digi.vatlib.it/view/MSS_Barb.lat.4103,"Low Quality Bibliographic References: 1) Di Fonzo, Claudia Dalla terza redazione inedita dell’“Ottimo Commento”: il canto della fortuna. Edizione critica e diegesi redazionale, In Medioevo e Rinascimento 1999"
Borgh.315,3.85,1,inedita,0,https://digi.vatlib.it/mss/detail/Borgh.315,https://digi.vatlib.it/view/MSS_Borgh.315,"Bibliographic References: 1) Cannizzo, Giuseppina Un' inedita «quaestio disputata» sull'intelletto agente e la conoscenza intellettiva diretta del singolare, In Rivista di Filosofia Neo-Scolastica"
Borgh.329,3.85,1,inedita,0,https://digi.vatlib.it/mss/detail/Borgh.329,https://digi.vatlib.it/view/MSS_Borgh.329,"Bibliographic References: 1) Alliney, Guido È necessario amare Dio? Una questione inedita di Guglielmo di Alnwick sulla fruizione beatifica, In Parva mediaevalia. Studi per Maria Elena Reina, 1993"
Borgh.357,3.85,1,inedita,0,https://digi.vatlib.it/mss/detail/Borgh.357,https://digi.vatlib.it/view/MSS_Borgh.357,"1) 1r-138r: Olivi, Pierre Jean, O.F.M., c. 1248-1298 <Petri Iohannis Olivi opera.> 2) 133v-138r: Olivi, Pierre Jean, O.F.M., c. 1248-1298 <De perfectione evangelica quaestio duodecima.> Bibliographic References: 3) Maccarrone, Michele, sac., 1910-1993 Una questione inedita dell'Olivi sull'infallibilità del Papa In Rivista di storia della Chiesa in Italia"
Capp.Sist.2,3.85,1,inedita,0,https://digi.vatlib.it/mss/detail/Capp.Sist.2,https://digi.vatlib.it/view/MSS_Capp.Sist.2,"Bibliographic References: 1) Talamo, Emilia Anna Un codice scritto da Federico Mario Perugino con una miniatura inedita di Vincent Raymond, In Miscellanea Bibliothecae Apostolicae Vaticanae XIII, 2006"
Capp.Sist.3,3.85,1,inedita,0,https://digi.vatlib.it/mss/detail/Capp.Sist.3,https://digi.vatlib.it/view/MSS_Capp.Sist.3,"Bibliographic References: 1) Talamo, Emilia Anna Un codice scritto da Federico Mario Perugino con una miniatura inedita di Vincent Raymond, In Miscellanea Bibliothecae Apostolicae Vaticanae XIII, 2006 2) Talamo, Emilia Anna Un “Canon Missae” di Giulio III con una miniatura inedita di Vincent Raymond, In Rivista di storia della miniatura 2007"
Capp.Sist.9,3.85,1,inedita,0,https://digi.vatlib.it/mss/detail/Capp.Sist.9,https://digi.vatlib.it/view/MSS_Capp.Sist.9,"Bibliographic References: 1) Talamo, Emilia Anna Un codice scritto da Federico Mario Perugino con una miniatura inedita di Vincent Raymond, In Miscellanea Bibliothecae Apostolicae Vaticanae XIII, 2006"
Capp.Sist.11,3.85,1,inedita,0,https://digi.vatlib.it/mss/detail/Capp.Sist.11,https://digi.vatlib.it/view/MSS_Capp.Sist.11,"Bibliographic References: 1) Talamo, Emilia Anna Un codice scritto da Federico Mario Perugino con una miniatura inedita di Vincent Raymond, In Miscellanea Bibliothecae Apostolicae Vaticanae XIII, 2006"
Capp.Sist.213,3.85,1,inedita,0,https://digi.vatlib.it/mss/detail/Capp.Sist.213,https://digi.vatlib.it/view/MSS_Capp.Sist.213,"Low Quality Bibliographic References: 1) Talamo, Emilia Anna Un codice scritto da Federico Mario Perugino con una miniatura inedita di Vincent Raymond, In Miscellanea Bibliothecae Apostolicae Vaticanae XIII, 2006 2) Talamo, Emilia Anna Un ""Canon Missae"" di Giulio III con una miniatura inedita di Vincent Raymond, In Rivista di storia della miniatura 2007"
Capp.Sist.611,3.85,1,inedita,0,https://digi.vatlib.it/mss/detail/Capp.Sist.611,https://digi.vatlib.it/view/MSS_Capp.Sist.611,"Bibliographic References: 1) Talamo, Emilia Anna Un codice scritto da Federico Mario Perugino con una miniatura inedita di Vincent Raymond, In Miscellanea Bibliothecae Apostolicae Vaticanae XIII, 2006 2) Talamo, Emilia Anna Un“Canon Missae” di Giulio III con una miniatura inedita di Vincent Raymond, In Rivista di storia della miniatura 2007"
Cappon.164,3.85,1,inedita,0,https://digi.vatlib.it/mss/detail/Cappon.164,https://digi.vatlib.it/view/MSS_Cappon.164,"Bibliographic References: 1) D'agostino, R. ""Cose di Garfignana"" e nozze medicee in una lunga lettera inedita di Alessandro Tassoni a Giuseppe Malatesta, In Filologia e critica 1981"
Chig.H.IV.135,3.85,1,inedita,0,https://digi.vatlib.it/mss/detail/Chig.H.IV.135,https://digi.vatlib.it/view/MSS_Chig.H.IV.135,"Bibliographic References: 1) Cugnoni, Giuseppe, 1824-1908 Aeneae Silvii Piccolomini Senensis qui postea fuit Pius II Pont. Max. Opera inedita , In Memorie della Accademia nazionale dei Lincei. Classe di Scienze Morali, Storiche e Filologiche"
Chig.I.IV.148,3.85,1,inedita,0,https://digi.vatlib.it/mss/detail/Chig.I.IV.148,https://digi.vatlib.it/view/MSS_Chig.I.IV.148,"Low Quality Bibliographic References: 1) Cugnoni, Giuseppe, 1824-1908 Aeneae Silvii Piccolomini Senensis qui postea fuit Pius II Pont. Max. Opera inedita , In Memorie della Accademia nazionale dei Lincei. Classe di Scienze Morali, Storiche e Filologiche"
Chig.I.V.172,3.85,1,inedita,0,https://digi.vatlib.it/mss/detail/Chig.I.V.172,https://digi.vatlib.it/view/MSS_Chig.I.V.172,"Bibliographic References: 1) Cugnoni, Giuseppe, 1824-1908 Aeneae Silvii Piccolomini Senensis qui postea fuit Pius II Pont. Max. Opera inedita , In Memorie della Accademia nazionale dei Lincei. Classe di Scienze Morali, Storiche e Filologiche"
Chig.I.V.175,3.85,1,inedita,0,https://digi.vatlib.it/mss/detail/Chig.I.V.175,https://digi.vatlib.it/view/MSS_Chig.I.V.175,"Low Quality Bibliographic References: 1) Cugnoni, Giuseppe, 1824-1908 Aeneae Silvii Piccolomini Senensis qui postea fuit Pius II Pont. Max. Opera inedita , In Memorie della Accademia nazionale dei Lincei. Classe di Scienze Morali, Storiche e Filologiche"
Chig.I.VI.208,3.85,1,inedita,0,https://digi.vatlib.it/mss/detail/Chig.I.VI.208,https://digi.vatlib.it/view/MSS_Chig.I.VI.208,"Low Quality Bibliographic References: 1) Cugnoni, Giuseppe, 1824-1908 Aeneae Silvii Piccolomini Senensis qui postea fuit Pius II Pont. Max. Opera inedita , In Memorie della Accademia nazionale dei Lincei. Classe di Scienze Morali, Storiche e Filologiche"
Chig.I.VI.211,3.85,1,inedita,0,https://digi.vatlib.it/mss/detail/Chig.I.VI.211,https://digi.vatlib.it/view/MSS_Chig.I.VI.211,"Low Quality Bibliographic References: 1) Cugnoni, Giuseppe, 1824-1908 Aeneae Silvii Piccolomini Senensis qui postea fuit Pius II Pont. Max. Opera inedita , In Memorie della Accademia nazionale dei Lincei. Classe di Scienze Morali, Storiche e Filologiche"
Chig.I.VI.215,3.85,1,inedita,0,https://digi.vatlib.it/mss/detail/Chig.I.VI.215,https://digi.vatlib.it/view/MSS_Chig.I.VI.215,"Low Quality Bibliographic References: 1) Cugnoni, Giuseppe, 1824-1908 Aeneae Silvii Piccolomini Senensis qui postea fuit Pius II Pont. Max. Opera inedita , In Memorie della Accademia nazionale dei Lincei. Classe di Scienze Morali, Storiche e Filologiche 2) Giannetto, Nella Un'orazione inedita di Bernardo Bembo per Cristoforo Moro, In Atti dell'istituto veneto di scienze, lettere ed arti; classe di scienze morali, lettere ed arti 1981"
Chig.I.VII.252,3.85,1,inedita,0,https://digi.vatlib.it/mss/detail/Chig.I.VII.252,https://digi.vatlib.it/view/MSS_Chig.I.VII.252,"Bibliographic References: 1) Cugnoni, Giuseppe, 1824-1908 Aeneae Silvii Piccolomini Senensis qui postea fuit Pius II Pont. Max. Opera inedita , In Memorie della Accademia nazionale dei Lincei. Classe di Scienze Morali, Storiche e Filologiche"
Chig.I.VII.260,3.85,1,inedita,0,https://digi.vatlib.it/mss/detail/Chig.I.VII.260,https://digi.vatlib.it/view/MSS_Chig.I.VII.260,"Low Quality Bibliographic References: 1) Cugnoni, Giuseppe, 1824-1908 Aeneae Silvii Piccolomini Senensis qui postea fuit Pius II Pont. Max. Opera inedita , In Memorie della Accademia nazionale dei Lincei. Classe di Scienze Morali, Storiche e Filologiche"
Chig.I.VIII.284,3.85,1,inedita,0,https://digi.vatlib.it/mss/detail/Chig.I.VIII.284,https://digi.vatlib.it/view/MSS_Chig.I.VIII.284,"Low Quality Bibliographic References: 1) Cugnoni, Giuseppe, 1824-1908 Aeneae Silvii Piccolomini Senensis qui postea fuit Pius II Pont. Max. Opera inedita , In Memorie della Accademia nazionale dei Lincei. Classe di Scienze Morali, Storiche e Filologiche"
Chig.I.VIII.285,3.85,1,inedita,0,https://digi.vatlib.it/mss/detail/Chig.I.VIII.285,https://digi.vatlib.it/view/MSS_Chig.I.VIII.285,"Low Quality Bibliographic References: 1) Cugnoni, Giuseppe, 1824-1908 Aeneae Silvii Piccolomini Senensis qui postea fuit Pius II Pont. Max. Opera inedita , In Memorie della Accademia nazionale dei Lincei. Classe di Scienze Morali, Storiche e Filologiche"
Chig.I.VIII.286,3.85,1,inedita,0,https://digi.vatlib.it/mss/detail/Chig.I.VIII.286,https://digi.vatlib.it/view/MSS_Chig.I.VIII.286,"Low Quality Bibliographic References: 1) Cugnoni, Giuseppe, 1824-1908 Aeneae Silvii Piccolomini Senensis qui postea fuit Pius II Pont. Max. Opera inedita , In Memorie della Accademia nazionale dei Lincei. Classe di Scienze Morali, Storiche e Filologiche"
Chig.I.VIII.287,3.85,1,inedita,0,https://digi.vatlib.it/mss/detail/Chig.I.VIII.287,https://digi.vatlib.it/view/MSS_Chig.I.VIII.287,"Low Quality Bibliographic References: 1) Cugnoni, Giuseppe, 1824-1908 Aeneae Silvii Piccolomini Senensis qui postea fuit Pius II Pont. Max. Opera inedita , In Memorie della Accademia nazionale dei Lincei. Classe di Scienze Morali, Storiche e Filologiche"
Chig.L.VII.267,3.85,1,inedita,0,https://digi.vatlib.it/mss/detail/Chig.L.VII.267,https://digi.vatlib.it/view/MSS_Chig.L.VII.267,"Low Quality Bibliographic References: 1) D'Agostino, Alfonso Una versione italiana inedita dei Detti di Secondo, In Acme. Annali della Facoltà di lettere e filosofia dell’Università degli studi di Milano 1977"
Chig.P.VII.9.pt.B,3.85,1,inedita,0,https://digi.vatlib.it/mss/detail/Chig.P.VII.9.pt.B,https://digi.vatlib.it/view/MSS_Chig.P.VII.9.pt.B,"Bibliographic References: 1) Curcio, Giovanna La «Breve Relatione» inedita di Felice Della Greca e la trattatistica funzionale fra il cinquecento e il seicento, In Ricerche di storia dell’arte. (Studi di miniatura)"
Chig.P.VII.10.pt.A,3.85,1,inedita,0,https://digi.vatlib.it/mss/detail/Chig.P.VII.10.pt.A,https://digi.vatlib.it/view/MSS_Chig.P.VII.10.pt.A,"Bibliographic References: 1) Curcio, Giovanna La «Breve Relatione» inedita di Felice Della Greca e la trattatistica funzionale fra il cinquecento e il seicento, In Ricerche di storia dell’arte. (Studi di miniatura)"
Chig.P.VII.10.pt.B,3.85,1,inedita,0,https://digi.vatlib.it/mss/detail/Chig.P.VII.10.pt.B,https://digi.vatlib.it/view/MSS_Chig.P.VII.10.pt.B,"Bibliographic References: 1) Curcio, Giovanna La «Breve Relatione» inedita di Felice Della Greca e la trattatistica funzionale fra il cinquecento e il seicento, In Ricerche di storia dell’arte. (Studi di miniatura)"
Chig.P.VII.11,3.85,1,inedita,0,https://digi.vatlib.it/mss/detail/Chig.P.VII.11,https://digi.vatlib.it/view/MSS_Chig.P.VII.11,"Bibliographic References: 1) Curcio, Giovanna La «Breve Relatione» inedita di Felice Della Greca e la trattatistica funzionale fra il cinquecento e il seicento, In Ricerche di storia dell’arte. (Studi di miniatura)"
Chig.P.VII.12.pt.A,3.85,1,inedita,0,https://digi.vatlib.it/mss/detail/Chig.P.VII.12.pt.A,https://digi.vatlib.it/view/MSS_Chig.P.VII.12.pt.A,"Bibliographic References: 1) Curcio, Giovanna La «Breve Relatione» inedita di Felice Della Greca e la trattatistica funzionale fra il cinquecento e il seicento, In Ricerche di storia dell’arte. (Studi di miniatura)"
Chig.P.VII.12.pt.B,3.85,1,inedita,0,https://digi.vatlib.it/mss/detail/Chig.P.VII.12.pt.B,https://digi.vatlib.it/view/MSS_Chig.P.VII.12.pt.B,"Bibliographic References: 1) Curcio, Giovanna La «Breve Relatione» inedita di Felice Della Greca e la trattatistica funzionale fra il cinquecento e il seicento, In Ricerche di storia dell’arte. (Studi di miniatura)"
Ott.gr.9,3.85,1,inedita,0,https://digi.vatlib.it/mss/detail/Ott.gr.9,https://digi.vatlib.it/view/MSS_Ott.gr.9,"Bibliographic References: 1) Gaspari, Anna Nuovi materiali per lo studio del copista Camillo Zanetti: il Diofanto ritrovato e una supplica inedita , In Philodōros eumeneias: Miscellanea di studi in ricordo di mons. Paul Canart, a cura di Marco D’Agostino e Luca Pieralli (Littera antiqua 21) 2021."
Ott.gr.19,3.85,1,inedita,0,https://digi.vatlib.it/mss/detail/Ott.gr.19,https://digi.vatlib.it/view/MSS_Ott.gr.19,"Bibliographic References: 1) Gaspari, Anna Nuovi materiali per lo studio del copista Camillo Zanetti: il Diofanto ritrovato e una supplica inedita , In Philodōros eumeneias: Miscellanea di studi in ricordo di mons. Paul Canart, a cura di Marco D’Agostino e Luca Pieralli (Littera antiqua 21) 2021."
Ott.gr.20,3.85,1,inedita,0,https://digi.vatlib.it/mss/detail/Ott.gr.20,https://digi.vatlib.it/view/MSS_Ott.gr.20,"Bibliographic References: 1) Gaspari, Anna Nuovi materiali per lo studio del copista Camillo Zanetti: il Diofanto ritrovato e una supplica inedita , In Philodōros eumeneias: Miscellanea di studi in ricordo di mons. Paul Canart, a cura di Marco D’Agostino e Luca Pieralli (Littera antiqua 21) 2021."
Ott.lat.1483,3.85,1,inedita,0,https://digi.vatlib.it/mss/detail/Ott.lat.1483,https://digi.vatlib.it/view/MSS_Ott.lat.1483,"Bibliographic References: 1) Michelini Tocci, Luigi, 1910-2000 Poggio Fiorentino e Federico di Montefeltro (con una lettera inedita di Iacopo di Poggio), In Miscellanea Augusto Campana II, 1981"
Ott.lat.3374,3.85,1,inedita,0,https://digi.vatlib.it/mss/detail/Ott.lat.3374,https://digi.vatlib.it/view/MSS_Ott.lat.3374,"Bibliographic References: 1) Gatti, Giuseppe, conte, 1838-1914 Iscrizione greca del monastero di S. Erasmo. Nota inedita del comm. G. B. de Rossi, In Bullettino della Commissione archeologica comunale di Roma"
Pal.gr.309,3.85,1,inedita,0,https://digi.vatlib.it/mss/detail/Pal.gr.309,https://digi.vatlib.it/view/MSS_Pal.gr.309,"Bibliographic References: 1) Gaspari, Anna Nuovi materiali per lo studio del copista Camillo Zanetti: il Diofanto ritrovato e una supplica inedita , In Philodōros eumeneias: Miscellanea di studi in ricordo di mons. Paul Canart, a cura di Marco D’Agostino e Luca Pieralli (Littera antiqua 21) 2021."
Pal.gr.391,3.85,1,inedita,0,https://digi.vatlib.it/mss/detail/Pal.gr.391,https://digi.vatlib.it/view/MSS_Pal.gr.391,"Bibliographic References: 1) Gaspari, Anna Nuovi materiali per lo studio del copista Camillo Zanetti: il Diofanto ritrovato e una supplica inedita , In Philodōros eumeneias: Miscellanea di studi in ricordo di mons. Paul Canart, a cura di Marco D’Agostino e Luca Pieralli (Littera antiqua 21) 2021."
Pal.lat.1007,3.85,1,inedita,0,https://digi.vatlib.it/mss/detail/Pal.lat.1007,https://digi.vatlib.it/view/MSS_Pal.lat.1007,"Bibliographic References: 1) Tabarroni, Andrea Lo Pseudo Egidio (Guglielmo Arnaldi) e un' inedita continuazione del commento di Tommaso al ""Peryermenias"", In Medioevo. Rivista di storia della filosofia medievale 1988"
Pal.lat.1631,3.85,1,inedita,0,https://digi.vatlib.it/mss/detail/Pal.lat.1631,https://digi.vatlib.it/view/MSS_Pal.lat.1631,"Bibliographic References: 1) Vian, Paolo, 1957- Per la storia del Virgilio Romano. Una lettera inedita di Angelo Battaglini a Marino Marini (gennaio 1816), In Miscellanea Bibliothecae Apostolicae Vaticanae XX, 2014."
Pal.lat.1805,3.85,1,inedita,0,https://digi.vatlib.it/mss/detail/Pal.lat.1805,https://digi.vatlib.it/view/MSS_Pal.lat.1805,"Bibliographic References: 1) Piana, Celestino, O.F.M., 1911-1992 Una ""determinatio"" inedita di Guglielmo Alnwick ofm (†1333), come saggio di alcune fonti tacitamente usate dall'autore, In Studi francescani 1982"
Reg.gr.128,3.85,1,inedita,0,https://digi.vatlib.it/mss/detail/Reg.gr.128,https://digi.vatlib.it/view/MSS_Reg.gr.128,"Bibliographic References: 1) Gaspari, Anna Nuovi materiali per lo studio del copista Camillo Zanetti: il Diofanto ritrovato e una supplica inedita , In Philodōros eumeneias: Miscellanea di studi in ricordo di mons. Paul Canart, a cura di Marco D’Agostino e Luca Pieralli (Littera antiqua 21) 2021."
Reg.lat.386,3.85,1,inedita,0,https://digi.vatlib.it/mss/detail/Reg.lat.386,https://digi.vatlib.it/view/MSS_Reg.lat.386,"Bibliographic References: 1) Gatti, Giuseppe, conte, 1838-1914 Iscrizione greca del monastero di S. Erasmo. Nota inedita del comm. G. B. de Rossi, In Bullettino della Commissione archeologica comunale di Roma"
Reg.lat.964,3.85,1,inedita,0,https://digi.vatlib.it/mss/detail/Reg.lat.964,https://digi.vatlib.it/view/MSS_Reg.lat.964,"Bibliographic References: 1) Vian, Paolo, 1957- Per la storia del Virgilio Romano. Una lettera inedita di Angelo Battaglini a Marino Marini (gennaio 1816), In Miscellanea Bibliothecae Apostolicae Vaticanae XX (Studi e testi, 484), 2014"
Reg.lat.1234,3.85,1,inedita,0,https://digi.vatlib.it/mss/detail/Reg.lat.1234,https://digi.vatlib.it/view/MSS_Reg.lat.1234,"Bibliographic References: 1) Baldi Cardini, Maria Vittoria Un' inedita «Quaestio an plures animae sive formae sint in uno composito vel una tantum sit forma gerens vicem aliarum omnium, adeo ut nutritiva, sensitiva et intellectiva sit una anima» di J. Zabarella, In Rinascimento. Rivista dell’Istituto di studi sul Rinascimento 1971"
Reg.lat.1279,3.85,1,inedita,0,https://digi.vatlib.it/mss/detail/Reg.lat.1279,https://digi.vatlib.it/view/MSS_Reg.lat.1279,"Bibliographic References: 1) Perfetti, Stefano ""An anima nostra sit mortalis"". Una questio inedita discussa da Pietro Pomponazzi nel 1521, In Rinascimento. Rivista dell’Istituto di studi sul Rinascimento 1998"
Arch.Chig.24907,3.3,1,anonimo,0,https://digi.vatlib.it/mss/detail/Arch.Chig.24907,https://digi.vatlib.it/view/MSS_Arch.Chig.24907,"Bibliographic References: 1) Falaschi, Laura Anonimo della fine del XVII secolo, Sepolcro di Alessandro VII, In Bernini in Vaticano (Braccio di Carlo Magno maggio-luglio 1981), 1981"
Arch.Chig.24917,3.3,1,anonimo,0,https://digi.vatlib.it/mss/detail/Arch.Chig.24917,https://digi.vatlib.it/view/MSS_Arch.Chig.24917,"Bibliographic References: 1) De Lotto, Maria Teresa Anonimo della fine del secolo XVII, Pilastro della Veronica, In Bernini in Vaticano (Braccio di Carlo Magno maggio-luglio 1981), 1981"
Barb.gr.75,3.3,1,anonimo,0,https://digi.vatlib.it/mss/detail/Barb.gr.75,https://digi.vatlib.it/view/MSS_Barb.gr.75,"Bibliographic References: 1) Arnesano, Daniele, 1975- Il «Copista del Dioscoride». Un anonimo salentino del secolo XIII, In Bollettino dei Classici 2003 2) Jacob, André, 1933-2019 Il committente, il destinatario e l’ anonimo copista, In Atti dell’Accademia Nazionale dei Lincei. Rendiconti. Classe di scienze morali, storiche e filologiche 2004"
Barb.lat.1977,3.3,1,anonimo,0,https://digi.vatlib.it/mss/detail/Barb.lat.1977,https://digi.vatlib.it/view/MSS_Barb.lat.1977,"Bibliographic References: 1) De Rossi, Giovanni Battista, 1822-1894 Elogio anonimo d'un papa nella silloge epigrafica del codice di Pietroburgo, In Bullettino di archeologia cristiana"
Barb.lat.4037,3.3,1,anonimo,0,https://digi.vatlib.it/mss/detail/Barb.lat.4037,https://digi.vatlib.it/view/MSS_Barb.lat.4037,"Bibliographic References: 1) Parisi, Diego Mobilità del libro e mobilità del testo negli antichi commenti alla Commedia. Alcuni esempi della tradizione dell' Anonimo Lombardo, In Le forme dei libri e le tradizioni dei testi : Dante, Petrarca, Boccaccio: Atti del Convegno internazionale di Napoli, 18-20 novembre 2019 / a cura di Andrea Mazzucchi, Pubblicazioni del Centro Pio Rayna 2023."
Cappon.180,3.3,1,anonimo,0,https://digi.vatlib.it/mss/detail/Cappon.180,https://digi.vatlib.it/view/MSS_Cappon.180,"Bibliographic References: 1) Allenspach, Iosef Ancora sul commento ai «Trionfi» di anonimo quattrocentesco, In Studi petrarcheschi 1993 2) Allenspach, Iosef Commento ai ""Trionfi"" di anonimo quattrocentesco: un primo elenco di codici, In Studi petrarcheschi"
Chig.I.V.167,3.3,1,anonimo,0,https://digi.vatlib.it/mss/detail/Chig.I.V.167,https://digi.vatlib.it/view/MSS_Chig.I.V.167,"Low Quality Bibliographic References: 1) De Rossi, Giovanni Battista, 1822-1894 L'Accademia di Pomponio Leto e le sue memorie scritte sulle pareti delle catacombe romane, In Bullettino di archeologia cristiana 2) Tomassetti, Giuseppe, 1848-1911 Scoperte suburbane, In Bullettino della Commissione archeologica comunale di Roma"
Chig.R.VIII.54,3.3,1,anonimo,0,https://digi.vatlib.it/mss/detail/Chig.R.VIII.54,https://digi.vatlib.it/view/MSS_Chig.R.VIII.54,"Bibliographic References: 1) Papanicolaou, Maria Identificazione del dotto copista anonimo di un manipolo di manoscritti greci databili al decennio 1526-1535: Francesco Porto, In Atti dell’Accademia Nazionale dei Lincei. Rendiconti. Classe di scienze morali, storiche e filologiche 2012"
Ott.lat.2355,3.3,1,anonimo,0,https://digi.vatlib.it/mss/detail/Ott.lat.2355,https://digi.vatlib.it/view/MSS_Ott.lat.2355,"Bibliographic References: 1) Papanicolaou, Maria Identificazione del dotto copista anonimo di un manipolo di manoscritti greci databili al decennio 1526-1535: Francesco Porto, In Atti dell’Accademia Nazionale dei Lincei. Rendiconti. Classe di scienze morali, storiche e filologiche 2012"
Ott.lat.2658,3.3,1,anonimo,0,https://digi.vatlib.it/mss/detail/Ott.lat.2658,https://digi.vatlib.it/view/MSS_Ott.lat.2658,"Bibliographic References: 1) Porta, Giuseppe Le vicende del duca d'Atene e le gesta d'oltremare nella narrazione dell' Anonimo romano, In Studi di filologia italiana 1977 2) Porta, Giuseppe Un nuovo manoscritto della ""Cronica"" di Anonimo romano, In Studi di filologia italiana 1984 3) Porta, Giuseppe A proposito di alcune osservazioni all'edizione critica della ""Cronica"" di Anonimo romano, In Studi medievali 1984"
Ott.gr.83,3.3,1,anonymus,0,https://digi.vatlib.it/mss/detail/Ott.gr.83,https://digi.vatlib.it/view/MSS_Ott.gr.83,"Bibliographic References: 1) Hoffmann, Philippe Autres données relatives à un mystérieux collaborateur d'Alde Manuce: l' Anonymus Harvardianus, In Mélanges de l'École française de Rome. Moyen Âge 1986 2) Hoffmann, Philippe Un mystérieux collaborateur d'Alde Manuce: l' Anonymus Harvardianus, In Mélanges de l'École française de Rome. Moyen Âge 1985"
Ott.lat.1354,3.3,1,anonymus,0,https://digi.vatlib.it/mss/detail/Ott.lat.1354,https://digi.vatlib.it/view/MSS_Ott.lat.1354,"Low Quality Bibliographic References: 1) Tangari, Nicola Alberico di Montecassino, le Muse e una nuova fonte del trattato Anonymus Vaticanus: Città del Vaticano, Biblioteca Apostolica Vaticana, Ott.lat.1354, In Tientalora (Studi per Francesco Luisi in occasione del suo 80° compleanno, a cura di S. De Salvo Fattor e G. Rostirolla, I), Studi e Cataloghi 2023."
Pal.gr.162,3.3,1,anonymus,0,https://digi.vatlib.it/mss/detail/Pal.gr.162,https://digi.vatlib.it/view/MSS_Pal.gr.162,"Bibliographic References: 1) Hoffmann, Philippe Autre données relatives à un mystérieux collaborateur d'Alde Manuce: l' Anonymus Harvardianus, In Mélanges de l'École française de Rome. Moyen Âge 1986"
Pal.lat.235,3.3,1,anonymus,0,https://digi.vatlib.it/mss/detail/Pal.lat.235,https://digi.vatlib.it/view/MSS_Pal.lat.235,"Bibliographic References: 1) Tangari, Nicola Alberico di Montecassino, le Muse e una nuova fonte del trattato Anonymus Vaticanus: Città del Vaticano, Biblioteca Apostolica Vaticana, Ott.lat.1354, In Tientalora (Studi per Francesco Luisi in occasione del suo 80° compleanno, a cura di S. De Salvo Fattor e G. Rostirolla, I), Studi e Cataloghi 2023."
Pal.lat.927,3.3,1,anonymus,0,https://digi.vatlib.it/mss/detail/Pal.lat.927,https://digi.vatlib.it/view/MSS_Pal.lat.927,"1) 126r, 127v-128r, 128v-132r: Anonymus Valesianus, sec. V-VI Chronica Theodoriciana, cap. VII-VIII. Excerpta Bibliographic References: 2) Zangemeister, Karl Friedrich Wilhelm, 1837-1902 Zum Anonymus Valesianus In Rheinisches Museum für Philologie"
Pal.lat.1746,3.3,1,anonymus,0,https://digi.vatlib.it/mss/detail/Pal.lat.1746,https://digi.vatlib.it/view/MSS_Pal.lat.1746,"Bibliographic References: 1) De Nonno, Mario, 1954- Note all’editio princeps dell’ Anonymus ad Cuimnanum, In Latomus. Revue d’études latines 1996 2) Taeger, Burkhard «Multiplex enim ut lex Dei etiam Latinitas». Zu den Quellen des Anonymus ad Cuimnanum, In Studi medievali 1991 3) Löfstedt, Bengt Grammatisch-rhetorische Fragmente im Anonymus ad Cuimnanum, In Eranos. Acta philologica Suecana 1990"
Reg.gr.107,3.3,1,anonymus,0,https://digi.vatlib.it/mss/detail/Reg.gr.107,https://digi.vatlib.it/view/MSS_Reg.gr.107,"Bibliographic References: 1) Ebbesen, Sten, 1946- Anonymus Aurelianensis II, Aristotle, Alexander, Porphyry and Boethius. Ancient Scholasticism and 12th century Western Europe, In Cahiers de l’Institut du Moyen-Âge grec et latin 1976"
Reg.gr.173,3.3,1,anonymus,0,https://digi.vatlib.it/mss/detail/Reg.gr.173,https://digi.vatlib.it/view/MSS_Reg.gr.173,"Bibliographic References: 1) Hoffmann, Philippe Autre données relatives à un mystérieux collaborateur d'Alde Manuce: l' Anonymus Harvardianus, In Mélanges de l'École française de Rome. Moyen Âge 1986 2) Hoffmann, Philippe Un mystérieux collaborateur d'Alde Manuce: l' Anonymus Harvardianus, In Mélanges de l'École française de Rome. Moyen Âge 1985"
Reg.lat.241,3.3,1,anonymus,0,https://digi.vatlib.it/mss/detail/Reg.lat.241,https://digi.vatlib.it/view/MSS_Reg.lat.241,"Bibliographic References: 1) Hartmann, Wilfried Beziehungen des Normannischen Anonymus zu frühscholastischen Bildungszentren, In Deutsches Archiv für Erforschung des Mittelalters 1975"
Reg.lat.535,3.3,1,anonymus,0,https://digi.vatlib.it/mss/detail/Reg.lat.535,https://digi.vatlib.it/view/MSS_Reg.lat.535,"Bibliographic References: 1) Woesthuis, Marinus M. The Origins of Anonymus Primus. Vincent of Beauvais, Helinand of Froidmont and the Life of St. Hugh of Cluny, In Analecta Bollandiana 1987"
Urb.gr.61,3.3,1,anonymus,0,https://digi.vatlib.it/mss/detail/Urb.gr.61,https://digi.vatlib.it/view/MSS_Urb.gr.61,"Bibliographic References: 1) Hoffmann, Philippe Autre données relatives à un mystérieux collaborateur d'Alde Manuce: l' Anonymus Harvardianus, In Mélanges de l'École française de Rome. Moyen Âge 1986"
Urb.gr.133,3.3,1,anonymus,0,https://digi.vatlib.it/mss/detail/Urb.gr.133,https://digi.vatlib.it/view/MSS_Urb.gr.133,"Bibliographic References: 1) Hoffmann, Philippe Autre données relatives à un mystérieux collaborateur d'Alde Manuce: l' Anonymus Harvardianus, In Mélanges de l'École française de Rome. Moyen Âge 1986"
Urb.lat.1154,3.3,1,anonymus,0,https://digi.vatlib.it/mss/detail/Urb.lat.1154,https://digi.vatlib.it/view/MSS_Urb.lat.1154,"Bibliographic References: 1) De Nonno, Mario, 1954- La raccolta grammaticale del codice napoletano IV.A.17 e il testo dell'"" Anonymus Bobiensis"", In Rivista di filologia e di istruzione classica 1983"
Vat.gr.209,3.3,1,anonymus,0,https://digi.vatlib.it/mss/detail/Vat.gr.209,https://digi.vatlib.it/view/MSS_Vat.gr.209,"Low Quality Bibliographic References: 1) Ebbesen, Sten, 1946- Analyzing Syllogisms or Anonymus Aurelianensis III - the (presumably) Earliest Extant Latin Commentary on the Prior Analytics and its Greek Model, In Cahiers de l’Institut du Moyen-Âge grec et latin 1981"
Vat.gr.241,3.3,1,anonymus,0,https://digi.vatlib.it/mss/detail/Vat.gr.241,https://digi.vatlib.it/view/MSS_Vat.gr.241,"Bibliographic References: 1) Ebbesen, Sten, 1946- Anonymus Aurelianensis II, Aristotle, Alexander, Porphyry and Boethius. Ancient Scholasticism and 12th century Western Europe, In Cahiers de l’Institut du Moyen-Âge grec et latin 1976 2) Kommentare zu Aristoteles, De partibus animalium. Redaktionen zu Michael von Ephesos, kritische Edition und Einleitung. Anonymus (Codex Hieros. S. S. 108) und Georgios Pachymeres ; herausgegeben von Eleni Pappa, Commentaria in Aristotelem Graeca et Byzantina 2022."
Vat.gr.248,3.3,1,anonymus,0,https://digi.vatlib.it/mss/detail/Vat.gr.248,https://digi.vatlib.it/view/MSS_Vat.gr.248,"Low Quality Bibliographic References: 1) Ebbesen, Sten, 1946- Anonymus Aurelianensis II, Aristotle, Alexander, Porphyry and Boethius. Ancient Scholasticism and 12th century Western Europe, In Cahiers de l’Institut du Moyen-Âge grec et latin 1976"
Vat.gr.260,3.3,1,anonymus,0,https://digi.vatlib.it/mss/detail/Vat.gr.260,https://digi.vatlib.it/view/MSS_Vat.gr.260,"Bibliographic References: 1) Kommentare zu Aristoteles, De partibus animalium. Redaktionen zu Michael von Ephesos, kritische Edition und Einleitung. Anonymus (Codex Hieros. S. S. 108) und Georgios Pachymeres ; herausgegeben von Eleni Pappa, Commentaria in Aristotelem Graeca et Byzantina 2022."
Vat.gr.261.pt.1,3.3,1,anonymus,0,https://digi.vatlib.it/mss/detail/Vat.gr.261.pt.1,https://digi.vatlib.it/view/MSS_Vat.gr.261.pt.1,"Bibliographic References: 1) Kommentare zu Aristoteles, De partibus animalium. Redaktionen zu Michael von Ephesos, kritische Edition und Einleitung. Anonymus (Codex Hieros. S. S. 108) und Georgios Pachymeres ; herausgegeben von Eleni Pappa, Commentaria in Aristotelem Graeca et Byzantina 2022."
Vat.gr.266,3.3,1,anonymus,0,https://digi.vatlib.it/mss/detail/Vat.gr.266,https://digi.vatlib.it/view/MSS_Vat.gr.266,"Bibliographic References: 1) Kommentare zu Aristoteles, De partibus animalium. Redaktionen zu Michael von Ephesos, kritische Edition und Einleitung. Anonymus (Codex Hieros. S. S. 108) und Georgios Pachymeres ; herausgegeben von Eleni Pappa, Commentaria in Aristotelem Graeca et Byzantina 2022."
Vat.gr.1032,3.3,1,anonymus,0,https://digi.vatlib.it/mss/detail/Vat.gr.1032,https://digi.vatlib.it/view/MSS_Vat.gr.1032,"Bibliographic References: 1) Kommentare zu Aristoteles, De partibus animalium. Redaktionen zu Michael von Ephesos, kritische Edition und Einleitung. Anonymus (Codex Hieros. S. S. 108) und Georgios Pachymeres ; herausgegeben von Eleni Pappa, Commentaria in Aristotelem Graeca et Byzantina 2022."
Vat.gr.1305,3.3,1,anonymus,0,https://digi.vatlib.it/mss/detail/Vat.gr.1305,https://digi.vatlib.it/view/MSS_Vat.gr.1305,"Low Quality Bibliographic References: 1) Hoffmann, Philippe Autres données relatives à un mystérieux collaborateur d'Alde Manuce: l' Anonymus Harvardianus, In Mélanges de l'École française de Rome. Moyen Âge 1986"
Vat.gr.1314,3.3,1,anonymus,0,https://digi.vatlib.it/mss/detail/Vat.gr.1314,https://digi.vatlib.it/view/MSS_Vat.gr.1314,"Low Quality Bibliographic References: 1) Gamillscheg, Ernst, 1950- Andronikos Kallistos oder Anonymus Mutinensis? Zur Schriftenentwicklung des Andronikos Kallistos, In Römische Historische Mitteilungen 1983 2) Smith, Ole Langwitz Anonymus Mutinensis or Andronikos Kallistos, In Classica et mediaevalia 1986"
Vat.gr.1339,3.3,1,anonymus,0,https://digi.vatlib.it/mss/detail/Vat.gr.1339,https://digi.vatlib.it/view/MSS_Vat.gr.1339,"Low Quality Bibliographic References: 1) Kommentare zu Aristoteles, De partibus animalium. Redaktionen zu Michael von Ephesos, kritische Edition und Einleitung. Anonymus (Codex Hieros. S. S. 108) und Georgios Pachymeres ; herausgegeben von Eleni Pappa, Commentaria in Aristotelem Graeca et Byzantina 2022."
Vat.gr.1608,3.3,1,anonymus,0,https://digi.vatlib.it/mss/detail/Vat.gr.1608,https://digi.vatlib.it/view/MSS_Vat.gr.1608,"Low Quality Bibliographic References: 1) Hoffmann, Philippe Un mystérieux collaborateur d'Alde Manuce: l' Anonymus Harvardianus, In Mélanges de l'École française de Rome. Moyen Âge 1985"
Vat.gr.2173,3.3,1,anonymus,0,https://digi.vatlib.it/mss/detail/Vat.gr.2173,https://digi.vatlib.it/view/MSS_Vat.gr.2173,"Low Quality Bibliographic References: 1) Krewet, Michael Der Anonymus Coislinianus-Kommentar in den süditalienischen Handschriften der Terra d’Otranto des 12. und 13. Jahrhunderts, In Die griechische Gelehrsamkeit in Süditalien. Manuskripte, Texte und Wissenstransfer im 10.-13. Jahrhundert, Etymologika - Studien 2025."
Vat.lat.409,3.3,1,anonymus,0,https://digi.vatlib.it/mss/detail/Vat.lat.409,https://digi.vatlib.it/view/MSS_Vat.lat.409,"Bibliographic References: 1) Monfasani, John, 1943- Some quattrocento traslators of St. Basil the Great: Gaspare Zacchi, episcopus anonymus , Pietro Balbi, Athanasius Chalkeopoulos, and cardinal Bessaion, In Φιλαναγνωστησ. Studi in onore di Marino Zorzi, 2008"
Vat.lat.4155,3.3,1,anonymus,0,https://digi.vatlib.it/mss/detail/Vat.lat.4155,https://digi.vatlib.it/view/MSS_Vat.lat.4155,"Bibliographic References: 1) Monfasani, John, 1943- Some quattrocento traslators of St. Basil the Great: Gaspare Zacchi, episcopus anonymus , Pietro Balbi, Athanasius Chalkeopoulos, and cardinal Bessaion, In Φιλαναγνωστησ. Studi in onore di Marino Zorzi, 2008"
Vat.lat.4249,3.3,1,anonymus,0,https://digi.vatlib.it/mss/detail/Vat.lat.4249,https://digi.vatlib.it/view/MSS_Vat.lat.4249,"Bibliographic References: 1) Monfasani, John, 1943- Some quattrocento traslators of St. Basil the Great: Gaspare Zacchi, episcopus anonymus , Pietro Balbi, Athanasius Chalkeopoulos, and cardinal Bessaion, In Φιλαναγνωστησ. Studi in onore di Marino Zorzi, 2008"
Arch.Cap.S.Pietro.D.157,3.3,1,attribuzione,0,https://digi.vatlib.it/mss/detail/Arch.Cap.S.Pietro.D.157,https://digi.vatlib.it/view/MSS_Arch.Cap.S.Pietro.D.157,"Bibliographic References: 1) Canart, Paul, sac., 1927-2017 L'ornamentazione nei manoscritti greci del Rinascimento: un criterio d' attribuzione da sfruttare?, In Rivista di studi bizantini e neoellenici 2005"
Arch.Cap.S.Pietro.G.13,3.3,1,attribuzione,0,https://digi.vatlib.it/mss/detail/Arch.Cap.S.Pietro.G.13,https://digi.vatlib.it/view/MSS_Arch.Cap.S.Pietro.G.13,"Low Quality Bibliographic References: 1) Carloni, R. Un problema di attribuzione risolto: la statua di S. Pietro in Vaticano, In Roma Anno 1300. Atti della IV settimana di studi di storia dell’arte medievale dell’Univ. di Roma “La Sapienza”, 19-24 maggio 1980, 1983"
Barb.gr.54,3.3,1,attribuzione,0,https://digi.vatlib.it/mss/detail/Barb.gr.54,https://digi.vatlib.it/view/MSS_Barb.gr.54,"Bibliographic References: 1) Canart, Paul, sac., 1927-2017 L'ornamentazione nei manoscritti greci del Rinascimento: un criterio d' attribuzione da sfruttare?, In Rivista di studi bizantini e neoellenici 2005 2) Canart, Paul, sac., 1927-2017 L'ornamentazione nei manoscritti greci del Rinascimento: un criterio d' attribuzione da sfruttare?, In Rivista di studi bizantini e neoellenici 2005"
Barb.gr.60,3.3,1,attribuzione,0,https://digi.vatlib.it/mss/detail/Barb.gr.60,https://digi.vatlib.it/view/MSS_Barb.gr.60,"Bibliographic References: 1) Canart, Paul, sac., 1927-2017 L'ornamentazione nei manoscritti greci del Rinascimento: un criterio d' attribuzione da sfruttare?, In Rivista di studi bizantini e neoellenici 2005"
Barb.gr.64,3.3,1,attribuzione,0,https://digi.vatlib.it/mss/detail/Barb.gr.64,https://digi.vatlib.it/view/MSS_Barb.gr.64,"Bibliographic References: 1) Canart, Paul, sac., 1927-2017 L'ornamentazione nei manoscritti greci del Rinascimento: un criterio d' attribuzione da sfruttare?, In Rivista di studi bizantini e neoellenici 2005"
Barb.gr.74,3.3,1,attribuzione,0,https://digi.vatlib.it/mss/detail/Barb.gr.74,https://digi.vatlib.it/view/MSS_Barb.gr.74,"Bibliographic References: 1) Scognamiglio, Federica ""Ascolta, ragazzo, il mio consiglio"": l'acrostico parenetico di Ignazio Diacono, e un altro acrostico di incerta attribuzione , In Journal of Byzantine Studies 2022."
Barb.gr.231,3.3,1,attribuzione,0,https://digi.vatlib.it/mss/detail/Barb.gr.231,https://digi.vatlib.it/view/MSS_Barb.gr.231,"Bibliographic References: 1) Canart, Paul, sac., 1927-2017 L'ornamentazione nei manoscritti greci del Rinascimento: un criterio d' attribuzione da sfruttare?, In Rivista di studi bizantini e neoellenici 2005"
Barb.gr.306,3.3,1,attribuzione,0,https://digi.vatlib.it/mss/detail/Barb.gr.306,https://digi.vatlib.it/view/MSS_Barb.gr.306,"Bibliographic References: 1) Canart, Paul, sac., 1927-2017 L'ornamentazione nei manoscritti greci del Rinascimento: un criterio d' attribuzione da sfruttare?, In Rivista di studi bizantini e neoellenici 2005"
Barb.gr.310,3.3,1,attribuzione,0,https://digi.vatlib.it/mss/detail/Barb.gr.310,https://digi.vatlib.it/view/MSS_Barb.gr.310,"Bibliographic References: 1) Giardina, Giovanna R. L’Anacreontea 5 di Leone Magistro Chirosfaktis. Sul problema dell’ attribuzione , In Bollettino della Badia greca di Grottaferrata 1994"
Barb.gr.323,3.3,1,attribuzione,0,https://digi.vatlib.it/mss/detail/Barb.gr.323,https://digi.vatlib.it/view/MSS_Barb.gr.323,"Bibliographic References: 1) Canart, Paul, sac., 1927-2017 L'ornamentazione nei manoscritti greci del Rinascimento: un criterio d' attribuzione da sfruttare?, In Rivista di studi bizantini e neoellenici 2005"
Barb.gr.351,3.3,1,attribuzione,0,https://digi.vatlib.it/mss/detail/Barb.gr.351,https://digi.vatlib.it/view/MSS_Barb.gr.351,"Bibliographic References: 1) Canart, Paul, sac., 1927-2017 L'ornamentazione nei manoscritti greci del Rinascimento: un criterio d' attribuzione da sfruttare?, In Rivista di studi bizantini e neoellenici 2005"
Barb.gr.377,3.3,1,attribuzione,0,https://digi.vatlib.it/mss/detail/Barb.gr.377,https://digi.vatlib.it/view/MSS_Barb.gr.377,"Bibliographic References: 1) Canart, Paul, sac., 1927-2017 L'ornamentazione nei manoscritti greci del Rinascimento: un criterio d' attribuzione da sfruttare?, In Rivista di studi bizantini e neoellenici 2005"
Barb.gr.429,3.3,1,attribuzione,0,https://digi.vatlib.it/mss/detail/Barb.gr.429,https://digi.vatlib.it/view/MSS_Barb.gr.429,"Bibliographic References: 1) Canart, Paul, sac., 1927-2017 L'ornamentazione nei manoscritti greci del Rinascimento: un criterio d' attribuzione da sfruttare?, In Rivista di studi bizantini e neoellenici 2005"
Barb.gr.568,3.3,1,attribuzione,0,https://digi.vatlib.it/mss/detail/Barb.gr.568,https://digi.vatlib.it/view/MSS_Barb.gr.568,"Bibliographic References: 1) Canart, Paul, sac., 1927-2017 L'ornamentazione nei manoscritti greci del Rinascimento: un criterio d' attribuzione da sfruttare?, In Rivista di studi bizantini e neoellenici 2005"
Borgh.205,3.3,1,attribuzione,0,https://digi.vatlib.it/mss/detail/Borgh.205,https://digi.vatlib.it/view/MSS_Borgh.205,"Bibliographic References: 1) Perarnau, Josep, 1928- «Habent sua fata libelli». Sull' attribuzione ad Arnaldo di Villanova del Tractatus quidam in quo respondetur obiectionibus quae fiebant contra tractatum Arnaldi ""De Adventu antichritsti"", In Archivum franciscanum historicum 2005"
Ott.gr.18,3.3,1,attribuzione,0,https://digi.vatlib.it/mss/detail/Ott.gr.18,https://digi.vatlib.it/view/MSS_Ott.gr.18,"Bibliographic References: 1) Canart, Paul, sac., 1927-2017 L'ornamentazione nei manoscritti greci del Rinascimento: un criterio d' attribuzione da sfruttare?, In Rivista di studi bizantini e neoellenici 2005"
Ott.gr.22,3.3,1,attribuzione,0,https://digi.vatlib.it/mss/detail/Ott.gr.22,https://digi.vatlib.it/view/MSS_Ott.gr.22,"Bibliographic References: 1) Canart, Paul, sac., 1927-2017 L'ornamentazione nei manoscritti greci del Rinascimento: un criterio d' attribuzione da sfruttare?, In Rivista di studi bizantini e neoellenici 2005"
Ott.gr.45,3.3,1,attribuzione,0,https://digi.vatlib.it/mss/detail/Ott.gr.45,https://digi.vatlib.it/view/MSS_Ott.gr.45,"Bibliographic References: 1) Canart, Paul, sac., 1927-2017 L'ornamentazione nei manoscritti greci del Rinascimento: un criterio d' attribuzione da sfruttare?, In Rivista di studi bizantini e neoellenici 2005"
Ott.gr.46,3.3,1,attribuzione,0,https://digi.vatlib.it/mss/detail/Ott.gr.46,https://digi.vatlib.it/view/MSS_Ott.gr.46,"Bibliographic References: 1) Canart, Paul, sac., 1927-2017 L'ornamentazione nei manoscritti greci del Rinascimento: un criterio d' attribuzione da sfruttare?, In Rivista di studi bizantini e neoellenici 2005"
Ott.gr.60,3.3,1,attribuzione,0,https://digi.vatlib.it/mss/detail/Ott.gr.60,https://digi.vatlib.it/view/MSS_Ott.gr.60,"Bibliographic References: 1) Canart, Paul, sac., 1927-2017 L'ornamentazione nei manoscritti greci del Rinascimento: un criterio d' attribuzione da sfruttare?, In Rivista di studi bizantini e neoellenici 2005"
Ott.gr.93,3.3,1,attribuzione,0,https://digi.vatlib.it/mss/detail/Ott.gr.93,https://digi.vatlib.it/view/MSS_Ott.gr.93,"Bibliographic References: 1) Canart, Paul, sac., 1927-2017 L'ornamentazione nei manoscritti greci del Rinascimento: un criterio d' attribuzione da sfruttare?, In Rivista di studi bizantini e neoellenici 2005"
Ott.gr.117,3.3,1,attribuzione,0,https://digi.vatlib.it/mss/detail/Ott.gr.117,https://digi.vatlib.it/view/MSS_Ott.gr.117,"Bibliographic References: 1) Canart, Paul, sac., 1927-2017 L'ornamentazione nei manoscritti greci del Rinascimento: un criterio d' attribuzione da sfruttare?, In Rivista di studi bizantini e neoellenici 2005"
Ott.gr.191,3.3,1,attribuzione,0,https://digi.vatlib.it/mss/detail/Ott.gr.191,https://digi.vatlib.it/view/MSS_Ott.gr.191,"Bibliographic References: 1) Canart, Paul, sac., 1927-2017 L'ornamentazione nei manoscritti greci del Rinascimento: un criterio d' attribuzione da sfruttare?, In Rivista di studi bizantini e neoellenici 2005"
Ott.gr.215,3.3,1,attribuzione,0,https://digi.vatlib.it/mss/detail/Ott.gr.215,https://digi.vatlib.it/view/MSS_Ott.gr.215,"Bibliographic References: 1) Canart, Paul, sac., 1927-2017 L'ornamentazione nei manoscritti greci del Rinascimento: un criterio d' attribuzione da sfruttare?, In Rivista di studi bizantini e neoellenici 2005"
Ott.gr.261,3.3,1,attribuzione,0,https://digi.vatlib.it/mss/detail/Ott.gr.261,https://digi.vatlib.it/view/MSS_Ott.gr.261,"Bibliographic References: 1) Canart, Paul, sac., 1927-2017 L'ornamentazione nei manoscritti greci del Rinascimento: un criterio d' attribuzione da sfruttare?, In Rivista di studi bizantini e neoellenici 2005"
Ott.gr.264,3.3,1,attribuzione,0,https://digi.vatlib.it/mss/detail/Ott.gr.264,https://digi.vatlib.it/view/MSS_Ott.gr.264,"Bibliographic References: 1) Canart, Paul, sac., 1927-2017 L'ornamentazione nei manoscritti greci del Rinascimento: un criterio d' attribuzione da sfruttare?, In Rivista di studi bizantini e neoellenici 2005"
Ott.gr.324,3.3,1,attribuzione,0,https://digi.vatlib.it/mss/detail/Ott.gr.324,https://digi.vatlib.it/view/MSS_Ott.gr.324,"Bibliographic References: 1) Scognamiglio, Federica ""Ascolta, ragazzo, il mio consiglio"": l'acrostico parenetico di Ignazio Diacono, e un altro acrostico di incerta attribuzione , In Journal of Byzantine Studies 2022."
Ott.gr.329,3.3,1,attribuzione,0,https://digi.vatlib.it/mss/detail/Ott.gr.329,https://digi.vatlib.it/view/MSS_Ott.gr.329,"Bibliographic References: 1) Canart, Paul, sac., 1927-2017 L'ornamentazione nei manoscritti greci del Rinascimento: un criterio d' attribuzione da sfruttare?, In Rivista di studi bizantini e neoellenici 2005"
Ott.gr.350,3.3,1,attribuzione,0,https://digi.vatlib.it/mss/detail/Ott.gr.350,https://digi.vatlib.it/view/MSS_Ott.gr.350,"Bibliographic References: 1) Canart, Paul, sac., 1927-2017 L'ornamentazione nei manoscritti greci del Rinascimento: un criterio d' attribuzione da sfruttare?, In Rivista di studi bizantini e neoellenici 2005"
Ott.gr.361,3.3,1,attribuzione,0,https://digi.vatlib.it/mss/detail/Ott.gr.361,https://digi.vatlib.it/view/MSS_Ott.gr.361,"Bibliographic References: 1) Canart, Paul, sac., 1927-2017 L'ornamentazione nei manoscritti greci del Rinascimento: un criterio d' attribuzione da sfruttare?, In Rivista di studi bizantini e neoellenici 2005"
Pal.gr.51,3.3,1,attribuzione,0,https://digi.vatlib.it/mss/detail/Pal.gr.51,https://digi.vatlib.it/view/MSS_Pal.gr.51,"Bibliographic References: 1) Canart, Paul, sac., 1927-2017 L'ornamentazione nei manoscritti greci del Rinascimento: un criterio d' attribuzione da sfruttare?, In Rivista di studi bizantini e neoellenici 2005 2) Canart, Paul, sac., 1927-2017 L'ornamentazione nei manoscritti greci del Rinascimento: un criterio d' attribuzione da sfruttare?, In Rivista di studi bizantini e neoellenici 2005"
Pal.gr.173,3.3,1,attribuzione,0,https://digi.vatlib.it/mss/detail/Pal.gr.173,https://digi.vatlib.it/view/MSS_Pal.gr.173,"Bibliographic References: 1) Perria, Lidia, 1950-2003 A proposito del codice L di Platone. Problemi di datazione e di attribuzione , In Studi su codici e papiri filosofici. Platone, Aristotele, Ierocle, 1992"
Pal.gr.186,3.3,1,attribuzione,0,https://digi.vatlib.it/mss/detail/Pal.gr.186,https://digi.vatlib.it/view/MSS_Pal.gr.186,"Bibliographic References: 1) Perria, Lidia, 1950-2003 A proposito del codice L di Platone. Problemi di datazione e di attribuzione , In Studi su codici e papiri filosofici. Platone, Aristotele, Ierocle, 1992"
Pal.gr.394,3.3,1,attribuzione,0,https://digi.vatlib.it/mss/detail/Pal.gr.394,https://digi.vatlib.it/view/MSS_Pal.gr.394,"Bibliographic References: 1) Canart, Paul, sac., 1927-2017 L'ornamentazione nei manoscritti greci del Rinascimento: un criterio d' attribuzione da sfruttare?, In Rivista di studi bizantini e neoellenici 2005"
Pal.gr.406,3.3,1,attribuzione,0,https://digi.vatlib.it/mss/detail/Pal.gr.406,https://digi.vatlib.it/view/MSS_Pal.gr.406,"Bibliographic References: 1) Canart, Paul, sac., 1927-2017 L'ornamentazione nei manoscritti greci del Rinascimento: un criterio d' attribuzione da sfruttare?, In Rivista di studi bizantini e neoellenici 2005"
Pal.gr.407,3.3,1,attribuzione,0,https://digi.vatlib.it/mss/detail/Pal.gr.407,https://digi.vatlib.it/view/MSS_Pal.gr.407,"Bibliographic References: 1) Canart, Paul, sac., 1927-2017 L'ornamentazione nei manoscritti greci del Rinascimento: un criterio d' attribuzione da sfruttare?, In Rivista di studi bizantini e neoellenici 2005"
Pal.gr.413,3.3,1,attribuzione,0,https://digi.vatlib.it/mss/detail/Pal.gr.413,https://digi.vatlib.it/view/MSS_Pal.gr.413,"Bibliographic References: 1) Canart, Paul, sac., 1927-2017 L'ornamentazione nei manoscritti greci del Rinascimento: un criterio d' attribuzione da sfruttare?, In Rivista di studi bizantini e neoellenici 2005"
Pal.gr.416,3.3,1,attribuzione,0,https://digi.vatlib.it/mss/detail/Pal.gr.416,https://digi.vatlib.it/view/MSS_Pal.gr.416,"Bibliographic References: 1) Canart, Paul, sac., 1927-2017 L'ornamentazione nei manoscritti greci del Rinascimento: un criterio d' attribuzione da sfruttare?, In Rivista di studi bizantini e neoellenici 2005 2) Canart, Paul, sac., 1927-2017 L'ornamentazione nei manoscritti greci del Rinascimento: un criterio d' attribuzione da sfruttare?, In Rivista di studi bizantini e neoellenici 2005"
Pal.gr.422,3.3,1,attribuzione,0,https://digi.vatlib.it/mss/detail/Pal.gr.422,https://digi.vatlib.it/view/MSS_Pal.gr.422,"Bibliographic References: 1) Canart, Paul, sac., 1927-2017 L'ornamentazione nei manoscritti greci del Rinascimento: un criterio d' attribuzione da sfruttare?, In Rivista di studi bizantini e neoellenici 2005"
Pal.lat.876,3.3,1,attribuzione,0,https://digi.vatlib.it/mss/detail/Pal.lat.876,https://digi.vatlib.it/view/MSS_Pal.lat.876,"Bibliographic References: 1) Tanturli, Giuliano Volgarizzamenti e ricostruzione dell'antico. I casi della terza e quarta Deca di Livio e di Valerio Massimo, la parte di Boccaccio (a proposito di un' attribuzione ), In Studi medievali 1986"
Pal.lat.1071,3.3,1,attribuzione,0,https://digi.vatlib.it/mss/detail/Pal.lat.1071,https://digi.vatlib.it/view/MSS_Pal.lat.1071,"Bibliographic References: 1) Orofino, Giulia Albucasis, De Chirurgia, Cod. Vindob. S. N. 2641. Una proposta di attribuzione alla Napoli robertiana, In Miniatura. Lo sguardo e la parola. Studi in onore di Giordana Maria Canova, 2012"
Reg.gr.135,3.3,1,attribuzione,0,https://digi.vatlib.it/mss/detail/Reg.gr.135,https://digi.vatlib.it/view/MSS_Reg.gr.135,"Bibliographic References: 1) Canart, Paul, sac., 1927-2017 L'ornamentazione nei manoscritti greci del Rinascimento: un criterio d' attribuzione da sfruttare?, In Rivista di studi bizantini e neoellenici 2005"
Reg.gr.136,3.3,1,attribuzione,0,https://digi.vatlib.it/mss/detail/Reg.gr.136,https://digi.vatlib.it/view/MSS_Reg.gr.136,"Bibliographic References: 1) Canart, Paul, sac., 1927-2017 L'ornamentazione nei manoscritti greci del Rinascimento: un criterio d' attribuzione da sfruttare?, In Rivista di studi bizantini e neoellenici 2005"
Reg.gr.141,3.3,1,attribuzione,0,https://digi.vatlib.it/mss/detail/Reg.gr.141,https://digi.vatlib.it/view/MSS_Reg.gr.141,"Bibliographic References: 1) Canart, Paul, sac., 1927-2017 L'ornamentazione nei manoscritti greci del Rinascimento: un criterio d' attribuzione da sfruttare?, In Rivista di studi bizantini e neoellenici 2005"
Reg.gr.159,3.3,1,attribuzione,0,https://digi.vatlib.it/mss/detail/Reg.gr.159,https://digi.vatlib.it/view/MSS_Reg.gr.159,"Bibliographic References: 1) Canart, Paul, sac., 1927-2017 L'ornamentazione nei manoscritti greci del Rinascimento: un criterio d' attribuzione da sfruttare?, In Rivista di studi bizantini e neoellenici 2005"
Reg.gr.165,3.3,1,attribuzione,0,https://digi.vatlib.it/mss/detail/Reg.gr.165,https://digi.vatlib.it/view/MSS_Reg.gr.165,"Bibliographic References: 1) Canart, Paul, sac., 1927-2017 L'ornamentazione nei manoscritti greci del Rinascimento: un criterio d' attribuzione da sfruttare?, In Rivista di studi bizantini e neoellenici 2005"
Reg.gr.Pio.II.2,3.3,1,attribuzione,0,https://digi.vatlib.it/mss/detail/Reg.gr.Pio.II.2,https://digi.vatlib.it/view/MSS_Reg.gr.Pio.II.2,"Bibliographic References: 1) Canart, Paul, sac., 1927-2017 L'ornamentazione nei manoscritti greci del Rinascimento: un criterio d' attribuzione da sfruttare?, In Rivista di studi bizantini e neoellenici 2005"
Reg.gr.Pio.II.3,3.3,1,attribuzione,0,https://digi.vatlib.it/mss/detail/Reg.gr.Pio.II.3,https://digi.vatlib.it/view/MSS_Reg.gr.Pio.II.3,"Bibliographic References: 1) Canart, Paul, sac., 1927-2017 L'ornamentazione nei manoscritti greci del Rinascimento: un criterio d' attribuzione da sfruttare?, In Rivista di studi bizantini e neoellenici 2005"
Reg.gr.Pio.II.11,3.3,1,attribuzione,0,https://digi.vatlib.it/mss/detail/Reg.gr.Pio.II.11,https://digi.vatlib.it/view/MSS_Reg.gr.Pio.II.11,"Bibliographic References: 1) Canart, Paul, sac., 1927-2017 L'ornamentazione nei manoscritti greci del Rinascimento: un criterio d' attribuzione da sfruttare?, In Rivista di studi bizantini e neoellenici 2005"
Reg.gr.Pio.II.12,3.3,1,attribuzione,0,https://digi.vatlib.it/mss/detail/Reg.gr.Pio.II.12,https://digi.vatlib.it/view/MSS_Reg.gr.Pio.II.12,"Bibliographic References: 1) Canart, Paul, sac., 1927-2017 L'ornamentazione nei manoscritti greci del Rinascimento: un criterio d' attribuzione da sfruttare?, In Rivista di studi bizantini e neoellenici 2005"
Reg.gr.Pio.II.13,3.3,1,attribuzione,0,https://digi.vatlib.it/mss/detail/Reg.gr.Pio.II.13,https://digi.vatlib.it/view/MSS_Reg.gr.Pio.II.13,"Bibliographic References: 1) Canart, Paul, sac., 1927-2017 L'ornamentazione nei manoscritti greci del Rinascimento: un criterio d' attribuzione da sfruttare?, In Rivista di studi bizantini e neoellenici 2005"
Reg.gr.Pio.II.34,3.3,1,attribuzione,0,https://digi.vatlib.it/mss/detail/Reg.gr.Pio.II.34,https://digi.vatlib.it/view/MSS_Reg.gr.Pio.II.34,"Bibliographic References: 1) Canart, Paul, sac., 1927-2017 L'ornamentazione nei manoscritti greci del Rinascimento: un criterio d' attribuzione da sfruttare?, In Rivista di studi bizantini e neoellenici 2005"
Barb.gr.144,3.3,1,autografo,0,https://digi.vatlib.it/mss/detail/Barb.gr.144,https://digi.vatlib.it/view/MSS_Barb.gr.144,"Bibliographic References: 1) Formentin, Maria Rosa Un nuovo codice di Giovanni Lido, autografo di Aulo Giano Parrasio, In Alethes Philia. Studi in onore di Giancarlo Prato, II, 2010"
Barb.lat.5,3.3,1,autografo,0,https://digi.vatlib.it/mss/detail/Barb.lat.5,https://digi.vatlib.it/view/MSS_Barb.lat.5,"Bibliographic References: 1) Tassano Oliveri, Luisa Notizie su Michele Fabrizio Ferrarini umanista e antiquario e sulle vicende del codice autografo di Reggio Emilia C 398, In Italia medioevale e umanistica 1979"
Barb.lat.44,3.3,1,autografo,0,https://digi.vatlib.it/mss/detail/Barb.lat.44,https://digi.vatlib.it/view/MSS_Barb.lat.44,"Bibliographic References: 1) Formentin, Maria Rosa Un nuovo codice di Giovanni Lido, autografo di Aulo Giano Parrasio, In Alethes Philia. Studi in onore di Giancarlo Prato, II, 2010"
Barb.lat.148,3.3,1,autografo,0,https://digi.vatlib.it/mss/detail/Barb.lat.148,https://digi.vatlib.it/view/MSS_Barb.lat.148,"Bibliographic References: 1) Formentin, Maria Rosa Un nuovo codice di Giovanni Lido, autografo di Aulo Giano Parrasio, In Alethes Philia. Studi in onore di Giancarlo Prato, II, 2010"
Barb.lat.627,3.3,1,autografo,0,https://digi.vatlib.it/mss/detail/Barb.lat.627,https://digi.vatlib.it/view/MSS_Barb.lat.627,"Bibliographic References: 1) Troncarelli, Fabio, 1948- Osservazioni sull' autografo di Gioacchino da Fiore, In Gli autografi medievali. Problemi paleografici e filologici. Atti del convegno di Studio, Erice 25 sett.-2 ott. 1990, 1994"
Barb.lat.4089,3.3,1,autografo,0,https://digi.vatlib.it/mss/detail/Barb.lat.4089,https://digi.vatlib.it/view/MSS_Barb.lat.4089,"Low Quality Bibliographic References: 1) Doglio, Maria Luisa Sull' autografo di Torquato Tasso ""Del Giudicio sovra la sua Gerusalemme da Lui medesimo riformata"", In Lettere italiane 1981"
Chig.A.VIII.231,3.3,1,autografo,0,https://digi.vatlib.it/mss/detail/Chig.A.VIII.231,https://digi.vatlib.it/view/MSS_Chig.A.VIII.231,"Bibliographic References: 1) Troncarelli, Fabio, 1948- Osservazioni sull' autografo di Gioacchino da Fiore, In Gli autografi medievali. Problemi paleografici e filologici. Atti del convegno di Studio, Erice 25 sett.-2 ott. 1990, 1994"
Chig.R.IV.12,3.3,1,autografo,0,https://digi.vatlib.it/mss/detail/Chig.R.IV.12,https://digi.vatlib.it/view/MSS_Chig.R.IV.12,"Low Quality Bibliographic References: 1) D'Aiuto, Francesco, 1967- Un parziale autografo di Marco monaco. Il manoscritto della Biblioteca Vaticana Chig. R.V.33 (gr. 27), In Byzantinoslavica"
Ott.lat.2050,3.3,1,autografo,0,https://digi.vatlib.it/mss/detail/Ott.lat.2050,https://digi.vatlib.it/view/MSS_Ott.lat.2050,"Bibliographic References: 1) Bottoni, Diego I Decembrio e la traduzione della «Repubblica» di Platone: dalle correzioni dell' autografo di Uberto alle integrazioni greche di Pier Candido, In Vestigia. Studi in onore di Giuseppe Billanovich I, 1984"
Pal.gr.139,3.3,1,autografo,0,https://digi.vatlib.it/mss/detail/Pal.gr.139,https://digi.vatlib.it/view/MSS_Pal.gr.139,"Bibliographic References: 1) Canart, Paul, sac., 1927-2017 Note sur l'écriture de Michel et Aristobule Apostolès et sur quelques manuscrits attribuables à ce dernier, In Un esemplare autografo di Arsenio e il «Florilegio» di Stobeo, 1970"
Pal.gr.149,3.3,1,autografo,0,https://digi.vatlib.it/mss/detail/Pal.gr.149,https://digi.vatlib.it/view/MSS_Pal.gr.149,"Bibliographic References: 1) Canart, Paul, sac., 1927-2017 Note sur l'écriture de Michel et Aristobule Apostolès et sur quelques manuscrits attribuables à ce dernier, In Un esemplare autografo di Arsenio e il «Florilegio» di Stobeo, 1970"
Pal.gr.316,3.3,1,autografo,0,https://digi.vatlib.it/mss/detail/Pal.gr.316,https://digi.vatlib.it/view/MSS_Pal.gr.316,"Bibliographic References: 1) Canart, Paul, sac., 1927-2017 Note sur l'écriture de Michel et Aristobule Apostolès et sur quelques manuscrits attribuables à ce dernier, In Un esemplare autografo di Arsenio e il «Florilegio» di Stobeo, 1970"
Pal.lat.1074,3.3,1,autografo,0,https://digi.vatlib.it/mss/detail/Pal.lat.1074,https://digi.vatlib.it/view/MSS_Pal.lat.1074,"Bibliographic References: 1) Godi, Carlo Per il testo delle ""Novelle"" di Matteo Bandello, la 2, 37(96). I, il ms. autografo di Tolosa, In Aevum. Rassegna di scienze storiche, linguistiche e filologiche 1984"
Pal.lat.1469,3.3,1,autografo,0,https://digi.vatlib.it/mss/detail/Pal.lat.1469,https://digi.vatlib.it/view/MSS_Pal.lat.1469,"Bibliographic References: 1) Piacentini Scarcia, Paola, 1938- ""In Brunnecha absolvi"": un autografo di Giovanni Andrea Bussi nel manoscritto Vallicelliano B 61, In Scrittura, biblioteche e stampa a Roma nel Quattrocento, 1983"
Reg.gr.124,3.3,1,autografo,0,https://digi.vatlib.it/mss/detail/Reg.gr.124,https://digi.vatlib.it/view/MSS_Reg.gr.124,"Bibliographic References: 1) Bernardinello, Silvio Un autografo del Bessarione: Vindobonensis philosophicus graecus 46, In Miscellanea marciana di studi bessarionei (Medioevo e Umanesimo 24), 1976"
Reg.lat.557,3.3,1,autografo,0,https://digi.vatlib.it/mss/detail/Reg.lat.557,https://digi.vatlib.it/view/MSS_Reg.lat.557,"Bibliographic References: 1) Piacentini Scarcia, Paola, 1938- ""In Brunnecha absolvi"": un autografo di Giovanni Andrea Bussi nel manoscritto Vallicelliano B 61, In Scrittura, biblioteche e stampa a Roma nel Quattrocento, 1983"
Reg.lat.710,3.3,1,autografo,0,https://digi.vatlib.it/mss/detail/Reg.lat.710,https://digi.vatlib.it/view/MSS_Reg.lat.710,"Bibliographic References: 1) Piacentini Scarcia, Paola, 1938- ""In Brunnecha absolvi"": un autografo di Giovanni Andrea Bussi nel manoscritto Vallicelliano B 61, In Scrittura, biblioteche e stampa a Roma nel Quattrocento, 1983"
Reg.lat.762,3.3,1,autografo,0,https://digi.vatlib.it/mss/detail/Reg.lat.762,https://digi.vatlib.it/view/MSS_Reg.lat.762,"Bibliographic References: 1) Busonero, Paola Alcune osservazioni sul raporto tra autografo e apografo nella tradizione della Terza decade di Tito Livio, In Nuovi annali della Scuola speciale per archivisti e bibliotecari 2004"
Reg.lat.1131,3.3,1,autografo,0,https://digi.vatlib.it/mss/detail/Reg.lat.1131,https://digi.vatlib.it/view/MSS_Reg.lat.1131,"Bibliographic References: 1) Bottoni, Diego I Decembrio e la traduzione della «Repubblica» di Platone: dalle correzioni dell' autografo di Uberto alle integrazioni greche di Pier Candido, In Vestigia. Studi in onore di Giuseppe Billanovich I, 1984"
Reg.lat.1321,3.3,1,autografo,0,https://digi.vatlib.it/mss/detail/Reg.lat.1321,https://digi.vatlib.it/view/MSS_Reg.lat.1321,"Bibliographic References: 1) Giua, Elena Un nuovo codice autografo della “Disputatio egregia” di Angelo Decembrio (Caen, Bibl. Municipale 343), In Italia medioevale e umanistica 2004"
Ross.725,3.3,1,autografo,0,https://digi.vatlib.it/mss/detail/Ross.725,https://digi.vatlib.it/view/MSS_Ross.725,"Bibliographic References: 1) Canart, Paul, sac., 1927-2017 Note sur l'écriture de Michel et Aristobule Apostolès et sur quelques manuscrits attribuables à ce dernier, In Un esemplare autografo di Arsenio e il «Florilegio» di Stobeo, 1970"
Urb.gr.48,3.3,1,autografo,0,https://digi.vatlib.it/mss/detail/Urb.gr.48,https://digi.vatlib.it/view/MSS_Urb.gr.48,"Bibliographic References: 1) Bernardinello, Silvio Un autografo del Bessarione: Vindobonensis philosophicus graecus 46, In Miscellanea marciana di studi bessarionei (Medioevo e Umanesimo 24), 1976"
Urb.gr.91,3.3,1,autografo,0,https://digi.vatlib.it/mss/detail/Urb.gr.91,https://digi.vatlib.it/view/MSS_Urb.gr.91,"Bibliographic References: 1) Canart, Paul, sac., 1927-2017 Note sur l'écriture de Michel et Aristobule Apostolès et sur quelques manuscrits attribuables à ce dernier, In Un esemplare autografo di Arsenio e il «Florilegio» di Stobeo, 1970"
Urb.gr.144,3.3,1,autografo,0,https://digi.vatlib.it/mss/detail/Urb.gr.144,https://digi.vatlib.it/view/MSS_Urb.gr.144,"Bibliographic References: 1) Canart, Paul, sac., 1927-2017 Note sur l'écriture de Michel et Aristobule Apostolès et sur quelques manuscrits attribuables à ce dernier, In Un esemplare autografo di Arsenio e il «Florilegio» di Stobeo, 1970"
Vat.lat.3195,3.3,1,minuta,0,https://digi.vatlib.it/mss/detail/Vat.lat.3195,https://digi.vatlib.it/view/MSS_Vat.lat.3195,"Bibliographic References: 1) Petrucci, Armando, 1932-2018 Minuta , autografo, libro d'autore, In Il libro e il testo. Atti del convegno internazionale, Urbino 20-23 sett. 1982, 1984 2) Petrucci, Armando, 1932-2018 Dalla minuta al manoscritto d’autore, In Lo spazio letterario nel medioevo. I. La produzione del testo, 1. Il Medioevo latino, 1992"
Vat.lat.3196,3.3,1,minuta,0,https://digi.vatlib.it/mss/detail/Vat.lat.3196,https://digi.vatlib.it/view/MSS_Vat.lat.3196,"Bibliographic References: 1) Petrucci, Armando, 1932-2018 Minuta , autografo, libro d'autore, In Il libro e il testo. Atti del convegno internazionale, Urbino 20-23 sett. 1982, 1984 2) Petrucci, Armando, 1932-2018 Dalla minuta al manoscritto d’autore, In Lo spazio letterario nel medioevo. I. La produzione del testo, 1. Il Medioevo latino, 1992"
Vat.lat.3358,3.3,1,minuta,0,https://digi.vatlib.it/mss/detail/Vat.lat.3358,https://digi.vatlib.it/view/MSS_Vat.lat.3358,"Bibliographic References: 1) Petrucci, Armando, 1932-2018 Minuta , autografo, libro d'autore, In Il libro e il testo. Atti del convegno internazionale, Urbino 20-23 sett. 1982, 1984"
Barb.gr.95,2.75,1,postille,0,https://digi.vatlib.it/mss/detail/Barb.gr.95,https://digi.vatlib.it/view/MSS_Barb.gr.95,"Bibliographic References: 1) Pade, Marianne La fortuna della traduzione di Tucidide di Lorenzo Valla con una edizione delle postille al testo, In Niccolò V nel sesto centenario della nascita. Atti del Convegno internazionale, Sarzana 8-10 ott. 1998, 2000"
Barb.gr.371,2.75,1,postille,0,https://digi.vatlib.it/mss/detail/Barb.gr.371,https://digi.vatlib.it/view/MSS_Barb.gr.371,"Bibliographic References: 1) Parenti, Stefano, 1959- Gli eucologi del Grottaferrata γ.β.xx. Osservazioni e postille , In Philodōros eumeneias: Miscellanea di studi in ricordo di mons. Paul Canart, a cura di Marco D’Agostino e Luca Pieralli (Littera antiqua 21) 2021."
Barb.gr.393,2.75,1,postille,0,https://digi.vatlib.it/mss/detail/Barb.gr.393,https://digi.vatlib.it/view/MSS_Barb.gr.393,"Low Quality Bibliographic References: 1) Parenti, Stefano, 1959- Gli eucologi del Grottaferrata γ.β.xx. Osservazioni e postille , In Philodōros eumeneias: Miscellanea di studi in ricordo di mons. Paul Canart, a cura di Marco D’Agostino e Luca Pieralli (Littera antiqua 21) 2021."
Barb.gr.428,2.75,1,postille,0,https://digi.vatlib.it/mss/detail/Barb.gr.428,https://digi.vatlib.it/view/MSS_Barb.gr.428,"Low Quality Bibliographic References: 1) Parenti, Stefano, 1959- Gli eucologi del Grottaferrata γ.β.xx. Osservazioni e postille , In Philodōros eumeneias: Miscellanea di studi in ricordo di mons. Paul Canart, a cura di Marco D’Agostino e Luca Pieralli (Littera antiqua 21) 2021."
Barb.gr.443,2.75,1,postille,0,https://digi.vatlib.it/mss/detail/Barb.gr.443,https://digi.vatlib.it/view/MSS_Barb.gr.443,"Bibliographic References: 1) Parenti, Stefano, 1959- Gli eucologi del Grottaferrata γ.β.xx. Osservazioni e postille , In Philodōros eumeneias: Miscellanea di studi in ricordo di mons. Paul Canart, a cura di Marco D’Agostino e Luca Pieralli (Littera antiqua 21) 2021."
Barb.lat.143,2.75,1,postille,0,https://digi.vatlib.it/mss/detail/Barb.lat.143,https://digi.vatlib.it/view/MSS_Barb.lat.143,"Bibliographic References: 1) Rinaldi, Michele 1906- Pontano e le tradizioni astrologiche latine medievali: le postille dell’umanista nel codice Clm 234 della Bayerische Staatsbibliothek di Monaco e nel Barberiniano Latino 172 della Biblioteca Apostolica Vaticana, In Atti dell’Accademia Pontaniana 2003"
Barb.lat.144,2.75,1,postille,0,https://digi.vatlib.it/mss/detail/Barb.lat.144,https://digi.vatlib.it/view/MSS_Barb.lat.144,"Bibliographic References: 1) Rinaldi, Michele 1906- Pontano e le tradizioni astrologiche latine medievali: le postille dell’umanista nel codice Clm 234 della Bayerische Staatsbibliothek di Monaco e nel Barberiniano Latino 172 della Biblioteca Apostolica Vaticana, In Atti dell’Accademia Pontaniana 2003"
Barb.lat.146,2.75,1,postille,0,https://digi.vatlib.it/mss/detail/Barb.lat.146,https://digi.vatlib.it/view/MSS_Barb.lat.146,"Bibliographic References: 1) Rinaldi, Michele 1906- Pontano e le tradizioni astrologiche latine medievali: le postille dell’umanista nel codice Clm 234 della Bayerische Staatsbibliothek di Monaco e nel Barberiniano Latino 172 della Biblioteca Apostolica Vaticana, In Atti dell’Accademia Pontaniana 2003"
Barb.lat.172,2.75,1,postille,0,https://digi.vatlib.it/mss/detail/Barb.lat.172,https://digi.vatlib.it/view/MSS_Barb.lat.172,"Bibliographic References: 1) Rinaldi, Michele 1906- Pontano e le tradizioni astrologiche latine medievali: le postille dell’umanista nel codice Clm 234 della Bayerische Staatsbibliothek di Monaco e nel Barberiniano Latino 172 della Biblioteca Apostolica Vaticana, In Atti dell’Accademia Pontaniana 2003"
Barb.lat.631,2.75,1,postille,0,https://digi.vatlib.it/mss/detail/Barb.lat.631,https://digi.vatlib.it/view/MSS_Barb.lat.631,"Bibliographic References: 1) Manfredi, Antonio, 1961- I Vat.lat.1202 e 1203 da Montecassino alla Vaticana delle origini con alcune postille di Biondo Flavio, In ""Quod ore cantas corde credas"". Studi in onore di Giacomo Baroffio Dahnk, a cura di L. Scappaticci (Monumenta studia instrumenta liturgica, 70), 2013."
Barb.lat.4332,2.75,1,postille,0,https://digi.vatlib.it/mss/detail/Barb.lat.4332,https://digi.vatlib.it/view/MSS_Barb.lat.4332,"Bibliographic References: 1) Becchi, Antonio Il biberon di Leonardo. Le postille al Trattato di architettura di Francesco Giorgio Martini (ms. Ashb. 361): Leonardo da Vinci, Guglielmo Libri e i loro interpreti, Sussidi eruditi 2024."
Borg.gr.7,2.75,1,postille,0,https://digi.vatlib.it/mss/detail/Borg.gr.7,https://digi.vatlib.it/view/MSS_Borg.gr.7,"Bibliographic References: 1) Parenti, Stefano, 1959- Gli eucologi del Grottaferrata γ.β.xx. Osservazioni e postille , In Philodōros eumeneias: Miscellanea di studi in ricordo di mons. Paul Canart, a cura di Marco D’Agostino e Luca Pieralli (Littera antiqua 21) 2021."
Ott.lat.1829,2.75,1,postille,0,https://digi.vatlib.it/mss/detail/Ott.lat.1829,https://digi.vatlib.it/view/MSS_Ott.lat.1829,"Bibliographic References: 1) Tristano, Caterina, 1951- Le postille del Petrarca nel Vaticano Lat. 2193 (Apuleio, Frontino, Vegezio, Palladio), In Italia medioevale e umanistica 1974 2) Billanovich, Guido Abbozzi e postille del Mussato nel Vaticano lat. 1769, In Italia medioevale e umanistica 1985"
Ott.lat.2091,2.75,1,postille,0,https://digi.vatlib.it/mss/detail/Ott.lat.2091,https://digi.vatlib.it/view/MSS_Ott.lat.2091,"Bibliographic References: 1) Tristano, Caterina, 1951- Le postille del Petrarca nel Vaticano Lat. 2193 (Apuleio, Frontino, Vegezio, Palladio), In Italia medioevale e umanistica 1974"
Ott.lat.2369,2.75,1,postille,0,https://digi.vatlib.it/mss/detail/Ott.lat.2369,https://digi.vatlib.it/view/MSS_Ott.lat.2369,"Low Quality Bibliographic References: 1) Manfredi, Antonio, 1961- I Vat.lat.1202 e 1203 da Montecassino alla Vaticana delle origini con alcune postille di Biondo Flavio, In ""Quod ore cantas corde credas"". Studi in onore di Giacomo Baroffio Dahnk, a cura di L. Scappaticci (Monumenta studia instrumenta liturgica, 70), 2013."
Ott.lat.2977,2.75,1,postille,0,https://digi.vatlib.it/mss/detail/Ott.lat.2977,https://digi.vatlib.it/view/MSS_Ott.lat.2977,"Bibliographic References: 1) Vannugli, Antonio, 1959- Le postille di Sebastiano Resta al Baglione e al Vasari, al Sandrart e all’Orlandi: un’introduzione storico-bibliografica, In Bollettino d’arte 1991"
Pal.gr.29,2.75,1,postille,0,https://digi.vatlib.it/mss/detail/Pal.gr.29,https://digi.vatlib.it/view/MSS_Pal.gr.29,"Bibliographic References: 1) Pade, Marianne La fortuna della traduzione di Tucidide di Lorenzo Valla con una edizione delle postille al testo, In Niccolò V nel sesto centenario della nascita. Atti del Convegno internazionale, Sarzana 8-10 ott. 1998, 2000"
Pal.gr.84,2.75,1,postille,0,https://digi.vatlib.it/mss/detail/Pal.gr.84,https://digi.vatlib.it/view/MSS_Pal.gr.84,"Bibliographic References: 1) Pade, Marianne La fortuna della traduzione di Tucidide di Lorenzo Valla con una edizione delle postille al testo, In Niccolò V nel sesto centenario della nascita. Atti del Convegno internazionale, Sarzana 8-10 ott. 1998, 2000"
Pal.gr.133,2.75,1,postille,0,https://digi.vatlib.it/mss/detail/Pal.gr.133,https://digi.vatlib.it/view/MSS_Pal.gr.133,"Bibliographic References: 1) Pade, Marianne La fortuna della traduzione di Tucidide di Lorenzo Valla con una edizione delle postille al testo, In Niccolò V nel sesto centenario della nascita. Atti del Convegno internazionale, Sarzana 8-10 ott. 1998, 2000"
Pal.gr.185,2.75,1,postille,0,https://digi.vatlib.it/mss/detail/Pal.gr.185,https://digi.vatlib.it/view/MSS_Pal.gr.185,"Bibliographic References: 1) Pade, Marianne La fortuna della traduzione di Tucidide di Lorenzo Valla con una edizione delle postille al testo, In Niccolò V nel sesto centenario della nascita. Atti del Convegno internazionale, Sarzana 8-10 ott. 1998, 2000"
Pal.gr.305,2.75,1,postille,0,https://digi.vatlib.it/mss/detail/Pal.gr.305,https://digi.vatlib.it/view/MSS_Pal.gr.305,"Bibliographic References: 1) Pade, Marianne La fortuna della traduzione di Tucidide di Lorenzo Valla con una edizione delle postille al testo, In Niccolò V nel sesto centenario della nascita. Atti del Convegno internazionale, Sarzana 8-10 ott. 1998, 2000"
Pal.gr.428,2.75,1,postille,0,https://digi.vatlib.it/mss/detail/Pal.gr.428,https://digi.vatlib.it/view/MSS_Pal.gr.428,"Bibliographic References: 1) Pontani, Filippo Maria, 1913-1983 Demetrio Mosco e Alessandro Fortis (Rettifiche e postille ), In Medioevo e Rinascimento veneto con altri studi in onore di Lino Lazzarini (Medioevo e Umanesimo 35), 1979"
Pal.gr.431.pt.A,2.75,1,postille,0,https://digi.vatlib.it/mss/detail/Pal.gr.431.pt.A,https://digi.vatlib.it/view/MSS_Pal.gr.431.pt.A,"Bibliographic References: 1) Pontani, Anna, 1949-2021 Postille a Niccolò Leonico Tomeo e Giovanni Ettore Maria Lascaris, In Filologia Umanistica greca IV. Epigrammi e dintorni: Musuro, Bonamico e altri, a cura di F. Pontani e introduzione di L. Ferreri, Opuscula collecta 2023."
Pal.gr.431.pt.B,2.75,1,postille,0,https://digi.vatlib.it/mss/detail/Pal.gr.431.pt.B,https://digi.vatlib.it/view/MSS_Pal.gr.431.pt.B,"Bibliographic References: 1) Pontani, Anna, 1949-2021 Postille a Niccolò Leonico Tomeo e Giovanni Ettore Maria Lascaris, In Filologia Umanistica greca IV. Epigrammi e dintorni: Musuro, Bonamico e altri, a cura di F. Pontani e introduzione di L. Ferreri, Opuscula collecta 2023."
Pal.lat.899,2.75,1,postille,0,https://digi.vatlib.it/mss/detail/Pal.lat.899,https://digi.vatlib.it/view/MSS_Pal.lat.899,"Bibliographic References: 1) Bosco, Umberto, 1900-1987 Il Petrarca e l'Umanesimo filologico ( Postille al Nolhac e al Sabbadini) In Giornale storico della letteratura italiana 2) Petoletti, Marco, 1972- “Signa manus mee”. Percorso tra postille e opere di Francesco Petrarca, In L’antiche e le moderne carte. Studi in memoria di Giuseppe Billanovich, a c. di Antonio Manfredi e Carla Maria Monti (Medioevo e Umanesimo, 112), 2007"
Pal.lat.1820,2.75,1,postille,0,https://digi.vatlib.it/mss/detail/Pal.lat.1820,https://digi.vatlib.it/view/MSS_Pal.lat.1820,"Bibliographic References: 1) Petoletti, Marco, 1972- “Signa manus mee”. Percorso tra postille e opere di Francesco Petrarca, In L’antiche e le moderne carte. Studi in memoria di Giuseppe Billanovich, a c. di Antonio Manfredi e Carla Maria Monti (Medioevo e Umanesimo, 112), 2007"
Pal.lat.1921,2.75,1,postille,0,https://digi.vatlib.it/mss/detail/Pal.lat.1921,https://digi.vatlib.it/view/MSS_Pal.lat.1921,"Bibliographic References: 1) Pontani, Anna, 1949-2021 Postille a Niccolò Leonico Tomeo e Giovanni Ettore Maria Lascaris, In Filologia Umanistica greca IV. Epigrammi e dintorni: Musuro, Bonamico e altri, a cura di F. Pontani e introduzione di L. Ferreri, Opuscula collecta 2023."
Reg.lat.1977,2.75,1,postille,0,https://digi.vatlib.it/mss/detail/Reg.lat.1977,https://digi.vatlib.it/view/MSS_Reg.lat.1977,"Bibliographic References: 1) Finazzi, Silvia Boccaccio lettore di Giuseppe Flavio. Le postille alle Antiquitates Iudaicae nel ms. Firenze, BML, Plut. 66.1, In Giovanni Boccaccio. Testi e studi 2025."
Ross.997,2.75,1,postille,0,https://digi.vatlib.it/mss/detail/Ross.997,https://digi.vatlib.it/view/MSS_Ross.997,"Bibliographic References: 1) Pontani, Anna, 1949-2021 Postille a Niccolò Leonico Tomeo e Giovanni Ettore Maria Lascaris, In Bollettino della Badia greca di Grottaferrata 2000 2) Pontani, Anna, 1949-2021 Postille a Niccolò Leonico Tomeo e Giovanni Ettore Maria Lascaris, In Filologia Umanistica greca IV. Epigrammi e dintorni: Musuro, Bonamico e altri, a cura di F. Pontani e introduzione di L. Ferreri, Opuscula collecta 2023."
Urb.gr.89,2.75,1,postille,0,https://digi.vatlib.it/mss/detail/Urb.gr.89,https://digi.vatlib.it/view/MSS_Urb.gr.89,"Bibliographic References: 1) Pade, Marianne In La fortuna della traduzione di Tucidide di Lorenzo Valla con una edizione delle postille al testo, Niccolò V nel sesto centenario della nascita. Atti del Convegno internazionale, Sarzana 8-10 ott. 1998, 2000"
Urb.gr.90,2.75,1,postille,0,https://digi.vatlib.it/mss/detail/Urb.gr.90,https://digi.vatlib.it/view/MSS_Urb.gr.90,"Bibliographic References: 1) Pade, Marianne In La fortuna della traduzione di Tucidide di Lorenzo Valla con una edizione delle postille al testo, Nicolò V nel sesto centenario della nascita. Atti del Convegno internazionale, Sarzana 8-10 ott. 1998, 2000"
Urb.gr.92,2.75,1,postille,0,https://digi.vatlib.it/mss/detail/Urb.gr.92,https://digi.vatlib.it/view/MSS_Urb.gr.92,"Bibliographic References: 1) Pade, Marianne In La fortuna della traduzione di Tucidide di Lorenzo Valla con una edizione delle postille al testo, Nicolò V nel sesto centenario della nascita. Atti del Convegno internazionale, Sarzana 8-10 ott. 1998, 2000"
Urb.lat.46,2.75,1,postille,0,https://digi.vatlib.it/mss/detail/Urb.lat.46,https://digi.vatlib.it/view/MSS_Urb.lat.46,"Bibliographic References: 1) Perosa, Alessandro, 1910-1998 Un codice della Badia Fiesolana con postille del Poliziano, In Rinascimento. Rivista dell’Istituto di studi sul Rinascimento 1981"
Urb.lat.293,2.75,1,postille,0,https://digi.vatlib.it/mss/detail/Urb.lat.293,https://digi.vatlib.it/view/MSS_Urb.lat.293,"Bibliographic References: 1) Becchi, Antonio Il biberon di Leonardo. Le postille al Trattato di architettura di Francesco Giorgio Martini (ms. Ashb. 361): Leonardo da Vinci, Guglielmo Libri e i loro interpreti, Sussidi eruditi 2024."
Urb.lat.429,2.75,1,postille,0,https://digi.vatlib.it/mss/detail/Urb.lat.429,https://digi.vatlib.it/view/MSS_Urb.lat.429,"Bibliographic References: 1) Pade, Marianne In La fortuna della traduzione di Tucidide di Lorenzo Valla con una edizione delle postille al testo, Nicolò V nel sesto centenario della nascita. Atti del Convegno internazionale, Sarzana 8-10 ott. 1998, 2000"
Urb.lat.595,2.75,1,postille,0,https://digi.vatlib.it/mss/detail/Urb.lat.595,https://digi.vatlib.it/view/MSS_Urb.lat.595,"Bibliographic References: 1) Manfredi, Antonio, 1961- Nuove postille autografe di Lorenzo Valla alle epistole di s. Girolamo (Vaticani lat. 355-356), In Italia medioevale e umanistica 1992"
Urb.lat.1270,2.75,1,postille,0,https://digi.vatlib.it/mss/detail/Urb.lat.1270,https://digi.vatlib.it/view/MSS_Urb.lat.1270,"Bibliographic References: 1) Becchi, Antonio Il biberon di Leonardo. Le postille al Trattato di architettura di Francesco Giorgio Martini (ms. Ashb. 361): Leonardo da Vinci, Guglielmo Libri e i loro interpreti, Sussidi eruditi 2024."
Vat.gr.122,2.75,1,postille,0,https://digi.vatlib.it/mss/detail/Vat.gr.122,https://digi.vatlib.it/view/MSS_Vat.gr.122,"Low Quality Bibliographic References: 1) Manfredi, Antonio, 1961- Nuove postille autografe di Lorenzo Valla alle epistole di s. Girolamo (Vaticani lat. 355-356) In Italia medioevale e umanistica 1992"
Vat.gr.938,2.75,1,postille,0,https://digi.vatlib.it/mss/detail/Vat.gr.938,https://digi.vatlib.it/view/MSS_Vat.gr.938,"Low Quality Bibliographic References: 1) Pade, Marianne La fortuna della traduzione di Tucidide di Lorenzo Valla con una edizione delle postille al testo, In Niccolò V nel sesto centenario della nascita. Atti del Convegno internazionale, Sarzana 8-10 ott. 1998, 2000"
Vat.gr.1228,2.75,1,postille,0,https://digi.vatlib.it/mss/detail/Vat.gr.1228,https://digi.vatlib.it/view/MSS_Vat.gr.1228,"Low Quality Bibliographic References: 1) Parenti, Stefano, 1959- Gli eucologi del Grottaferrata γ.β.xx. Osservazioni e postille , In Philodōros eumeneias: Miscellanea di studi in ricordo di mons. Paul Canart, a cura di Marco D’Agostino e Luca Pieralli (Littera antiqua 21) 2021."
Vat.gr.1554,2.75,1,postille,0,https://digi.vatlib.it/mss/detail/Vat.gr.1554,https://digi.vatlib.it/view/MSS_Vat.gr.1554,"Low Quality Bibliographic References: 1) Parenti, Stefano, 1959- Gli eucologi del Grottaferrata γ.β.xx. Osservazioni e postille , In Philodōros eumeneias: Miscellanea di studi in ricordo di mons. Paul Canart, a cura di Marco D’Agostino e Luca Pieralli (Littera antiqua 21) 2021."
Vat.gr.1811,2.75,1,postille,0,https://digi.vatlib.it/mss/detail/Vat.gr.1811,https://digi.vatlib.it/view/MSS_Vat.gr.1811,"Bibliographic References: 1) Parenti, Stefano, 1959- Gli eucologi del Grottaferrata γ.β.xx. Osservazioni e postille , In Philodōros eumeneias: Miscellanea di studi in ricordo di mons. Paul Canart, a cura di Marco D’Agostino e Luca Pieralli (Littera antiqua 21) 2021."
Vat.gr.1836,2.75,1,postille,0,https://digi.vatlib.it/mss/detail/Vat.gr.1836,https://digi.vatlib.it/view/MSS_Vat.gr.1836,"Bibliographic References: 1) Parenti, Stefano, 1959- Gli eucologi del Grottaferrata γ.β.xx. Osservazioni e postille , In Philodōros eumeneias: Miscellanea di studi in ricordo di mons. Paul Canart, a cura di Marco D’Agostino e Luca Pieralli (Littera antiqua 21) 2021."
Vat.gr.1970,2.75,1,postille,0,https://digi.vatlib.it/mss/detail/Vat.gr.1970,https://digi.vatlib.it/view/MSS_Vat.gr.1970,"Low Quality Bibliographic References: 1) Parenti, Stefano, 1959- Gli eucologi del Grottaferrata γ.β.xx. Osservazioni e postille , In Philodōros eumeneias: Miscellanea di studi in ricordo di mons. Paul Canart, a cura di Marco D’Agostino e Luca Pieralli (Littera antiqua 21) 2021."
Vat.gr.1973,2.75,1,postille,0,https://digi.vatlib.it/mss/detail/Vat.gr.1973,https://digi.vatlib.it/view/MSS_Vat.gr.1973,"Bibliographic References: 1) Parenti, Stefano, 1959- Gli eucologi del Grottaferrata γ.β.xx. Osservazioni e postille , In Philodōros eumeneias: Miscellanea di studi in ricordo di mons. Paul Canart, a cura di Marco D’Agostino e Luca Pieralli (Littera antiqua 21) 2021."
Vat.gr.2115,2.75,1,postille,0,https://digi.vatlib.it/mss/detail/Vat.gr.2115,https://digi.vatlib.it/view/MSS_Vat.gr.2115,"Bibliographic References: 1) Parenti, Stefano, 1959- Gli eucologi del Grottaferrata γ.β.xx. Osservazioni e postille , In Philodōros eumeneias: Miscellanea di studi in ricordo di mons. Paul Canart, a cura di Marco D’Agostino e Luca Pieralli (Littera antiqua 21) 2021."
Vat.gr.2324,2.75,1,postille,0,https://digi.vatlib.it/mss/detail/Vat.gr.2324,https://digi.vatlib.it/view/MSS_Vat.gr.2324,"Bibliographic References: 1) Parenti, Stefano, 1959- Gli eucologi del Grottaferrata γ.β.xx. Osservazioni e postille , In Philodōros eumeneias: Miscellanea di studi in ricordo di mons. Paul Canart, a cura di Marco D’Agostino e Luca Pieralli (Littera antiqua 21) 2021."
Vat.lat.170,2.75,1,postille,0,https://digi.vatlib.it/mss/detail/Vat.lat.170,https://digi.vatlib.it/view/MSS_Vat.lat.170,"Bibliographic References: 1) Manfredi, Antonio, 1961- Nuove postille autografe di Lorenzo Valla alle epistole di s. Girolamo (Vaticani lat. 355-356), In Italia medioevale e umanistica 1992"
Vat.lat.171,2.75,1,postille,0,https://digi.vatlib.it/mss/detail/Vat.lat.171,https://digi.vatlib.it/view/MSS_Vat.lat.171,"Bibliographic References: 1) Manfredi, Antonio, 1961- Nuove postille autografe di Lorenzo Valla alle epistole di s. Girolamo (Vaticani lat. 355-356), In Italia medioevale e umanistica 1992"
Vat.lat.172,2.75,1,postille,0,https://digi.vatlib.it/mss/detail/Vat.lat.172,https://digi.vatlib.it/view/MSS_Vat.lat.172,"Bibliographic References: 1) Manfredi, Antonio, 1961- Nuove postille autografe di Lorenzo Valla alle epistole di s. Girolamo (Vaticani lat. 355-356), In Italia medioevale e umanistica 1992"
Barb.gr.63,2.75,1,marginalia,0,https://digi.vatlib.it/mss/detail/Barb.gr.63,https://digi.vatlib.it/view/MSS_Barb.gr.63,"Bibliographic References: 1) Ucciardello, Giuseppe Il Vall. E 11 e i suoi marginalia : sondaggi per la storia del codice in età bizantina, In Del manuscrito antiguo a la edición crítica de textos griegos. Homenaje a la Prof.a Elsa García Novo, 2019."
Barb.gr.161,2.75,1,marginalia,0,https://digi.vatlib.it/mss/detail/Barb.gr.161,https://digi.vatlib.it/view/MSS_Barb.gr.161,"Bibliographic References: 1) Ucciardello, Giuseppe Il Vall. E 11 e i suoi marginalia : sondaggi per la storia del codice in età bizantina, In Del manuscrito antiguo a la edición crítica de textos griegos. Homenaje a la Prof.a Elsa García Novo, 2019."
Barb.gr.182,2.75,1,marginalia,0,https://digi.vatlib.it/mss/detail/Barb.gr.182,https://digi.vatlib.it/view/MSS_Barb.gr.182,"Bibliographic References: 1) Martinelli Tempesta, Stefano, 1967- Marginalia Plutarchea (A systematic inquiry about marginal notes in certain exemplaria of the 16th century printed editions of Plutarch’s De tranquillitate animi: first results), In Bollettino dei Classici 2004"
Ott.gr.214,2.75,1,marginalia,0,https://digi.vatlib.it/mss/detail/Ott.gr.214,https://digi.vatlib.it/view/MSS_Ott.gr.214,"Bibliographic References: 1) Ucciardello, Giuseppe Il Vall. E 11 e i suoi marginalia : sondaggi per la storia del codice in età bizantina, In Del manuscrito antiguo a la edición crítica de textos griegos. Homenaje a la Prof.a Elsa García Novo, 2019."
Ott.gr.226,2.75,1,marginalia,0,https://digi.vatlib.it/mss/detail/Ott.gr.226,https://digi.vatlib.it/view/MSS_Ott.gr.226,"Bibliographic References: 1) Lucà, Santo, 1947- Le diocesi di Gerace e Squillace tra manoscritti e marginalia , In Calabria bizantina: civiltà bizantina nei territori di Gerace e Stilo. Atti dell'11. Incontro di studi bizantini (Locri - Stilo - Gerace 6-9 maggio 1993), 1998"
Ott.gr.252,2.75,1,marginalia,0,https://digi.vatlib.it/mss/detail/Ott.gr.252,https://digi.vatlib.it/view/MSS_Ott.gr.252,"Low Quality Bibliographic References: 1) Ucciardello, Giuseppe Il Vall. E 11 e i suoi marginalia : sondaggi per la storia del codice in età bizantina, In Del manuscrito antiguo a la edición crítica de textos griegos. Homenaje a la Prof.a Elsa García Novo, 2019."
Ott.lat.225,2.75,1,marginalia,0,https://digi.vatlib.it/mss/detail/Ott.lat.225,https://digi.vatlib.it/view/MSS_Ott.lat.225,"Bibliographic References: 1) Coste, Florent ""Cette lesgende auree est a moy..."" marginalia et approbations de la légende dorée (Reg.lat.534), In Miscellanea Bibliothecae Apostolicae Vaticanae XVIII, 2011"
Ott.lat.2838,2.75,1,marginalia,0,https://digi.vatlib.it/mss/detail/Ott.lat.2838,https://digi.vatlib.it/view/MSS_Ott.lat.2838,"Bibliographic References: 1) Abbamonte, Giancarlo Un manoscritto di Servio con marginalia di Niccolò Perotti (Vat. lat. 1507), In Miscellanea Bibliothecae Apostolicae Vaticanae VII, 2000."
Pal.gr.159,2.75,1,marginalia,0,https://digi.vatlib.it/mss/detail/Pal.gr.159,https://digi.vatlib.it/view/MSS_Pal.gr.159,"Bibliographic References: 1) Martinelli Tempesta, Stefano, 1967- Marginalia Plutarchea (A systematic inquiry about marginal notes in certain « exemplaria » of the 16th century printed editions of Plutarch’s « De tranquillitate animi »: first results), In Bollettino dei Classici 2004"
Pal.gr.160,2.75,1,marginalia,0,https://digi.vatlib.it/mss/detail/Pal.gr.160,https://digi.vatlib.it/view/MSS_Pal.gr.160,"Bibliographic References: 1) Martinelli Tempesta, Stefano, 1967- Marginalia Plutarchea (A systematic inquiry about marginal notes in certain « exemplaria » of the 16th century printed editions of Plutarch’s « De tranquillitate animi »: first results), In Bollettino dei Classici 2004"
Pal.gr.187,2.75,1,marginalia,0,https://digi.vatlib.it/mss/detail/Pal.gr.187,https://digi.vatlib.it/view/MSS_Pal.gr.187,"Bibliographic References: 1) Martinelli Tempesta, Stefano, 1967- Marginalia Plutarchea (A systematic inquiry about marginal notes in certain « exemplaria » of the 16th century printed editions of Plutarch’s « De tranquillitate animi »: first results), In Bollettino dei Classici 2004"
Reg.lat.534,2.75,1,marginalia,0,https://digi.vatlib.it/mss/detail/Reg.lat.534,https://digi.vatlib.it/view/MSS_Reg.lat.534,"Bibliographic References: 1) Coste, Florent ""Cette lesgende auree est a moy..."" marginalia et approbations de la légende dorée (Reg.lat.534), In Miscellanea Bibliothecae Apostolicae Vaticanae XVIII, 2011"
Reg.lat.1495,2.75,1,marginalia,0,https://digi.vatlib.it/mss/detail/Reg.lat.1495,https://digi.vatlib.it/view/MSS_Reg.lat.1495,"Bibliographic References: 1) Abbamonte, Giancarlo Un manoscritto di Servio con marginalia di Niccolò Perotti (Vat. Lat. 1507), In Miscellanea Bibliothecae Apostolicae Vaticanae VII, 2000"
Ross.169,2.75,1,marginalia,0,https://digi.vatlib.it/mss/detail/Ross.169,https://digi.vatlib.it/view/MSS_Ross.169,"Bibliographic References: 1) Serventi, Stefano Il Vat. gr. 167, testimone della Continuatio Theophanis, e i marginalia di un anonimo lettore bizantino, In Aevum. Rassegna di scienze storiche, linguistiche e filologiche 2001"
Urb.gr.98,2.75,1,marginalia,0,https://digi.vatlib.it/mss/detail/Urb.gr.98,https://digi.vatlib.it/view/MSS_Urb.gr.98,"Bibliographic References: 1) Martinelli Tempesta, Stefano, 1967- Marginalia Plutarchea (A systematic inquiry about marginal notes in certain exemplaria of the 16th century printed editions of Plutarch’s « De tranquillitate animi »: first results), In Bollettino dei Classici 2004"
Urb.gr.100,2.75,1,marginalia,0,https://digi.vatlib.it/mss/detail/Urb.gr.100,https://digi.vatlib.it/view/MSS_Urb.gr.100,"Bibliographic References: 1) Martinelli Tempesta, Stefano, 1967- Marginalia Plutarchea (A systematic inquiry about marginal notes in certain exemplaria of the 16th century printed editions of Plutarch’s « De tranquillitate animi »: first results), In Bollettino dei Classici 2004"
Urb.lat.301,2.75,1,marginalia,0,https://digi.vatlib.it/mss/detail/Urb.lat.301,https://digi.vatlib.it/view/MSS_Urb.lat.301,"Bibliographic References: 1) Abbamonte, Giancarlo Un manoscritto di Servio con marginalia di Niccolò Perotti (Vat. lat. 1507), In in Miscellanea Bibliothecae Apostolicae Vaticanae VII, 2000"
Vat.gr.10,2.75,1,marginalia,0,https://digi.vatlib.it/mss/detail/Vat.gr.10,https://digi.vatlib.it/view/MSS_Vat.gr.10,"Low Quality Bibliographic References: 1) Ucciardello, Giuseppe Il Vall. E 11 e i suoi marginalia : sondaggi per la storia del codice in età bizantina, In Del manuscrito antiguo a la edición crítica de textos griegos. Homenaje a la Prof.a Elsa García Novo, 2019."
Vat.gr.139,2.75,1,marginalia,0,https://digi.vatlib.it/mss/detail/Vat.gr.139,https://digi.vatlib.it/view/MSS_Vat.gr.139,"Bibliographic References: 1) Martinelli Tempesta, Stefano, 1967- Marginalia Plutarchea (A systematic inquiry about marginal notes in certain exemplaria of the 16th century printed editions of Plutarch’s De tranquillitate animi: first results), In Bollettino dei Classici 2004"
Vat.gr.156,2.75,1,marginalia,0,https://digi.vatlib.it/mss/detail/Vat.gr.156,https://digi.vatlib.it/view/MSS_Vat.gr.156,"Bibliographic References: 1) Ucciardello, Giuseppe Il Vall. E 11 e i suoi marginalia : sondaggi per la storia del codice in età bizantina, In Del manuscrito antiguo a la edición crítica de textos griegos. Homenaje a la Prof.a Elsa García Novo, 2019."
Vat.gr.167,2.75,1,marginalia,0,https://digi.vatlib.it/mss/detail/Vat.gr.167,https://digi.vatlib.it/view/MSS_Vat.gr.167,"1) Theophanes continuatus sec. XI in Bibliographic References: 2) Serventi, Stefano Il Vat. gr. 167, testimone della Continuatio Theophanis, e i marginalia di un anonimo lettore bizantino, In Aevum. Rassegna di scienze storiche, linguistiche e filologiche 2001 3) Serventi, Stefano Il Vat. gr. 167, testimone della Continuatio Theophanis, e i marginalia di un anonimo lettore bizantino, In Aevum. Rassegna di scienze storiche, linguistiche e filologiche 2001"
Vat.gr.696,2.75,1,marginalia,0,https://digi.vatlib.it/mss/detail/Vat.gr.696,https://digi.vatlib.it/view/MSS_Vat.gr.696,"Low Quality Bibliographic References: 1) Ucciardello, Giuseppe Il Vall. E 11 e i suoi marginalia : sondaggi per la storia del codice in età bizantina, In Del manuscrito antiguo a la edición crítica de textos griegos. Homenaje a la Prof.a Elsa García Novo, 2019."
Vat.gr.699,2.75,1,marginalia,0,https://digi.vatlib.it/mss/detail/Vat.gr.699,https://digi.vatlib.it/view/MSS_Vat.gr.699,"Bibliographic References: 1) Ucciardello, Giuseppe Il Vall. E 11 e i suoi marginalia : sondaggi per la storia del codice in età bizantina, In Del manuscrito antiguo a la edición crítica de textos griegos. Homenaje a la Prof.a Elsa García Novo, 2019."
Vat.gr.762,2.75,1,marginalia,0,https://digi.vatlib.it/mss/detail/Vat.gr.762,https://digi.vatlib.it/view/MSS_Vat.gr.762,"Bibliographic References: 1) Ucciardello, Giuseppe Il Vall. E 11 e i suoi marginalia : sondaggi per la storia del codice in età bizantina, In Del manuscrito antiguo a la edición crítica de textos griegos. Homenaje a la Prof.a Elsa García Novo, 2019."
Vat.gr.866,2.75,1,marginalia,0,https://digi.vatlib.it/mss/detail/Vat.gr.866,https://digi.vatlib.it/view/MSS_Vat.gr.866,"Bibliographic References: 1) Lucà, Santo, 1947- Le diocesi di Gerace e Squillace tra manoscritti e marginalia , In Calabria bizantina: civiltà bizantina nei territori di Gerace e Stilo. Atti dell’11. Incontro di studi bizantini (Locri – Stilo – Gerace 6-9 maggio 1993), 1998"
Vat.gr.874.pt.1,2.75,1,marginalia,0,https://digi.vatlib.it/mss/detail/Vat.gr.874.pt.1,https://digi.vatlib.it/view/MSS_Vat.gr.874.pt.1,"Low Quality Bibliographic References: 1) Ucciardello, Giuseppe Il Vall. E 11 e i suoi marginalia : sondaggi per la storia del codice in età bizantina, In Del manuscrito antiguo a la edición crítica de textos griegos. Homenaje a la Prof.a Elsa García Novo, 2019."
Vat.gr.874.pt.2,2.75,1,marginalia,0,https://digi.vatlib.it/mss/detail/Vat.gr.874.pt.2,https://digi.vatlib.it/view/MSS_Vat.gr.874.pt.2,"Low Quality Bibliographic References: 1) Ucciardello, Giuseppe Il Vall. E 11 e i suoi marginalia : sondaggi per la storia del codice in età bizantina, In Del manuscrito antiguo a la edición crítica de textos griegos. Homenaje a la Prof.a Elsa García Novo, 2019."
Vat.gr.977,2.75,1,marginalia,0,https://digi.vatlib.it/mss/detail/Vat.gr.977,https://digi.vatlib.it/view/MSS_Vat.gr.977,"Bibliographic References: 1) Serventi, Stefano Il Vat. gr. 167, testimone della Continuatio Theophanis, e i marginalia di un anonimo lettore bizantino, In Aevum. Rassegna di scienze storiche, linguistiche e filologiche 2001"
Vat.gr.1013,2.75,1,marginalia,0,https://digi.vatlib.it/mss/detail/Vat.gr.1013,https://digi.vatlib.it/view/MSS_Vat.gr.1013,"Bibliographic References: 1) Martinelli Tempesta, Stefano, 1967- Marginalia Plutarchea (A systematic inquiry about marginal notes in certain exemplaria of the 16th century printed editions of Plutarch’s De tranquillitate animi: first results), In Bollettino dei Classici 2004"
Vat.gr.1018,2.75,1,marginalia,0,https://digi.vatlib.it/mss/detail/Vat.gr.1018,https://digi.vatlib.it/view/MSS_Vat.gr.1018,"Low Quality Bibliographic References: 1) Cacouros, Michel Marginalia de Chortasménos dans un opuscule logique dû à Prodromènos (Vatican. gr. 1018), In Revue des études byzantines 1995"
Vat.gr.1291,2.75,1,marginalia,0,https://digi.vatlib.it/mss/detail/Vat.gr.1291,https://digi.vatlib.it/view/MSS_Vat.gr.1291,"Bibliographic References: 1) Ucciardello, Giuseppe Il Vall. E 11 e i suoi marginalia : sondaggi per la storia del codice in età bizantina, In Del manuscrito antiguo a la edición crítica de textos griegos. Homenaje a la Prof.a Elsa García Novo, 2019."
Vat.gr.1408,2.75,1,marginalia,0,https://digi.vatlib.it/mss/detail/Vat.gr.1408,https://digi.vatlib.it/view/MSS_Vat.gr.1408,"Low Quality Bibliographic References: 1) Pontani, Anna, 1949-2021 Per l'esegesi umanistica greca dell'antologia planudea: i Marginalia dell'edizione del 1494, In Filologia Umanistica greca IV. Epigrammi e dintorni: Musuro, Bonamico e altri, a cura di F. Pontani e introduzione di L. Ferreri, Opuscula collecta 2023."
Vat.gr.1412,2.75,1,marginalia,0,https://digi.vatlib.it/mss/detail/Vat.gr.1412,https://digi.vatlib.it/view/MSS_Vat.gr.1412,"Low Quality Bibliographic References: 1) Pontani, Anna, 1949-2021 Per l'esegesi umanistica greca dell'antologia planudea: i Marginalia dell'edizione del 1494, In Filologia Umanistica greca IV. Epigrammi e dintorni: Musuro, Bonamico e altri, a cura di F. Pontani e introduzione di L. Ferreri, Opuscula collecta 2023."
Vat.gr.1702,2.75,1,marginalia,0,https://digi.vatlib.it/mss/detail/Vat.gr.1702,https://digi.vatlib.it/view/MSS_Vat.gr.1702,"Bibliographic References: 1) Pontani, Anna, 1949-2021 Per l'esegesi umanistica greca dell'antologia planudea: i Marginalia dell'edizione del 1494, In Filologia Umanistica greca IV. Epigrammi e dintorni: Musuro, Bonamico e altri, a cura di F. Pontani e introduzione di L. Ferreri, Opuscula collecta 2023."
Vat.gr.1910,2.75,1,marginalia,0,https://digi.vatlib.it/mss/detail/Vat.gr.1910,https://digi.vatlib.it/view/MSS_Vat.gr.1910,"Bibliographic References: 1) Ucciardello, Giuseppe Il Vall. E 11 e i suoi marginalia : sondaggi per la storia del codice in età bizantina, In Del manuscrito antiguo a la edición crítica de textos griegos. Homenaje a la Prof.a Elsa García Novo, 2019."
Vat.gr.2048,2.75,1,marginalia,0,https://digi.vatlib.it/mss/detail/Vat.gr.2048,https://digi.vatlib.it/view/MSS_Vat.gr.2048,"Bibliographic References: 1) Serventi, Stefano Il Vat. gr. 167, testimone della Continuatio Theophanis, e i marginalia di un anonimo lettore bizantino, In Aevum. Rassegna di scienze storiche, linguistiche e filologiche 2001"
Vat.gr.2084,2.75,1,marginalia,0,https://digi.vatlib.it/mss/detail/Vat.gr.2084,https://digi.vatlib.it/view/MSS_Vat.gr.2084,"Low Quality Bibliographic References: 1) Ucciardello, Giuseppe Il Vall. E 11 e i suoi marginalia : sondaggi per la storia del codice in età bizantina, In Del manuscrito antiguo a la edición crítica de textos griegos. Homenaje a la Prof.a Elsa García Novo, 2019."
Vat.gr.2130,2.75,1,marginalia,0,https://digi.vatlib.it/mss/detail/Vat.gr.2130,https://digi.vatlib.it/view/MSS_Vat.gr.2130,"Low Quality Bibliographic References: 1) Ucciardello, Giuseppe Il Vall. E 11 e i suoi marginalia : sondaggi per la storia del codice in età bizantina, In Del manuscrito antiguo a la edición crítica de textos griegos. Homenaje a la Prof.a Elsa García Novo, 2019."
Barb.lat.43,2.75,1,ignoto,0,https://digi.vatlib.it/mss/detail/Barb.lat.43,https://digi.vatlib.it/view/MSS_Barb.lat.43,"Bibliographic References: 1) Capizzi, Carmelo L'Oratio ad Alphonsum Regem Aragonum (1454) di Nicola Sagundino, riedita secondo un ms. finora ignoto , In Orientalia Christiana Periodica 1998"
Barb.lat.119,2.75,1,ignoto,0,https://digi.vatlib.it/mss/detail/Barb.lat.119,https://digi.vatlib.it/view/MSS_Barb.lat.119,"Bibliographic References: 1) Piacentini Scarcia, Paola, 1938- Lettere di un ignoto umanista (Vat.lat. 2906: personaggi e cultura d'area salernitana), In Humanistica Lovaniensia 1980"
Barb.lat.3217,2.75,1,ignoto,0,https://digi.vatlib.it/mss/detail/Barb.lat.3217,https://digi.vatlib.it/view/MSS_Barb.lat.3217,"Low Quality Bibliographic References: 1) Paravicini Bagliani, Agostino, 1943- Un ignoto vescovo di Catania nel duecento: Angelo de Abrusca (1257-1272), In Rivista di storia della Chiesa in Italia 1981"
Chig.E.VII.212,2.75,1,ignoto,0,https://digi.vatlib.it/mss/detail/Chig.E.VII.212,https://digi.vatlib.it/view/MSS_Chig.E.VII.212,"Low Quality Bibliographic References: 1) Conetti, Mario, 1970- Un testimone ignoto del De Maleficiis di Angelo Gambiglioni in una raccolta cinquecentesca lombarda di diritto penale e statutario, In Manoscritti, editoria e biblioteche dal medioevo all'età contemporanea, Studi offerti a Domenico Maffei per il suo ottantesimo compleanno, I, 2006"
Ott.lat.1732,2.75,1,ignoto,0,https://digi.vatlib.it/mss/detail/Ott.lat.1732,https://digi.vatlib.it/view/MSS_Ott.lat.1732,"Low Quality Bibliographic References: 1) Capizzi, Carmelo L’Oratio ad Alphonsum Regem Aragonum (1454) di Nicola Sagundino, riedita secondo un ms. finora ignoto , In Orientalia Christiana Periodica 1998"
Ott.lat.3382,2.75,1,ignoto,0,https://digi.vatlib.it/mss/detail/Ott.lat.3382,https://digi.vatlib.it/view/MSS_Ott.lat.3382,"Bibliographic References: 1) Venditti, Gianni Un episodio ignoto nella vita di Pietro della Valle, In Studi in onore del cardinale Raffaele Farina, a cura di A. M. Piazzoni, II (Studi e testi, 478), 2013"
Pal.lat.788,2.75,1,ignoto,0,https://digi.vatlib.it/mss/detail/Pal.lat.788,https://digi.vatlib.it/view/MSS_Pal.lat.788,"Bibliographic References: 1) Conetti, Mario, 1970- Un testimone ignoto del De Maleficiis di Angelo Gambiglioni in una raccolta cinquecentesca lombarda di diritto penale e statutario, In Manoscritti, editoria e biblioteche dal medioevo all'età contemporanea, Studi offerti a Domenico Maffei per il suo ottantesimo compleanno, I, 2006"
Pal.lat.833,2.75,1,ignoto,0,https://digi.vatlib.it/mss/detail/Pal.lat.833,https://digi.vatlib.it/view/MSS_Pal.lat.833,"Bibliographic References: 1) Consolino, Franca Ela (Author) ""Es nunc quod fueram"": l'epitaffio di Alcuino e l'epigrafe aquileiese di un ignoto dignitario, In Romano Barbarica. Contributi allo studio dei rapporti culturali tra mondo latino e mondo barbarico 1982 2) Consolino, Franca Ela (Author) ""Es nunc quod fueram"": l'epitaffio di Alcuino e l'epigrafe aquileiese di un ignoto dignitario, In Romano Barbarica. Contributi allo studio dei rapporti culturali tra mondo latino e mondo barbarico 1984"
Reg.lat.96,2.75,1,ignoto,0,https://digi.vatlib.it/mss/detail/Reg.lat.96,https://digi.vatlib.it/view/MSS_Reg.lat.96,"Bibliographic References: 1) Lo Monaco, Francesco, 1960- Un manoscritto noto- ignoto dell'""In Apocalypsin"" di Ambrogio Autperto, In Recherches de théologie ancienne et médiévale 1984"
Reg.lat.1555,2.75,1,ignoto,0,https://digi.vatlib.it/mss/detail/Reg.lat.1555,https://digi.vatlib.it/view/MSS_Reg.lat.1555,"Bibliographic References: 1) Capizzi, Carmelo L'Oratio ad Alphonsum Regem Aragonum (1454) di Nicola Sagundino, riedita secondo un ms. finora ignoto , In Orientalia Christiana Periodica 1998"
Reg.lat.1924,2.75,1,ignoto,0,https://digi.vatlib.it/mss/detail/Reg.lat.1924,https://digi.vatlib.it/view/MSS_Reg.lat.1924,"Bibliographic References: 1) Boffito, Giuseppe, barnabita, 1869-1944 D'un ignoto astronomo del secolo XIV (Pietro di Modena) In Bibliofilia. Rivista di storia del libro e di bibliografia"
Ross.736,2.75,1,ignoto,0,https://digi.vatlib.it/mss/detail/Ross.736,https://digi.vatlib.it/view/MSS_Ross.736,"Bibliographic References: 1) Lucà, Santo, 1947- Un ignoto frammento del De lege spirituali di Marco Monaco (Athos, Protatou 38, ff. 1r-2v), con una nota sulla fortuna dei suoi scritti nella Calabria bizantina, In Corolla Byzantina. Studi in onore di Carmelo Crimi, 2025."
Vat.gr.300,2.75,1,ignoto,0,https://digi.vatlib.it/mss/detail/Vat.gr.300,https://digi.vatlib.it/view/MSS_Vat.gr.300,"Bibliographic References: 1) Lucà, Santo, 1947- Un ignoto frammento del De lege spirituali di Marco Monaco (Athos, Protatou 38, ff. 1r-2v), con una nota sulla fortuna dei suoi scritti nella Calabria bizantina, In Corolla Byzantina. Studi in onore di Carmelo Crimi, 2025."
Vat.gr.2016,2.75,1,ignoto,0,https://digi.vatlib.it/mss/detail/Vat.gr.2016,https://digi.vatlib.it/view/MSS_Vat.gr.2016,"Low Quality Bibliographic References: 1) Lucà, Santo, 1947- Un ignoto frammento del De lege spirituali di Marco Monaco (Athos, Protatou 38, ff. 1r-2v), con una nota sulla fortuna dei suoi scritti nella Calabria bizantina, In Corolla Byzantina. Studi in onore di Carmelo Crimi, 2025."
Vat.gr.2020,2.75,1,ignoto,0,https://digi.vatlib.it/mss/detail/Vat.gr.2020,https://digi.vatlib.it/view/MSS_Vat.gr.2020,"Low Quality Bibliographic References: 1) Lucà, Santo, 1947- Un ignoto frammento del De lege spirituali di Marco Monaco (Athos, Protatou 38, ff. 1r-2v), con una nota sulla fortuna dei suoi scritti nella Calabria bizantina, In Corolla Byzantina. Studi in onore di Carmelo Crimi, 2025."
Vat.gr.2028,2.75,1,ignoto,0,https://digi.vatlib.it/mss/detail/Vat.gr.2028,https://digi.vatlib.it/view/MSS_Vat.gr.2028,"Low Quality Bibliographic References: 1) Lucà, Santo, 1947- Un ignoto frammento del De lege spirituali di Marco Monaco (Athos, Protatou 38, ff. 1r-2v), con una nota sulla fortuna dei suoi scritti nella Calabria bizantina, In Corolla Byzantina. Studi in onore di Carmelo Crimi, 2025."
