shelfmark,term,signal_weight,section,snippet,detail_url,viewer_url,score
Arch.Cap.S.Pietro.B.79,palinsesto,10.0,Bibliographic References:,"Bibliographic References: 1) Tangari, Nicola Il palinsesto V C 14 della Biblioteca Nazionale di Napoli: un antifonario del secolo X/XI e il Doctrinale di Alexander de Villa Dei, Scritture e libri del medioevo 2026.",https://digi.vatlib.it/mss/detail/Arch.Cap.S.Pietro.B.79,https://digi.vatlib.it/view/MSS_Arch.Cap.S.Pietro.B.79,5.5
Arch.Cap.S.Pietro.G.51,palinsesto,10.0,General Data,"1) Nicolai Michaelis Bonaiuti, florentini, carmina et epistulae poeticae. Sec. XV",https://digi.vatlib.it/mss/detail/Arch.Cap.S.Pietro.G.51,https://digi.vatlib.it/view/MSS_Arch.Cap.S.Pietro.G.51,11.5
Arch.Cap.S.Pietro.G.52,palinsesto,10.0,General Data,"1) Nicolai Michaelis Bonaiuti, liber sancatae Hierusalem, carmen heroicum, libri I-XII. Sec. XV",https://digi.vatlib.it/mss/detail/Arch.Cap.S.Pietro.G.52,https://digi.vatlib.it/view/MSS_Arch.Cap.S.Pietro.G.52,11.5
Arch.Cap.S.Pietro.G.53,palinsesto,10.0,General Data,"1) Nicolai Michaelis Bonaiuti, liber sanctae basilicae, carmen heroicum, libri I-VI. Sec. XV",https://digi.vatlib.it/mss/detail/Arch.Cap.S.Pietro.G.53,https://digi.vatlib.it/view/MSS_Arch.Cap.S.Pietro.G.53,11.5
Arch.Cap.S.Pietro.G.54,palinsesto,10.0,General Data,"1) Nicolai Michaelis Bonaiuti, liber in figura paradisi delitiarum de quatuor virtutibus cardinalibus (libri I-IV) et liber in figura sancti sepulcri (liber I-VI). Sec. XV",https://digi.vatlib.it/mss/detail/Arch.Cap.S.Pietro.G.54,https://digi.vatlib.it/view/MSS_Arch.Cap.S.Pietro.G.54,11.5
Barb.gr.39,palinsesto,10.0,Bibliographic References:,"Bibliographic References: 1) Broia, Daniele Per una rilettura del palinsesto Vat. gr. 2061 A: saggio di ripristino digitale e di edizione diplomatica del Nomocanone alla luce del sistema RE.CO.RD®, In Bollettino della Badia greca di Grottaferrata 1999",https://digi.vatlib.it/mss/detail/Barb.gr.39,https://digi.vatlib.it/view/MSS_Barb.gr.39,5.5
Barb.gr.455,palinsesto,10.0,Bibliographic References:,"Low Quality Bibliographic References: 1) Broia, Daniele Per una rilettura del palinsesto Vat. gr. 2061 A: saggio di ripristino digitale e di edizione diplomatica del Nomocanone alla luce del sistema RE.CO.RD®, In Bollettino della Badia greca di Grottaferrata 1999",https://digi.vatlib.it/mss/detail/Barb.gr.455,https://digi.vatlib.it/view/MSS_Barb.gr.455,5.5
Barb.lat.302,palinsesto,10.0,Bibliographic References:,"Bibliographic References: 1) Tangari, Nicola Il palinsesto V C 14 della Biblioteca Nazionale di Napoli: un antifonario del secolo X/XI e il Doctrinale di Alexander de Villa Dei, Scritture e libri del medioevo 2026.",https://digi.vatlib.it/mss/detail/Barb.lat.302,https://digi.vatlib.it/view/MSS_Barb.lat.302,5.5
Barb.lat.311,palinsesto,10.0,Bibliographic References:,"Bibliographic References: 1) Falcioni, Eugenio Il De Balneis Puteolanis e l'Eneide: due testi, un unico supporto. Un palinsesto nel codice Ottoboniano Latino 2110, In Studi e Testi 516, In Miscellanea Bibliothecae Apostolicae Vaticanae 2017.",https://digi.vatlib.it/mss/detail/Barb.lat.311,https://digi.vatlib.it/view/MSS_Barb.lat.311,5.5
Barb.lat.3185,palinsesto,10.0,Bibliographic References:,"Low Quality Bibliographic References: 1) Baldi, Davide Il palinsesto Laur. Plut. 10.15, In Libri palinsesti greci: conservazione, restauro digitale, studio. Atti del Convegno internazionale, Villa Mondragone - Monte Porzio Catone - Università di Roma ""Tor Vergata"" - Biblioteca del Monumento Nazionale di Grottaferrata, 21-24 apr. 2004, 2008 2) Baldi, Davide Il palinsesto Laur. Plut. 57.26. Studio codicologico e paleografico. Con una postille su alcuni codici Laurenziani di origine salentina, In Byzantion 2007",https://digi.vatlib.it/mss/detail/Barb.lat.3185,https://digi.vatlib.it/view/MSS_Barb.lat.3185,5.5
Ott.gr.85,palinsesto,10.0,Bibliographic References:,"Bibliographic References: 1) Orsini, Pasquale Un foglio palinsesto nel codice Vat.gr.772, In Miscellanea Bibliothecae Apostolicae Vaticanae XIX (Studi e testi, 474), 2012",https://digi.vatlib.it/mss/detail/Ott.gr.85,https://digi.vatlib.it/view/MSS_Ott.gr.85,7.0
Ott.gr.179,palinsesto,10.0,Bibliographic References:,"Bibliographic References: 1) Orsini, Pasquale Un foglio palinsesto nel codice Vat.gr.772, In Miscellanea Bibliothecae Apostolicae Vaticanae XIX (Studi e testi, 474), 2012",https://digi.vatlib.it/mss/detail/Ott.gr.179,https://digi.vatlib.it/view/MSS_Ott.gr.179,7.0
Ott.gr.312,palinsesto,10.0,Bibliographic References:,"Bibliographic References: 1) Arnesano, Daniele, 1975- Il palinsesto Laur. Plut. 57.36. Una nota storica sull'assedio di Gallipoli e nuove testimonianza dialettali italo-meridionali, In Rivista di studi bizantini e neoellenici 2004",https://digi.vatlib.it/mss/detail/Ott.gr.312,https://digi.vatlib.it/view/MSS_Ott.gr.312,5.5
Ott.gr.344,palinsesto,10.0,Bibliographic References:,"Bibliographic References: 1) Lucà, Santo, 1947- Frammenti dell'Ad Theodorum Lapsum di Giovanni Crisostomo in un palinsesto di Grottaferrata : Crypt. G.b.XX, ora Gr. 145, In Storie di cultura scritta: studi per Francesco Magistrale (a cura di P. Fioretti; con la collaborazione di Annangela Germano e Marco Antonio Siciliani),",https://digi.vatlib.it/mss/detail/Ott.gr.344,https://digi.vatlib.it/view/MSS_Ott.gr.344,5.5
Ott.lat.145,palinsesto,10.0,Bibliographic References:,"Low Quality Bibliographic References: 1) Tangari, Nicola Il palinsesto V C 14 della Biblioteca Nazionale di Napoli: un antifonario del secolo X/XI e il Doctrinale di Alexander de Villa Dei, Scritture e libri del medioevo 2026.",https://digi.vatlib.it/mss/detail/Ott.lat.145,https://digi.vatlib.it/view/MSS_Ott.lat.145,5.5
Ott.lat.2110,palinsesto,10.0,Bibliographic References:,"Bibliographic References: 1) Falcioni, Eugenio Il De Balneis Puteolanis e l'Eneide: due testi, un unico supporto. Un palinsesto nel codice Ottoboniano Latino 2110, In Studi e Testi 516, In Miscellanea Bibliothecae Apostolicae Vaticanae 2017. 2) Falcioni, Eugenio Il De Balneis Puteolanis e l'Eneide: due testi, un unico supporto. Un palinsesto nel codice Ottoboniano Latino 2110, In Studi e Testi 516, In Miscellanea Bibliothecae Apostolicae Vaticanae 2017.",https://digi.vatlib.it/mss/detail/Ott.lat.2110,https://digi.vatlib.it/view/MSS_Ott.lat.2110,5.5
Pal.gr.15,palinsesto,10.0,Bibliographic References:,"Bibliographic References: 1) Arnesano, Daniele, 1975- Frammenti dell'Historia Philothea di Teodoreto di Ciro nel palinsesto Laur. 87.21, In Orpheus 2005",https://digi.vatlib.it/mss/detail/Pal.gr.15,https://digi.vatlib.it/view/MSS_Pal.gr.15,7.0
Pal.gr.228,palinsesto,10.0,Bibliographic References:,"Bibliographic References: 1) Lucà, Santo, 1947- Frammenti dell'Ad Theodorum Lapsum di Giovanni Crisostomo in un palinsesto di Grottaferrata : Crypt. G.b.XX, ora Gr. 145, In Storie di cultura scritta: studi per Francesco Magistrale (a cura di P. Fioretti; con la collaborazione di Annangela Germano e Marco Antonio Siciliani),",https://digi.vatlib.it/mss/detail/Pal.gr.228,https://digi.vatlib.it/view/MSS_Pal.gr.228,5.5
Pal.lat.909,palinsesto,10.0,Bibliographic References:,"Bibliographic References: 1) Tangari, Nicola Il palinsesto V C 14 della Biblioteca Nazionale di Napoli: un antifonario del secolo X/XI e il Doctrinale di Alexander de Villa Dei, Scritture e libri del medioevo 2026.",https://digi.vatlib.it/mss/detail/Pal.lat.909,https://digi.vatlib.it/view/MSS_Pal.lat.909,5.5
Pal.lat.1764,palinsesto,10.0,Bibliographic References:,"Bibliographic References: 1) Tangari, Nicola Il palinsesto V C 14 della Biblioteca Nazionale di Napoli: un antifonario del secolo X/XI e il Doctrinale di Alexander de Villa Dei, Scritture e libri del medioevo 2026.",https://digi.vatlib.it/mss/detail/Pal.lat.1764,https://digi.vatlib.it/view/MSS_Pal.lat.1764,5.5
Reg.gr.18,palinsesto,10.0,Bibliographic References:,"Bibliographic References: 1) Arnesano, Daniele, 1975- Il palinsesto Laur. Conv. Soppr. 152. Note paleografiche e codicologiche, In Bollettino della Badia greca di Grottaferrata 1999",https://digi.vatlib.it/mss/detail/Reg.gr.18,https://digi.vatlib.it/view/MSS_Reg.gr.18,5.5
Reg.gr.144,palinsesto,10.0,Bibliographic References:,"Bibliographic References: 1) Cataldi Palau, Annaclara Un nuovo manoscritto palinsesto di Giorgio Baiophoros, In Studies in greek manuscripts, 1 (Testi, studi, strumenti, 24), 2008 2) Cataldi Palau, Annaclara Un nuovo manoscritto palinsesto di Giorgio Baiophoros, In Libri palinsesti greci: conservazione, restauro digitale, studio. Atti del Convegno internazionale, Villa Mondragone - Monte Porzio Catone - Università di Roma ""Tor Vergata"" - Biblioteca del Monumento Nazionale di Grottaferrata, 21-24 apr. 2004, 2008",https://digi.vatlib.it/mss/detail/Reg.gr.144,https://digi.vatlib.it/view/MSS_Reg.gr.144,5.5
Reg.lat.316,palinsesto,10.0,Bibliographic References:,"Bibliographic References: 1) Mohlberg, Leo Cunibert, O.S.B., 1878-1963 Un Sacramentario palinsesto del secolo VIII dell'Italia Centrale In Atti della Pontificia Accademia Romana di archeologia, S. III, Rendiconti",https://digi.vatlib.it/mss/detail/Reg.lat.316,https://digi.vatlib.it/view/MSS_Reg.lat.316,5.5
Reg.lat.466,palinsesto,10.0,Bibliographic References:,"Bibliographic References: 1) Tangari, Nicola Il palinsesto V C 14 della Biblioteca Nazionale di Napoli: un antifonario del secolo X/XI e il Doctrinale di Alexander de Villa Dei, Scritture e libri del medioevo 2026.",https://digi.vatlib.it/mss/detail/Reg.lat.466,https://digi.vatlib.it/view/MSS_Reg.lat.466,5.5
Reg.lat.620,palinsesto,10.0,Bibliographic References:,"Bibliographic References: 1) Calderan, Roberto Per una nuova edizione critica di Giulio Valerio, I: l'apografo peyroniano del palinsesto torinese, In Rivista di filologia e di istruzione classica 1981",https://digi.vatlib.it/mss/detail/Reg.lat.620,https://digi.vatlib.it/view/MSS_Reg.lat.620,5.5
Ross.379,palinsesto,10.0,Bibliographic References:,"Bibliographic References: 1) Falcioni, Eugenio Il De Balneis Puteolanis e l'Eneide: due testi, un unico supporto. Un palinsesto nel codice Ottoboniano Latino 2110, In Studi e Testi 516, In Miscellanea Bibliothecae Apostolicae Vaticanae 2017.",https://digi.vatlib.it/mss/detail/Ross.379,https://digi.vatlib.it/view/MSS_Ross.379,5.5
Urb.gr.96,palinsesto,10.0,Bibliographic References:,"Bibliographic References: 1) Cataldi Palau, Annaclara Un nuovo manoscritto palinsesto di Giorgio Baiophoros, In Studies in greek manuscripts, 1 (Testi, studi, strumenti, 24), 2008 2) Cataldi Palau, Annaclara Un nuovo manoscritto palinsesto di Giorgio Baiophoros, In Libri palinsesti greci: conservazione, restauro digitale, studio. Atti del Convegno internazionale, Villa Mondragone - Monte Porzio Catone - Università di Roma ""Tor Vergata"" - Biblioteca del Monumento Nazionale di Grottaferrata, 21-24 apr. 2004, 2008",https://digi.vatlib.it/mss/detail/Urb.gr.96,https://digi.vatlib.it/view/MSS_Urb.gr.96,5.5
Urb.gr.154,palinsesto,10.0,Bibliographic References:,"Bibliographic References: 1) Cataldi Palau, Annaclara Un nuovo manoscritto palinsesto di Giorgio Baiophoros, In Studies in greek manuscripts, 1 (Testi, studi, strumenti, 24), 2008 2) Cataldi Palau, Annaclara Un nuovo manoscritto palinsesto di Giorgio Baiophoros, In Libri palinsesti greci: conservazione, restauro digitale, studio. Atti del Convegno internazionale, Villa Mondragone - Monte Porzio Catone - Università di Roma ""Tor Vergata"" - Biblioteca del Monumento Nazionale di Grottaferrata, 21-24 apr. 2004, 2008",https://digi.vatlib.it/mss/detail/Urb.gr.154,https://digi.vatlib.it/view/MSS_Urb.gr.154,5.5
Urb.gr.155,palinsesto,10.0,Bibliographic References:,"Bibliographic References: 1) Cataldi Palau, Annaclara Un nuovo manoscritto palinsesto di Giorgio Baiophoros, In Studies in greek manuscripts, 1 (Testi, studi, strumenti, 24), 2008 2) Cataldi Palau, Annaclara Un nuovo manoscritto palinsesto di Giorgio Baiophoros, In Libri palinsesti greci: conservazione, restauro digitale, studio. Atti del Convegno internazionale, Villa Mondragone - Monte Porzio Catone - Università di Roma ""Tor Vergata"" - Biblioteca del Monumento Nazionale di Grottaferrata, 21-24 apr. 2004, 2008",https://digi.vatlib.it/mss/detail/Urb.gr.155,https://digi.vatlib.it/view/MSS_Urb.gr.155,5.5
Urb.lat.366,palinsesto,10.0,Bibliographic References:,"Bibliographic References: 1) edited by Lorusso, Salvatore Studio multidisciplinare del codice dantesco con palinsesto già Phillipps 9589, In Accademie e biblioteche d’Italia 2002",https://digi.vatlib.it/mss/detail/Urb.lat.366,https://digi.vatlib.it/view/MSS_Urb.lat.366,7.0
Urb.lat.602,palinsesto,10.0,Bibliographic References:,"Bibliographic References: 1) Tangari, Nicola Il palinsesto V C 14 della Biblioteca Nazionale di Napoli: un antifonario del secolo X/XI e il Doctrinale di Alexander de Villa Dei, Scritture e libri del medioevo 2026.",https://digi.vatlib.it/mss/detail/Urb.lat.602,https://digi.vatlib.it/view/MSS_Urb.lat.602,5.5
Vat.gr.14,palinsesto,10.0,Bibliographic References:,"Bibliographic References: 1) Arnesano, Daniele, 1975- Il palinsesto Laur. Plut. 57.36. Una nota storica sull'assedio di Gallipoli e nuove testimonianza dialettali italo-meridionali, In Rivista di studi bizantini e neoellenici 2004",https://digi.vatlib.it/mss/detail/Vat.gr.14,https://digi.vatlib.it/view/MSS_Vat.gr.14,5.5
Vat.gr.19,palinsesto,10.0,Bibliographic References:,"Bibliographic References: 1) Cataldi Palau, Annaclara Un nuovo manoscritto palinsesto di Giorgio Baiophoros, In Studies in greek manuscripts, 1 (Testi, studi, strumenti, 24), 2008 2) Turco, Gianluca Il palinsesto Ambrosiano Q 6 sup., In Libri palinsesti greci: conservazione, restauro digitale, studio. Atti del Convegno internazionale, Villa Mondragone - Monte Porzio Catone - Università di Roma ""Tor Vergata"" - Biblioteca del Monumento Nazionale di Grottaferrata, 21-24 apr. 2004, 2008 3) Cataldi Palau, Annaclara Un nuovo manoscritto palinsesto di Giorgio Baiophoros, In Libri palinsesti greci: conservazione, restauro digitale, studio. Atti del Convegno internazionale, Villa Mondragone - Monte Porzio Catone - Università di Roma ""Tor Vergata"" - Biblioteca del Monumento Nazionale di Grottaferrata, 21-24 apr. 2004, 2008",https://digi.vatlib.it/mss/detail/Vat.gr.19,https://digi.vatlib.it/view/MSS_Vat.gr.19,5.5
Vat.gr.21,palinsesto,10.0,Bibliographic References:,"Bibliographic References: 1) Cataldi Palau, Annaclara Un nuovo manoscritto palinsesto di Giorgio Baiophoros, In Studies in greek manuscripts, 1 (Testi, studi, strumenti, 24), 2008 2) Cataldi Palau, Annaclara Un nuovo manoscritto palinsesto di Giorgio Baiophoros, In Libri palinsesti greci: conservazione, restauro digitale, studio. Atti del Convegno internazionale, Villa Mondragone - Monte Porzio Catone - Università di Roma ""Tor Vergata"" - Biblioteca del Monumento Nazionale di Grottaferrata, 21-24 apr. 2004, 2008",https://digi.vatlib.it/mss/detail/Vat.gr.21,https://digi.vatlib.it/view/MSS_Vat.gr.21,5.5
Vat.gr.130,palinsesto,10.0,Bibliographic References:,"Low Quality Bibliographic References: 1) Orsini, Pasquale Un foglio palinsesto nel codice Vat.gr.772, In Miscellanea Bibliotechecae Apostolicae Vaticanae, XIX (Studi e testi, 474), 2012",https://digi.vatlib.it/mss/detail/Vat.gr.130,https://digi.vatlib.it/view/MSS_Vat.gr.130,5.5
Vat.gr.157,palinsesto,10.0,Bibliographic References:,"Bibliographic References: 1) Cataldi Palau, Annaclara Un nuovo manoscritto palinsesto di Giorgio Baiophoros, In Studies in greek manuscripts, 1 (Testi, studi, strumenti, 24), 2008 2) Cataldi Palau, Annaclara Un nuovo manoscritto palinsesto di Giorgio Baiophoros, In Libri palinsesti greci: conservazione, restauro digitale, studio. Atti del Convegno internazionale, Villa Mondragone - Monte Porzio Catone - Università di Roma ""Tor Vergata"" - Biblioteca del Monumento Nazionale di Grottaferrata, 21-24 apr. 2004, 2008",https://digi.vatlib.it/mss/detail/Vat.gr.157,https://digi.vatlib.it/view/MSS_Vat.gr.157,5.5
Vat.gr.717,palinsesto,10.0,Bibliographic References:,"Low Quality Bibliographic References: 1) Cataldi Palau, Annaclara Un nuovo manoscritto palinsesto di Giorgio Baiophoros, In Studies in greek manuscripts, 1 (Testi, studi, strumenti, 24), 2008 2) Cataldi Palau, Annaclara Un nuovo manoscritto palinsesto di Giorgio Baiophoros, In Libri palinsesti greci: conservazione, restauro digitale, studio. Atti del Convegno internazionale, Villa Mondragone - Monte Porzio Catone - Università di Roma ""Tor Vergata"" - Biblioteca del Monumento Nazionale di Grottaferrata, 21-24 apr. 2004, 2008",https://digi.vatlib.it/mss/detail/Vat.gr.717,https://digi.vatlib.it/view/MSS_Vat.gr.717,5.5
Vat.gr.770,palinsesto,10.0,Bibliographic References:,"Bibliographic References: 1) Orsini, Pasquale Un foglio palinsesto nel codice Vat.gr.772, In Miscellanea Bibliothecae Apostolicae Vaticanae XIX (Studi e testi, 474), 2012",https://digi.vatlib.it/mss/detail/Vat.gr.770,https://digi.vatlib.it/view/MSS_Vat.gr.770,7.0
Vat.gr.772,palinsesto,10.0,Bibliographic References:,"Low Quality Bibliographic References: 1) Orsini, Pasquale Un foglio palinsesto nel codice Vat.gr.772, In Miscellanea Bibliothecae Apostolicae Vaticanae XIX (Studi e testi, 474), 2012",https://digi.vatlib.it/mss/detail/Vat.gr.772,https://digi.vatlib.it/view/MSS_Vat.gr.772,5.5
Vat.gr.784,palinsesto,10.0,Bibliographic References:,"Low Quality Bibliographic References: 1) Baldi, Davide Il palinsesto Laur. Plut. 10.15, In Libri palinsesti greci: conservazione, restauro digitale, studio. Atti del Convegno internazionale, Villa Mondragone - Monte Porzio Catone - Università di Roma ""Tor Vergata"" - Biblioteca del Monumento Nazionale di Grottaferrata, 21-24 apr. 2004, 2008",https://digi.vatlib.it/mss/detail/Vat.gr.784,https://digi.vatlib.it/view/MSS_Vat.gr.784,5.5
Vat.gr.1107,palinsesto,10.0,Bibliographic References:,"Low Quality Bibliographic References: 1) Cataldi Palau, Annaclara Un nuovo manoscritto palinsesto di Giorgio Baiophoros, In Studies in greek manuscripts, 1 (Testi, studi, strumenti, 24), 2008 2) Cataldi Palau, Annaclara Un nuovo manoscritto palinsesto di Giorgio Baiophoros, In Libri palinsesti greci: conservazione, restauro digitale, studio. Atti del Convegno internazionale, Villa Mondragone - Monte Porzio Catone - Università di Roma ""Tor Vergata"" - Biblioteca del Monumento Nazionale di Grottaferrata, 21-24 apr. 2004, 2008",https://digi.vatlib.it/mss/detail/Vat.gr.1107,https://digi.vatlib.it/view/MSS_Vat.gr.1107,5.5
Vat.gr.1221,palinsesto,10.0,Bibliographic References:,"Low Quality Bibliographic References: 1) Lucà, Santo, 1947- Frammenti dell'Ad Theodorum Lapsum di Giovanni Crisostomo in un palinsesto di Grottaferrata : Crypt. G.b.XX, ora Gr. 145, In Storie di cultura scritta: studi per Francesco Magistrale (a cura di P. Fioretti; con la collaborazione di Annangela Germano e Marco Antonio Siciliani),",https://digi.vatlib.it/mss/detail/Vat.gr.1221,https://digi.vatlib.it/view/MSS_Vat.gr.1221,5.5
Vat.gr.1231,palinsesto,10.0,Bibliographic References:,"Bibliographic References: 1) Orsini, Pasquale Un foglio palinsesto nel codice Vat.gr.772, In Miscellanea Bibliotechecae Apostolicae Vaticanae, XIX (Studi e testi, 474), 2012 2) Arnesano, Daniele, 1975- Frammenti dell'Historia Philothea di Teodoreto di Ciro nel palinsesto Laur. 87.21, In Orpheus 2005",https://digi.vatlib.it/mss/detail/Vat.gr.1231,https://digi.vatlib.it/view/MSS_Vat.gr.1231,5.5
Vat.gr.1260,palinsesto,10.0,Bibliographic References:,"Low Quality Bibliographic References: 1) Arnesano, Daniele, 1975- Frammenti dell'Historia Philothea di Teodoreto di Ciro nel palinsesto Laur. 87.21, In Orpheus 2005",https://digi.vatlib.it/mss/detail/Vat.gr.1260,https://digi.vatlib.it/view/MSS_Vat.gr.1260,7.0
Vat.gr.1276,palinsesto,10.0,Bibliographic References:,"Bibliographic References: 1) Palla, Luisa Il palinsesto Ambrosiano F 10 sup., In Libri palinsesti greci: conservazione, restauro digitale, studio. Atti del Convegno internazionale, Villa Mondragone - Monte Porzio Catone - Università di Roma ""Tor Vergata"" - Biblioteca del Monumento Nazionale di Grottaferrata, 21-24 apr. 2004, 2008 2) Arnesano, Daniele, 1975- Il palinsesto Laur. Plut. 57.36. Una nota storica sull'assedio di Gallipoli e nuove testimonianza dialettali italo-meridionali, In Rivista di studi bizantini e neoellenici 2004",https://digi.vatlib.it/mss/detail/Vat.gr.1276,https://digi.vatlib.it/view/MSS_Vat.gr.1276,5.5
Vat.gr.1288,palinsesto,10.0,Bibliographic References:,"Bibliographic References: 1) Crisci, Edoardo Un frammento palinsesto del ""Commento al vangelo di S. Matteo"" di Origene nel codice Criptense Γ. β.VI, In Jahrbuch der Österreichischen Byzantinistik 1988",https://digi.vatlib.it/mss/detail/Vat.gr.1288,https://digi.vatlib.it/view/MSS_Vat.gr.1288,5.5
Vat.gr.1298.pt.1,palinsesto,10.0,Bibliographic References:,"Bibliographic References: 1) Mazzucchi, Carlo Maria, 1952- Per una rilettura del Palinsesto Vaticano contenente il dialogo «Sulla scienza politica» del tempo di Giustiniano, In L'Imperatore Giustiniano, storia e mito (Giornate di studio a Ravenna, 14-16 ottobre 1976), 1978",https://digi.vatlib.it/mss/detail/Vat.gr.1298.pt.1,https://digi.vatlib.it/view/MSS_Vat.gr.1298.pt.1,5.5
Vat.gr.1298.pt.2,palinsesto,10.0,Bibliographic References:,"Bibliographic References: 1) Mazzucchi, Carlo Maria, 1952- Per una rilettura del Palinsesto Vaticano contenente il dialogo «Sulla scienza politica» del tempo di Giustiniano, In L'Imperatore Giustiniano, storia e mito (Giornate di studio a Ravenna, 14-16 ottobre 1976), 1978",https://digi.vatlib.it/mss/detail/Vat.gr.1298.pt.2,https://digi.vatlib.it/view/MSS_Vat.gr.1298.pt.2,5.5
Vat.gr.1594,palinsesto,10.0,Bibliographic References:,"Bibliographic References: 1) Cataldi Palau, Annaclara Un nuovo codice della collezione filosofica. Il palinsesto Parisinus graecus 2575, In Studies in greek manuscripts, 1 (Testi, studi, strumenti, 24), 2008",https://digi.vatlib.it/mss/detail/Vat.gr.1594,https://digi.vatlib.it/view/MSS_Vat.gr.1594,5.5
Vat.gr.1628,palinsesto,10.0,Bibliographic References:,"Low Quality Bibliographic References: 1) Lucà, Santo, 1947- Frammenti dell'Ad Theodorum Lapsum di Giovanni Crisostomo in un palinsesto di Grottaferrata : Crypt. G.b.XX, ora Gr. 145, In Storie di cultura scritta: studi per Francesco Magistrale (a cura di P. Fioretti; con la collaborazione di Annangela Germano e Marco Antonio Siciliani),",https://digi.vatlib.it/mss/detail/Vat.gr.1628,https://digi.vatlib.it/view/MSS_Vat.gr.1628,5.5
Vat.gr.1636,palinsesto,10.0,Bibliographic References:,"Low Quality Bibliographic References: 1) Arnesano, Daniele, 1975- Frammenti dell'Historia Philothea di Teodoreto di Ciro nel palinsesto Laur. 87.21, In Orpheus 2005",https://digi.vatlib.it/mss/detail/Vat.gr.1636,https://digi.vatlib.it/view/MSS_Vat.gr.1636,7.0
Vat.gr.1666,palinsesto,10.0,Bibliographic References:,"Bibliographic References: 1) Arnesano, Daniele, 1975- Il palinsesto Laur. Conv. Soppr. 152. Note paleografiche e codicologiche, In Bollettino della Badia greca di Grottaferrata 1999",https://digi.vatlib.it/mss/detail/Vat.gr.1666,https://digi.vatlib.it/view/MSS_Vat.gr.1666,5.5
Vat.gr.1830,palinsesto,10.0,Bibliographic References:,"Bibliographic References: 1) Turco, Gianluca Il palinsesto Ambrosiano Q 6 sup., In Libri palinsesti greci: conservazione, restauro digitale, studio. Atti del Convegno internazionale, Villa Mondragone - Monte Porzio Catone - Università di Roma ""Tor Vergata"" - Biblioteca del Monumento Nazionale di Grottaferrata, 21-24 apr. 2004, 2008 2) Cataldi Palau, Annaclara Un nuovo manoscritto palinsesto di Giorgio Baiophoros, In Libri palinsesti greci: conservazione, restauro digitale, studio. Atti del Convegno internazionale, Villa Mondragone - Monte Porzio Catone - Università di Roma ""Tor Vergata"" - Biblioteca del Monumento Nazionale di Grottaferrata, 21-24 apr. 2004, 2008",https://digi.vatlib.it/mss/detail/Vat.gr.1830,https://digi.vatlib.it/view/MSS_Vat.gr.1830,5.5
Vat.gr.1852,palinsesto,10.0,Bibliographic References:,"Bibliographic References: 1) Cataldi Palau, Annaclara Un nuovo manoscritto palinsesto di Giorgio Baiophoros, In Studies in greek manuscripts, 1 (Testi, studi, strumenti, 24), 2008 2) Cataldi Palau, Annaclara Un nuovo manoscritto palinsesto di Giorgio Baiophoros, In Libri palinsesti greci: conservazione, restauro digitale, studio. Atti del Convegno internazionale, Villa Mondragone - Monte Porzio Catone - Università di Roma ""Tor Vergata"" - Biblioteca del Monumento Nazionale di Grottaferrata, 21-24 apr. 2004, 2008",https://digi.vatlib.it/mss/detail/Vat.gr.1852,https://digi.vatlib.it/view/MSS_Vat.gr.1852,5.5
Vat.gr.1890.pt.1,palinsesto,10.0,Bibliographic References:,"Bibliographic References: 1) Lucà, Santo, 1947- Frammenti dell'Ad Theodorum Lapsum di Giovanni Crisostomo in un palinsesto di Grottaferrata : Crypt. G.b.XX, ora Gr. 145, In Storie di cultura scritta: studi per Francesco Magistrale (a cura di P. Fioretti; con la collaborazione di Annangela Germano e Marco Antonio Siciliani),",https://digi.vatlib.it/mss/detail/Vat.gr.1890.pt.1,https://digi.vatlib.it/view/MSS_Vat.gr.1890.pt.1,5.5
Vat.gr.1890.pt.2,palinsesto,10.0,Bibliographic References:,"Bibliographic References: 1) Lucà, Santo, 1947- Frammenti dell'Ad Theodorum Lapsum di Giovanni Crisostomo in un palinsesto di Grottaferrata : Crypt. G.b.XX, ora Gr. 145, In Storie di cultura scritta: studi per Francesco Magistrale (a cura di P. Fioretti; con la collaborazione di Annangela Germano e Marco Antonio Siciliani),",https://digi.vatlib.it/mss/detail/Vat.gr.1890.pt.2,https://digi.vatlib.it/view/MSS_Vat.gr.1890.pt.2,5.5
Vat.gr.1926,palinsesto,10.0,Bibliographic References:,"Bibliographic References: 1) Lucà, Santo, 1947- Frammenti dell'Ad Theodorum Lapsum di Giovanni Crisostomo in un palinsesto di Grottaferrata : Crypt. G.b.XX, ora Gr. 145, In Storie di cultura scritta: studi per Francesco Magistrale (a cura di P. Fioretti; con la collaborazione di Annangela Germano e Marco Antonio Siciliani),",https://digi.vatlib.it/mss/detail/Vat.gr.1926,https://digi.vatlib.it/view/MSS_Vat.gr.1926,5.5
Vat.gr.1990,palinsesto,10.0,Bibliographic References:,"Bibliographic References: 1) Lucà, Santo, 1947- Frammenti dell'Ad Theodorum Lapsum di Giovanni Crisostomo in un palinsesto di Grottaferrata : Crypt. G.b.XX, ora Gr. 145, In Storie di cultura scritta: studi per Francesco Magistrale (a cura di P. Fioretti; con la collaborazione di Annangela Germano e Marco Antonio Siciliani),",https://digi.vatlib.it/mss/detail/Vat.gr.1990,https://digi.vatlib.it/view/MSS_Vat.gr.1990,5.5
Vat.gr.2005,palinsesto,10.0,Bibliographic References:,"Low Quality Bibliographic References: 1) Lucà, Santo, 1947- Frammenti dell'Ad Theodorum Lapsum di Giovanni Crisostomo in un palinsesto di Grottaferrata : Crypt. G.b.XX, ora Gr. 145, In Storie di cultura scritta: studi per Francesco Magistrale (a cura di P. Fioretti; con la collaborazione di Annangela Germano e Marco Antonio Siciliani),",https://digi.vatlib.it/mss/detail/Vat.gr.2005,https://digi.vatlib.it/view/MSS_Vat.gr.2005,5.5
Vat.gr.2013,palinsesto,10.0,Bibliographic References:,"Low Quality Bibliographic References: 1) Voicu, Sever J., 1945- L'omeliario palinsesto del Vatic. gr. 2061 A, In Revue d’histoire des textes 1982",https://digi.vatlib.it/mss/detail/Vat.gr.2013,https://digi.vatlib.it/view/MSS_Vat.gr.2013,7.0
Vat.gr.2055,palinsesto,10.0,Bibliographic References:,"Bibliographic References: 1) Lucà, Santo, 1947- Frammenti dell'Ad Theodorum Lapsum di Giovanni Crisostomo in un palinsesto di Grottaferrata : Crypt. G.b.XX, ora Gr. 145, In Storie di cultura scritta: studi per Francesco Magistrale (a cura di P. Fioretti; con la collaborazione di Annangela Germano e Marco Antonio Siciliani),",https://digi.vatlib.it/mss/detail/Vat.gr.2055,https://digi.vatlib.it/view/MSS_Vat.gr.2055,5.5
Vat.gr.2066,palinsesto,10.0,Bibliographic References:,"Bibliographic References: 1) Serventi, Stefano La scrittura inferiore del palinsesto Ambr. F 130 sup. (gr. 371), In Libri palinsesti greci: conservazione, restauro digitale, studio. Atti del Convegno internazionale, Villa Mondragone - Monte Porzio Catone - Università di Roma ""Tor Vergata"" - Biblioteca del Monumento Nazionale di Grottaferrata, 21-24 apr. 2004, 2008 2) Arnesano, Daniele, 1975- Frammenti dell'Historia Philothea di Teodoreto di Ciro nel palinsesto Laur. 87.21, In Orpheus 2005",https://digi.vatlib.it/mss/detail/Vat.gr.2066,https://digi.vatlib.it/view/MSS_Vat.gr.2066,5.5
Vat.gr.2121,palinsesto,10.0,Bibliographic References:,"Low Quality Bibliographic References: 1) Lucà, Santo, 1947- Frammenti dell'Ad Theodorum Lapsum di Giovanni Crisostomo in un palinsesto di Grottaferrata : Crypt. G.b.XX, ora Gr. 145, In Storie di cultura scritta: studi per Francesco Magistrale (a cura di P. Fioretti; con la collaborazione di Annangela Germano e Marco Antonio Siciliani),",https://digi.vatlib.it/mss/detail/Vat.gr.2121,https://digi.vatlib.it/view/MSS_Vat.gr.2121,5.5
Vat.gr.2123,palinsesto,10.0,Bibliographic References:,"Low Quality Bibliographic References: 1) Lucà, Santo, 1947- Frammenti dell'Ad Theodorum Lapsum di Giovanni Crisostomo in un palinsesto di Grottaferrata : Crypt. G.b.XX, ora Gr. 145, In Storie di cultura scritta: studi per Francesco Magistrale (a cura di P. Fioretti; con la collaborazione di Annangela Germano e Marco Antonio Siciliani),",https://digi.vatlib.it/mss/detail/Vat.gr.2123,https://digi.vatlib.it/view/MSS_Vat.gr.2123,5.5
Vat.gr.2186,palinsesto,10.0,Bibliographic References:,"Low Quality Bibliographic References: 1) Cataldi Palau, Annaclara Un nuovo manoscritto palinsesto di Giorgio Baiophoros, In Studies in greek manuscripts, 1 (Testi, studi, strumenti, 24), 2008 2) Cataldi Palau, Annaclara Un nuovo manoscritto palinsesto di Giorgio Baiophoros, In Libri palinsesti greci: conservazione, restauro digitale, studio. Atti del Convegno internazionale, Villa Mondragone - Monte Porzio Catone - Università di Roma ""Tor Vergata"" - Biblioteca del Monumento Nazionale di Grottaferrata, 21-24 apr. 2004, 2008",https://digi.vatlib.it/mss/detail/Vat.gr.2186,https://digi.vatlib.it/view/MSS_Vat.gr.2186,5.5
Vat.gr.2197,palinsesto,10.0,Bibliographic References:,"Bibliographic References: 1) Cataldi Palau, Annaclara Un nuovo codice della collezione filosofica. Il palinsesto Parisinus graecus 2575, In Studies in greek manuscripts, 1 (Testi, studi, strumenti, 24), 2008",https://digi.vatlib.it/mss/detail/Vat.gr.2197,https://digi.vatlib.it/view/MSS_Vat.gr.2197,5.5
Vat.gr.2249,palinsesto,10.0,Bibliographic References:,"Bibliographic References: 1) Cataldi Palau, Annaclara Un nuovo codice della collezione filosofica. Il palinsesto Parisinus graecus 2575, In Studies in greek manuscripts, 1 (Testi, studi, strumenti, 24), 2008",https://digi.vatlib.it/mss/detail/Vat.gr.2249,https://digi.vatlib.it/view/MSS_Vat.gr.2249,5.5
Vat.gr.2305,palinsesto,10.0,Bibliographic References:,"Bibliographic References: 1) Arnesano, Daniele, 1975- Il palinsesto Laur. Conv. Soppr. 152. Note paleografiche e codicologiche, In Bollettino della Badia greca di Grottaferrata 1999",https://digi.vatlib.it/mss/detail/Vat.gr.2305,https://digi.vatlib.it/view/MSS_Vat.gr.2305,5.5
Vat.gr.2306,palinsesto,10.0,Bibliographic References:,"Bibliographic References: 1) Broia, Daniele Per una rilettura del palinsesto Vat. gr. 2061 A: saggio di ripristino digitale e di edizione diplomatica del Nomocanone alla luce del sistema RE.CO.RD®, In Bollettino della Badia greca di Grottaferrata 1999 2) Crisci, Edoardo Un frammento palinsesto del ""Commento al vangelo di S. Matteo"" di Origene nel codice Criptense Γ. β.VI, In Jahrbuch der Österreichischen Byzantinistik 1988",https://digi.vatlib.it/mss/detail/Vat.gr.2306,https://digi.vatlib.it/view/MSS_Vat.gr.2306,5.5
Vat.gr.2383,palinsesto,10.0,Bibliographic References:,"Low Quality Bibliographic References: 1) Arnesano, Daniele, 1975- Il palinsesto Laur. Plut. 57.36. Una nota storica sull'assedio di Gallipoli e nuove testimonianza dialettali italo-meridionali, In Rivista di studi bizantini e neoellenici 2004",https://digi.vatlib.it/mss/detail/Vat.gr.2383,https://digi.vatlib.it/view/MSS_Vat.gr.2383,5.5
Vat.lat.3110,palinsesto,10.0,General Data,1) Miscellanea astronomica. sec. XIV ex,https://digi.vatlib.it/mss/detail/Vat.lat.3110,https://digi.vatlib.it/view/MSS_Vat.lat.3110,11.5
Vat.lat.3317,palinsesto,10.0,Bibliographic References:,"Bibliographic References: 1) Tangari, Nicola Il palinsesto V C 14 della Biblioteca Nazionale di Napoli: un antifonario del secolo X/XI e il Doctrinale di Alexander de Villa Dei, Scritture e libri del medioevo 2026.",https://digi.vatlib.it/mss/detail/Vat.lat.3317,https://digi.vatlib.it/view/MSS_Vat.lat.3317,5.5
Vat.lat.3436,palinsesto,10.0,Bibliographic References:,"Low Quality Bibliographic References: 1) Falcioni, Eugenio Il De Balneis Puteolanis e l'Eneide: due testi, un unico supporto. Un palinsesto nel codice Ottoboniano Latino 2110, In Studi e Testi 516, In Miscellanea Bibliothecae Apostolicae Vaticanae 2017.",https://digi.vatlib.it/mss/detail/Vat.lat.3436,https://digi.vatlib.it/view/MSS_Vat.lat.3436,5.5
Vat.lat.3867,palinsesto,10.0,Bibliographic References:,"Bibliographic References: 1) Fressura, Marco I perduti ff. 115-116 del Palinsesto L 120 sup. della Biblioteca ambrosiana di Milano, In Papyrologica Lupiensia Supplemento al n. 24/2015 (Studi paleografici e papirologici in ricordo di Paolo Radiciotti, a cura di Mario Capasso e Mario De Nonno),",https://digi.vatlib.it/mss/detail/Vat.lat.3867,https://digi.vatlib.it/view/MSS_Vat.lat.3867,5.5
Vat.lat.4770,palinsesto,10.0,Bibliographic References:,"Bibliographic References: 1) Tangari, Nicola Il palinsesto V C 14 della Biblioteca Nazionale di Napoli: un antifonario del secolo X/XI e il Doctrinale di Alexander de Villa Dei, Scritture e libri del medioevo 2026.",https://digi.vatlib.it/mss/detail/Vat.lat.4770,https://digi.vatlib.it/view/MSS_Vat.lat.4770,5.5
Vat.lat.5319,palinsesto,10.0,Bibliographic References:,"Bibliographic References: 1) Tangari, Nicola Il palinsesto V C 14 della Biblioteca Nazionale di Napoli: un antifonario del secolo X/XI e il Doctrinale di Alexander de Villa Dei, Scritture e libri del medioevo 2026.",https://digi.vatlib.it/mss/detail/Vat.lat.5319,https://digi.vatlib.it/view/MSS_Vat.lat.5319,5.5
Vat.lat.5750,palinsesto,10.0,Bibliographic References:,"Bibliographic References: 1) Rasi, Pietro, 1857-1919 Nuove osservazioni sul «Carmen de Pascha», In Miscellanea Ceriani: raccolta di scritti originali per onorare la memoria di M. Antonio Maria Ceriani, prefetto della Biblioteca Ambrosiana ... Con 70 illustrazioni e 6 tavole fuori testo 1910",https://digi.vatlib.it/mss/detail/Vat.lat.5750,https://digi.vatlib.it/view/MSS_Vat.lat.5750,5.5
Vat.lat.5757,palinsesto,10.0,Bibliographic References:,"Bibliographic References: 1) Pasoli‏, Elio,‏ 1927-1979 Cicerone Rep. I 16 (per la casistica del genitivo di fine e di causa) In Rivista di filologia e di istruzione classica",https://digi.vatlib.it/mss/detail/Vat.lat.5757,https://digi.vatlib.it/view/MSS_Vat.lat.5757,7.0
Vat.lat.6163,palinsesto,10.0,Bibliographic References:,"Low Quality Bibliographic References: 1) Mercati, Giovanni, card., 1866-1957 Appunti sul palinsesto Vat. gr. 1456 In Rheinisches Museum für Philologie",https://digi.vatlib.it/mss/detail/Vat.lat.6163,https://digi.vatlib.it/view/MSS_Vat.lat.6163,7.0
Vat.lat.10657,palinsesto,10.0,Bibliographic References:,"Bibliographic References: 1) Tangari, Nicola Il palinsesto V C 14 della Biblioteca Nazionale di Napoli: un antifonario del secolo X/XI e il Doctrinale di Alexander de Villa Dei, Scritture e libri del medioevo 2026.",https://digi.vatlib.it/mss/detail/Vat.lat.10657,https://digi.vatlib.it/view/MSS_Vat.lat.10657,5.5
Vat.lat.10673,palinsesto,10.0,Bibliographic References:,"Bibliographic References: 1) Tangari, Nicola Il palinsesto V C 14 della Biblioteca Nazionale di Napoli: un antifonario del secolo X/XI e il Doctrinale di Alexander de Villa Dei, Scritture e libri del medioevo 2026.",https://digi.vatlib.it/mss/detail/Vat.lat.10673,https://digi.vatlib.it/view/MSS_Vat.lat.10673,5.5
Vat.lat.11310,palinsesto,10.0,Bibliographic References:,"Low Quality Bibliographic References: 1) Tangari, Nicola Il palinsesto V C 14 della Biblioteca Nazionale di Napoli: un antifonario del secolo X/XI e il Doctrinale di Alexander de Villa Dei, Scritture e libri del medioevo 2026.",https://digi.vatlib.it/mss/detail/Vat.lat.11310,https://digi.vatlib.it/view/MSS_Vat.lat.11310,5.5
Vat.slav.3,palinsesto,10.0,Bibliographic References:,"Bibliographic References: 1) Krăstanov, Trendafil Apografo di evangeliario cirillico dei secoli X-XI nel "" Palinsesto Bulgaro"" (Vat.gr. 2502), In Christianity among the Slavs. The heritage of Saints Cyril and Methodius. Acts of the International Congress, Rome, Oct. 8-11, 1985, 1988",https://digi.vatlib.it/mss/detail/Vat.slav.3,https://digi.vatlib.it/view/MSS_Vat.slav.3,5.5
Pal.lat.1520,palimpsestus,10.0,General Data,"1) 1r: 2) 2r-60r passim: Tractatus quidam astronomiae. 3) 37r-38v, 47v-48r: Tractatus medicinae quo Erasistrati et Asclepii mentio facta est.",https://digi.vatlib.it/mss/detail/Pal.lat.1520,https://digi.vatlib.it/view/MSS_Pal.lat.1520,11.5
Vat.lat.505,palimpsestus,10.0,General Data,"1) S. Augustini opera, Sec. XI ex.",https://digi.vatlib.it/mss/detail/Vat.lat.505,https://digi.vatlib.it/view/MSS_Vat.lat.505,11.5
Arch.Cap.S.Pietro.E.17,rescriptus,9.0,General Data,1) 142r-143: Fragmentum bullae an. 1588 de pensione in favorem Fabii Rosetti clerici rom.,https://digi.vatlib.it/mss/detail/Arch.Cap.S.Pietro.E.17,https://digi.vatlib.it/view/MSS_Arch.Cap.S.Pietro.E.17,10.5
Chig.R.IV.11,rescriptus,9.0,General Data,Low Quality 1) sec. XIII in,https://digi.vatlib.it/mss/detail/Chig.R.IV.11,https://digi.vatlib.it/view/MSS_Chig.R.IV.11,10.5
Ott.gr.159.pt.1,rescriptus,9.0,General Data,1) 17r-25r: Λόγος περὶ φυλακῆς καρδίας· καὶ Νικηφόρου μονάζοντος,https://digi.vatlib.it/mss/detail/Ott.gr.159.pt.1,https://digi.vatlib.it/view/MSS_Ott.gr.159.pt.1,10.5
Reg.gr.1.pt.A,rescriptus,9.0,Bibliographic References:,"Bibliographic References: 1) Andrist, Patrick Au croisement des contenus et de la matière: l’architecture des sept pandectes bibliques grecques du premier millénaire: étude comparative sur les structures des contenus et de la matérialité des codex Vaticanus, Sinaiticus, Alexandrinus, Ephraemi rescriptus , Basilianus, «Pariathonensis» et de la Biblia Leonis, In Scrineum Rivista",https://digi.vatlib.it/mss/detail/Reg.gr.1.pt.A,https://digi.vatlib.it/view/MSS_Reg.gr.1.pt.A,4.95
Reg.gr.1.pt.B,rescriptus,9.0,Bibliographic References:,"Bibliographic References: 1) Andrist, Patrick Au croisement des contenus et de la matière: l’architecture des sept pandectes bibliques grecques du premier millénaire: étude comparative sur les structures des contenus et de la matérialité des codex Vaticanus, Sinaiticus, Alexandrinus, Ephraemi rescriptus , Basilianus, «Pariathonensis» et de la Biblia Leonis, In Scrineum Rivista",https://digi.vatlib.it/mss/detail/Reg.gr.1.pt.B,https://digi.vatlib.it/view/MSS_Reg.gr.1.pt.B,4.95
Reg.lat.478,rescriptus,9.0,General Data,1) Italica opuscula. sec. XV med.,https://digi.vatlib.it/mss/detail/Reg.lat.478,https://digi.vatlib.it/view/MSS_Reg.lat.478,10.5
Reg.lat.481,rescriptus,9.0,General Data,"1) Padelbronnensis sylloga, praesertim hagiographica. sec. XI-XII",https://digi.vatlib.it/mss/detail/Reg.lat.481,https://digi.vatlib.it/view/MSS_Reg.lat.481,10.5
Vat.ar.71,rescriptus,9.0,Bibliographic References:,"Bibliographic References: 1) Esbroeck, Michel van, S.I., 1934-2003 Le codex rescriptus Tischendorf 2 à Leipzig et Cyrille de Scythopolis en version arabe, In Actes du deuxième Congrès international d'études arabes chrétiennes (Oosterhesselen, sept. 1984), 1986",https://digi.vatlib.it/mss/detail/Vat.ar.71,https://digi.vatlib.it/view/MSS_Vat.ar.71,4.95
Vat.gr.373,rescriptus,9.0,Bibliographic References:,"Low Quality Bibliographic References: 1) Faraggiana di Sarzana, Chiara Il Nomocanon Par.gr.1330, <<horride rescriptus >> su pergamene in maiuscola contenenti un antico commentario ad Aristotele, il Corpus Dionysiacum e testi patristici, In Nea Rhōmē 2009",https://digi.vatlib.it/mss/detail/Vat.gr.373,https://digi.vatlib.it/view/MSS_Vat.gr.373,4.95
Vat.gr.719,rescriptus,9.0,Bibliographic References:,"Low Quality Bibliographic References: 1) Faraggiana di Sarzana, Chiara Il Nomocanon Par.gr.1330, <<horride rescriptus >> su pergamene in maiuscola contenenti un antico commentario ad Aristotele, il Corpus Dionysiacum e testi patristici, In Nea Rhōmē 2009",https://digi.vatlib.it/mss/detail/Vat.gr.719,https://digi.vatlib.it/view/MSS_Vat.gr.719,4.95
Vat.gr.725,rescriptus,9.0,Bibliographic References:,"Low Quality Bibliographic References: 1) Faraggiana di Sarzana, Chiara Il Nomocanon Par.gr.1330, <<horride rescriptus >> su pergamene in maiuscola contenenti un antico commentario ad Aristotele, il Corpus Dionysiacum e testi patristici, In Nea Rhōmē 2009",https://digi.vatlib.it/mss/detail/Vat.gr.725,https://digi.vatlib.it/view/MSS_Vat.gr.725,4.95
Vat.gr.788.pt.B,rescriptus,9.0,General Data,1) sec. XIV-XV,https://digi.vatlib.it/mss/detail/Vat.gr.788.pt.B,https://digi.vatlib.it/view/MSS_Vat.gr.788.pt.B,10.5
Vat.gr.859,rescriptus,9.0,Bibliographic References:,"Low Quality Bibliographic References: 1) Faraggiana di Sarzana, Chiara Il Nomocanon Par.gr.1330, <<horride rescriptus >> su pergamene in maiuscola contenenti un antico commentario ad Aristotele, il Corpus Dionysiacum e testi patristici, In Nea Rhōmē 2009",https://digi.vatlib.it/mss/detail/Vat.gr.859,https://digi.vatlib.it/view/MSS_Vat.gr.859,4.95
Vat.gr.984,rescriptus,9.0,General Data,1) sec. XIV,https://digi.vatlib.it/mss/detail/Vat.gr.984,https://digi.vatlib.it/view/MSS_Vat.gr.984,10.5
Vat.gr.1101.pt.1,rescriptus,9.0,Bibliographic References:,"Low Quality Bibliographic References: 1) Faraggiana di Sarzana, Chiara Il Nomocanon Par.gr.1330, <<horride rescriptus >> su pergamene in maiuscola contenenti un antico commentario ad Aristotele, il Corpus Dionysiacum e testi patristici, In Nea Rhōmē 2009",https://digi.vatlib.it/mss/detail/Vat.gr.1101.pt.1,https://digi.vatlib.it/view/MSS_Vat.gr.1101.pt.1,4.95
Vat.gr.1101.pt.2,rescriptus,9.0,Bibliographic References:,"Low Quality Bibliographic References: 1) Faraggiana di Sarzana, Chiara Il Nomocanon Par.gr.1330, <<horride rescriptus >> su pergamene in maiuscola contenenti un antico commentario ad Aristotele, il Corpus Dionysiacum e testi patristici, In Nea Rhōmē 2009",https://digi.vatlib.it/mss/detail/Vat.gr.1101.pt.2,https://digi.vatlib.it/view/MSS_Vat.gr.1101.pt.2,4.95
Vat.gr.1209,rescriptus,9.0,Bibliographic References:,"Bibliographic References: 1) Andrist, Patrick Au croisement des contenus et de la matière: l’architecture des sept pandectes bibliques grecques du premier millénaire: étude comparative sur les structures des contenus et de la matérialité des codex Vaticanus, Sinaiticus, Alexandrinus, Ephraemi rescriptus , Basilianus, «Pariathonensis» et de la Biblia Leonis, In Scrineum Rivista",https://digi.vatlib.it/mss/detail/Vat.gr.1209,https://digi.vatlib.it/view/MSS_Vat.gr.1209,4.95
Vat.gr.1288,rescriptus,9.0,Bibliographic References:,"Bibliographic References: 1) Faraggiana di Sarzana, Chiara Il Nomocanon Par.gr.1330, <<horride rescriptus >> su pergamene in maiuscola contenenti un antico commentario ad Aristotele, il Corpus Dionysiacum e testi patristici, In Nea Rhōmē 2009",https://digi.vatlib.it/mss/detail/Vat.gr.1288,https://digi.vatlib.it/view/MSS_Vat.gr.1288,4.95
Vat.gr.1611,rescriptus,9.0,Bibliographic References:,"Bibliographic References: 1) Faraggiana di Sarzana, Chiara Il Nomocanon Par.gr.1330, <<horride rescriptus >> su pergamene in maiuscola contenenti un antico commentario ad Aristotele, il Corpus Dionysiacum e testi patristici, In Nea Rhōmē 2009",https://digi.vatlib.it/mss/detail/Vat.gr.1611,https://digi.vatlib.it/view/MSS_Vat.gr.1611,4.95
Vat.gr.1810,rescriptus,9.0,General Data,1) Scriptio recentior: (sec. XIII) Officia vigiliarum maiorum festorum Domini; Scriptio inferior: inf. 1 (an. 953) Collectio hagiographica praemetaphrastica haud menologica; inf. 2 (sec. X) <S. Theodori Studitae operum collectio italograeca>. sec. XIII,https://digi.vatlib.it/mss/detail/Vat.gr.1810,https://digi.vatlib.it/view/MSS_Vat.gr.1810,9.0
Vat.gr.1830,rescriptus,9.0,General Data,1) sec. XIV-XV,https://digi.vatlib.it/mss/detail/Vat.gr.1830,https://digi.vatlib.it/view/MSS_Vat.gr.1830,10.5
Vat.gr.1843,rescriptus,9.0,General Data,1) sec. XII,https://digi.vatlib.it/mss/detail/Vat.gr.1843,https://digi.vatlib.it/view/MSS_Vat.gr.1843,10.5
Vat.gr.1844,rescriptus,9.0,General Data,Low Quality 1) Liturgica varia secundum usum italograecum. sec. XIV,https://digi.vatlib.it/mss/detail/Vat.gr.1844,https://digi.vatlib.it/view/MSS_Vat.gr.1844,10.5
Vat.gr.1847,rescriptus,9.0,General Data,1) sec. XIII,https://digi.vatlib.it/mss/detail/Vat.gr.1847,https://digi.vatlib.it/view/MSS_Vat.gr.1847,10.5
Vat.gr.1855,rescriptus,9.0,General Data,1) sec. XIII ex.,https://digi.vatlib.it/mss/detail/Vat.gr.1855,https://digi.vatlib.it/view/MSS_Vat.gr.1855,10.5
Vat.gr.1866,rescriptus,9.0,General Data,Low Quality 1) Psalterium continuatum sec. XIV post med.,https://digi.vatlib.it/mss/detail/Vat.gr.1866,https://digi.vatlib.it/view/MSS_Vat.gr.1866,10.5
Vat.gr.1871,rescriptus,9.0,General Data,1) sec. XII,https://digi.vatlib.it/mss/detail/Vat.gr.1871,https://digi.vatlib.it/view/MSS_Vat.gr.1871,10.5
Vat.gr.1877,rescriptus,9.0,General Data,"Low Quality 1) <Typicum liturgicum>, monasterii S. Mariae Mili in usum. sec. XIII ex.",https://digi.vatlib.it/mss/detail/Vat.gr.1877,https://digi.vatlib.it/view/MSS_Vat.gr.1877,10.5
Vat.gr.1884,rescriptus,9.0,Bibliographic References:,"Bibliographic References: 1) Faraggiana di Sarzana, Chiara Il Nomocanon Par.gr.1330, <<horride rescriptus >> su pergamene in maiuscola contenenti un antico commentario ad Aristotele, il Corpus Dionysiacum e testi patristici, In Nea Rhōmē 2009",https://digi.vatlib.it/mss/detail/Vat.gr.1884,https://digi.vatlib.it/view/MSS_Vat.gr.1884,4.95
Vat.gr.2057,rescriptus,9.0,Bibliographic References:,"Low Quality Bibliographic References: 1) Faraggiana di Sarzana, Chiara Il Nomocanon Par.gr.1330, <<horride rescriptus >> su pergamene in maiuscola contenenti un antico commentario ad Aristotele, il Corpus Dionysiacum e testi patristici, In Nea Rhōmē 2009",https://digi.vatlib.it/mss/detail/Vat.gr.2057,https://digi.vatlib.it/view/MSS_Vat.gr.2057,4.95
Vat.gr.2106,rescriptus,9.0,Bibliographic References:,"Bibliographic References: 1) Andrist, Patrick Au croisement des contenus et de la matière: l’architecture des sept pandectes bibliques grecques du premier millénaire: étude comparative sur les structures des contenus et de la matérialité des codex Vaticanus, Sinaiticus, Alexandrinus, Ephraemi rescriptus , Basilianus, «Pariathonensis» et de la Biblia Leonis, In Scrineum Rivista",https://digi.vatlib.it/mss/detail/Vat.gr.2106,https://digi.vatlib.it/view/MSS_Vat.gr.2106,4.95
Vat.sir.162,rescriptus,9.0,General Data,"1) Chronicle of Zuqnin sec. IX 2) Z i <inf. 1>: 92, 41, 74, 77, 82, 65, 36, 87; 80, 94, 34, 43, 85, 79; 37, 71, 72, 40: Iudicum 16:29-19:12, 19:18-29, 20:4-8, 20:30-21:5 3) Z ii <inf. 2>: 39, 38; 67, 72; 70, 35, 68, 71, 42, 69; 44, 76, 84, 86, 93, 75, 83, 33: Regum III 2:19-25, 35i-39, 46g-3:2, 27-4:9, 28-6:16, 7:27-8:33, 21:26-39 4) Z iv <inf. 3>: 26, 14, 3, 8, 17, 15; 2, 12, 11, 20, 19, 9; 16, 21, 15; 5, 4, 7, 6;24, 22; 13, 18; 169, 10, 23, 1, 173: Psalmi 8:1-9:19, 36-12:3, 13:1-16:1, 17:3-29, 39-48, 19:9-21:25, 32-23:2, 24:9-19, 25:8-26:4, 28:3-29:4, 30:2-11, 32:21-33:22, 35:7-37:11 5) Z v <inf. 4>: 64, 48, 51, 55; 46, 111, 116, 103, 96, 115, 120, 53; 118, 119, 100, 99, 112, 113, 95; 117, 114; 104, 109; 53, 57, 47, 58, 61, 52, 62, 45; 106, 108, 105, 107; 110,; 32, 27; 102, 98, 50, 49, 101, 97; 170: Ezechiel 1:9-25, 3:1-18, 4:16-5:11, 6:11-9:4, 22:7-23:38, 24:5-14, 25:2-9, 26:7-11, 28:10-16, 35:5-38:4, 39:10-13, 25-24, 40:19-23, 41:25-42:12, 43:11-44:4, 16-45:13, 20-46:2, 46:16-22...",https://digi.vatlib.it/mss/detail/Vat.sir.162,https://digi.vatlib.it/view/MSS_Vat.sir.162,9.0
Arch.Cap.S.Pietro.A.76,frammento,7.0,General Data,1) IIIr: < Frammento di minuta privata>,https://digi.vatlib.it/mss/detail/Arch.Cap.S.Pietro.A.76,https://digi.vatlib.it/view/MSS_Arch.Cap.S.Pietro.A.76,8.5
Arch.Cap.S.Pietro.B.79,frammento,7.0,Bibliographic References:,"Bibliographic References: 1) Baroffio, Bonifacio, 1940- Una maculatura liturgica cassinese: il Frammento Sabatini 5, In Aevum. Rassegna di scienze storiche, linguistiche e filologiche 2004",https://digi.vatlib.it/mss/detail/Arch.Cap.S.Pietro.B.79,https://digi.vatlib.it/view/MSS_Arch.Cap.S.Pietro.B.79,3.85
Arch.Cap.S.Pietro.C.95,frammento,7.0,Bibliographic References:,"1) Biblia. Gruppi, scelte. Latino Sec. XII Bibliographic References: 2) Paravicini Bagliani, Agostino, 1943- Un frammento del testamento del cardinale Stephanus Hungarus († 1270) nel codice C 95 dell'Archivio del Capitolo di San Pietro, In Rivista di storia della Chiesa in Italia 1971",https://digi.vatlib.it/mss/detail/Arch.Cap.S.Pietro.C.95,https://digi.vatlib.it/view/MSS_Arch.Cap.S.Pietro.C.95,3.85
Arch.Cap.S.Pietro.E.17,frammento,7.0,General Data,1) Sec. <XI in.>,https://digi.vatlib.it/mss/detail/Arch.Cap.S.Pietro.E.17,https://digi.vatlib.it/view/MSS_Arch.Cap.S.Pietro.E.17,8.5
Arch.Cap.S.Pietro.F.34,frammento,7.0,General Data,1) 173v-185v: Interpretatione nominun in evangelio 2) Ir-IIv: Fragmentum Acta s. Caeciliae,https://digi.vatlib.it/mss/detail/Arch.Cap.S.Pietro.F.34,https://digi.vatlib.it/view/MSS_Arch.Cap.S.Pietro.F.34,8.5
Arch.Cap.S.Pietro.H.62,frammento,7.0,General Data,"1) 156r-158r: Dionisi, Filippo Lorenzo, sac., 1712-1789 Gizius Epiphanius Ioannes Baptista",https://digi.vatlib.it/mss/detail/Arch.Cap.S.Pietro.H.62,https://digi.vatlib.it/view/MSS_Arch.Cap.S.Pietro.H.62,8.5
Arch.Cap.S.Pietro.H.99,frammento,7.0,Bibliographic References:,"Bibliographic References: 1) Paravicini Bagliani, Agostino, 1943- Un frammento del testamento del cardinale Stephanus Hungarus († 1270) nel codice C 95 dell'Archivio del Capitolo di San Pietro, In Rivista di storia della Chiesa in Italia 1971",https://digi.vatlib.it/mss/detail/Arch.Cap.S.Pietro.H.99,https://digi.vatlib.it/view/MSS_Arch.Cap.S.Pietro.H.99,3.85
Arch.Cap.S.Pietro.H.100,frammento,7.0,Bibliographic References:,"Bibliographic References: 1) Paravicini Bagliani, Agostino, 1943- Un frammento del testamento del cardinale Stephanus Hungarus († 1270) nel codice C 95 dell'Archivio del Capitolo di San Pietro, In Rivista di storia della Chiesa in Italia 1971",https://digi.vatlib.it/mss/detail/Arch.Cap.S.Pietro.H.100,https://digi.vatlib.it/view/MSS_Arch.Cap.S.Pietro.H.100,3.85
Arch.Cap.S.Pietro.I.11,frammento,7.0,General Data,1) Visitatio Apostolica Basilicae Sancti Petri anni 1656 et alia ad Capitulum et mensam spectantia. Sec. XVII med.,https://digi.vatlib.it/mss/detail/Arch.Cap.S.Pietro.I.11,https://digi.vatlib.it/view/MSS_Arch.Cap.S.Pietro.I.11,8.5
Barb.gr.220,frammento,7.0,General Data,"1) 478r: Reiske, Johann Jakob, 1716-1774 Epistula Reiskii ad Bianconum petentis ut apographum codicis nostri sibi mittatur",https://digi.vatlib.it/mss/detail/Barb.gr.220,https://digi.vatlib.it/view/MSS_Barb.gr.220,8.5
Barb.gr.240,frammento,7.0,Bibliographic References:,"Bibliographic References: 1) Pignani, Adriana Frammento inedito di un encomio bizantino per l'Imperatore, In Atti dell’Accademia Pontaniana 1978",https://digi.vatlib.it/mss/detail/Barb.gr.240,https://digi.vatlib.it/view/MSS_Barb.gr.240,5.35
Barb.gr.336,frammento,7.0,Bibliographic References:,"Bibliographic References: 1) Parenti, Stefano, 1959- Un frammento di Eucologio (ri)trovato a Grottaferrata, In Synaxis katholike. Beiträge zu Gottesdienst und Geschichte der fünf altkirchlichen Patriarchate für Heinzgerd Brakmann zum 70. Geburtstag / Teilband 2. Herausgegeben von Diliana Atanassova und Tinatin Chronz, Orientalia - Patristica - Oecumenica 2014.",https://digi.vatlib.it/mss/detail/Barb.gr.336,https://digi.vatlib.it/view/MSS_Barb.gr.336,3.85
Barb.gr.359,frammento,7.0,Bibliographic References:,"Low Quality Bibliographic References: 1) Lucà, Santo, 1947- Reliquie di un Paterikòn in maiuscola ogivale inclinata: Grottaferrata, frammento gr. 4 (= Crypt. Β.β.XXVI nr. I Rocchi), In Manoscritti italogreci: nuove tessere di un mosaico frammentario (a cura di S. Lucà, con la collaborazione di D. Bucca e F. D’Aiuto, Quaderni di Νέα Ῥώμη, 7), 2020.",https://digi.vatlib.it/mss/detail/Barb.gr.359,https://digi.vatlib.it/view/MSS_Barb.gr.359,3.85
Barb.gr.419,frammento,7.0,Bibliographic References:,"Bibliographic References: 1) Lucà, Santo, 1947- Un ignoto frammento del De lege spirituali di Marco Monaco (Athos, Protatou 38, ff. 1r-2v), con una nota sulla fortuna dei suoi scritti nella Calabria bizantina, In Corolla Byzantina. Studi in onore di Carmelo Crimi, 2025.",https://digi.vatlib.it/mss/detail/Barb.gr.419,https://digi.vatlib.it/view/MSS_Barb.gr.419,3.85
Barb.gr.455,frammento,7.0,Bibliographic References:,"Low Quality Bibliographic References: 1) Lucà, Santo, 1947- Italograeca, III. Reggio Calabria, Biblioteca Comunale «Pietro De Nava», Pergamene e Rari, perg. nr. 64: frammento di Lezionario del secolo XII (con un’appendice su qualche manoscritto greco di incerta attribuzione all’Italia meridionale), In Archivio storico per la Calabria e la Lucania 2023",https://digi.vatlib.it/mss/detail/Barb.gr.455,https://digi.vatlib.it/view/MSS_Barb.gr.455,3.85
Barb.gr.522,frammento,7.0,Bibliographic References:,"Low Quality Bibliographic References: 1) Lucà, Santo, 1947- Un ignoto frammento del De lege spirituali di Marco Monaco (Athos, Protatou 38, ff. 1r-2v), con una nota sulla fortuna dei suoi scritti nella Calabria bizantina, In Corolla Byzantina. Studi in onore di Carmelo Crimi, 2025.",https://digi.vatlib.it/mss/detail/Barb.gr.522,https://digi.vatlib.it/view/MSS_Barb.gr.522,3.85
Barb.gr.541,frammento,7.0,Bibliographic References:,"Bibliographic References: 1) Lucà, Santo, 1947- Italograeca, III. Reggio Calabria, Biblioteca Comunale «Pietro De Nava», Pergamene e Rari, perg. nr. 64: frammento di Lezionario del secolo XII (con un’appendice su qualche manoscritto greco di incerta attribuzione all’Italia meridionale), In Archivio storico per la Calabria e la Lucania 2023",https://digi.vatlib.it/mss/detail/Barb.gr.541,https://digi.vatlib.it/view/MSS_Barb.gr.541,3.85
Barb.lat.160,frammento,7.0,Bibliographic References:,"Bibliographic References: 1) Haverling, Gerd Un nuovo frammento della traduzione “ravennate” degli Aforismi di Ippocrate e del vecchio commento detto “Oribasiano”, In Italia medioevale e umanistica 1995",https://digi.vatlib.it/mss/detail/Barb.lat.160,https://digi.vatlib.it/view/MSS_Barb.lat.160,3.85
Barb.lat.638,frammento,7.0,Bibliographic References:,"Bibliographic References: 1) Ciccarelli, Diego Un frammento isidoriano del IX sec, In Schede medievali 1989",https://digi.vatlib.it/mss/detail/Barb.lat.638,https://digi.vatlib.it/view/MSS_Barb.lat.638,5.35
Barb.lat.679,frammento,7.0,Bibliographic References:,"Bibliographic References: 1) Billanovich, Giuseppe, 1913-2000 Ancora sul frammento in onciale degli Atti del Concilio di Calcedonia, In Itinera. Vicende di libri e testi, II, a cura di Mariarosa Cortesi (Studi e testi del Rinascimento europeo, 22), 2004 2) Billanovich, Giuseppe, 1913-2000 Ancora sul nuovo frammento in onciale degli atti del Concilio di Calcedonia, In Italia medioevale e umanistica",https://digi.vatlib.it/mss/detail/Barb.lat.679,https://digi.vatlib.it/view/MSS_Barb.lat.679,3.85
Barb.lat.1092,frammento,7.0,Bibliographic References:,"Bibliographic References: 1) Tedeschi, Carlo Un nuovo frammento dei Danti del Cento, In Studi danteschi 2007",https://digi.vatlib.it/mss/detail/Barb.lat.1092,https://digi.vatlib.it/view/MSS_Barb.lat.1092,5.35
Barb.lat.1843,frammento,7.0,General Data,1) Frammento di poema eroico. sec. XIV,https://digi.vatlib.it/mss/detail/Barb.lat.1843,https://digi.vatlib.it/view/MSS_Barb.lat.1843,8.5
Barb.lat.2019,frammento,7.0,Bibliographic References:,"Bibliographic References: 1) Stuhlfauth, Georg, 1870-1942 Un frammento di sarcofago cristiano del magazzino archeologico comunale a Roma, In Nuovo bullettino di archeologia cristiana",https://digi.vatlib.it/mss/detail/Barb.lat.2019,https://digi.vatlib.it/view/MSS_Barb.lat.2019,3.85
Barb.lat.2020,frammento,7.0,Bibliographic References:,"Bibliographic References: 1) Lanciani, Rodolfo (Rodolfo Amedeo), 1845-1929 Di un frammento inedito della pianta di Roma antica riferibile alla regione VII, In Bullettino della Commissione archeologica comunale di Roma",https://digi.vatlib.it/mss/detail/Barb.lat.2020,https://digi.vatlib.it/view/MSS_Barb.lat.2020,3.85
Barb.lat.2062,frammento,7.0,Bibliographic References:,"Bibliographic References: 1) Gatti, Giuseppe, conte, 1838-1914 Di un frammento marmoreo del martire Genesio, In Bullettino della Commissione archeologica comunale di Roma",https://digi.vatlib.it/mss/detail/Barb.lat.2062,https://digi.vatlib.it/view/MSS_Barb.lat.2062,5.35
Barb.lat.2063,frammento,7.0,Bibliographic References:,"Bibliographic References: 1) Cantarelli, Luigi, 1858-1931 Di un frammento epigrafico cristiano dell'isola Portuense, In Bullettino della Commissione archeologica comunale di Roma",https://digi.vatlib.it/mss/detail/Barb.lat.2063,https://digi.vatlib.it/view/MSS_Barb.lat.2063,5.35
Barb.lat.2109,frammento,7.0,Bibliographic References:,"Bibliographic References: 1) Cantarelli, Luigi, 1858-1931 Di un frammento epigrafico cristiano dell'isola Portuense, In Bullettino della Commissione archeologica comunale di Roma",https://digi.vatlib.it/mss/detail/Barb.lat.2109,https://digi.vatlib.it/view/MSS_Barb.lat.2109,5.35
Barb.lat.3084,frammento,7.0,Bibliographic References:,"Bibliographic References: 1) Cantarelli, Luigi, 1858-1931 Di un frammento epigrafico cristiano dell'isola Portuense, In Bullettino della Commissione archeologica comunale di Roma",https://digi.vatlib.it/mss/detail/Barb.lat.3084,https://digi.vatlib.it/view/MSS_Barb.lat.3084,5.35
Barb.lat.3209,frammento,7.0,General Data,"Low Quality 1) 40r, 93r-94r: Ughelli, Ferdinando, O. Cist., 1595-1670 Documenti vari. 2) 49r-51r: Ughelli, Ferdinando, O. Cist., 1595-1670 Documenti vari.",https://digi.vatlib.it/mss/detail/Barb.lat.3209,https://digi.vatlib.it/view/MSS_Barb.lat.3209,8.5
Barb.lat.3210,frammento,7.0,General Data,"Low Quality 1) 250r-254r: Note su Tommaso Caracciolo, arciv. di Taranto. 2) 254r: Cagiano, Giovanni Antonio, C.R., f. 1609-1650 Lettera dedicatoria al card. Tommaso Caracciolo.",https://digi.vatlib.it/mss/detail/Barb.lat.3210,https://digi.vatlib.it/view/MSS_Barb.lat.3210,8.5
Barb.lat.3986,frammento,7.0,Bibliographic References:,"Low Quality Bibliographic References: 1) Dell’Agostino, Veronica Nuove considerazioni sul "" Frammento Romegialli"", In Rivista di storia della miniatura 2011",https://digi.vatlib.it/mss/detail/Barb.lat.3986,https://digi.vatlib.it/view/MSS_Barb.lat.3986,5.35
Barb.lat.4007,frammento,7.0,Bibliographic References:,"Bibliographic References: 1) Mazzoni, Francesco Un frammento (conosciuto) di Giovanni Boccaccio in California, In Studi danteschi 1972",https://digi.vatlib.it/mss/detail/Barb.lat.4007,https://digi.vatlib.it/view/MSS_Barb.lat.4007,5.35
Barb.lat.4015,frammento,7.0,Bibliographic References:,"Bibliographic References: 1) Bertelli, Sandro Frammento di un nuovo codice della Divina Commedia. Il ms Nuove Accessioni 357 n.25 della Biblioteca Nazionale di Firenze, In Studi danteschi 2001",https://digi.vatlib.it/mss/detail/Barb.lat.4015,https://digi.vatlib.it/view/MSS_Barb.lat.4015,3.85
Barb.lat.4036,frammento,7.0,Bibliographic References:,"Low Quality Bibliographic References: 1) Tamburrino, G. Un frammento della «Vita nuova», In Italia medioevale e umanistica",https://digi.vatlib.it/mss/detail/Barb.lat.4036,https://digi.vatlib.it/view/MSS_Barb.lat.4036,5.35
Barb.lat.4071,frammento,7.0,Bibliographic References:,"Bibliographic References: 1) Mazzoni, Francesco Un frammento (conosciuto) di Giovanni Boccaccio in California, In Studi danteschi 1972",https://digi.vatlib.it/mss/detail/Barb.lat.4071,https://digi.vatlib.it/view/MSS_Barb.lat.4071,5.35
Barb.lat.4086,frammento,7.0,General Data,"1) 1r-6v: Livius, Titus, 59 a.C.-17 d.C. Ab Urbe condita (Livius, Titus, 59 a.C.-17 d.C.)",https://digi.vatlib.it/mss/detail/Barb.lat.4086,https://digi.vatlib.it/view/MSS_Barb.lat.4086,8.5
Barb.lat.4146,frammento,7.0,General Data,1) 79v-80v: Frammento di teoria della musica. 2) 80v: Frammento di melodia.,https://digi.vatlib.it/mss/detail/Barb.lat.4146,https://digi.vatlib.it/view/MSS_Barb.lat.4146,8.5
Barb.lat.4151,frammento,7.0,General Data,1) 64r-v: Aria anonima.,https://digi.vatlib.it/mss/detail/Barb.lat.4151,https://digi.vatlib.it/view/MSS_Barb.lat.4151,8.5
Barb.lat.4204,frammento,7.0,General Data,"1) 164v: Pasqualini, Marcantonio, 1614-1691",https://digi.vatlib.it/mss/detail/Barb.lat.4204,https://digi.vatlib.it/view/MSS_Barb.lat.4204,8.5
Barb.lat.4221,frammento,7.0,General Data,"1) 33r: Aria anonima. 2) 57r: Pasqualini, Marcantonio, 1614-1691. Opere spurie e dubbie",https://digi.vatlib.it/mss/detail/Barb.lat.4221,https://digi.vatlib.it/view/MSS_Barb.lat.4221,8.5
Barb.lat.4231,frammento,7.0,General Data,"Low Quality 1) 225r-v: De Luca, Severo, sec. XVII",https://digi.vatlib.it/mss/detail/Barb.lat.4231,https://digi.vatlib.it/view/MSS_Barb.lat.4231,8.5
Barb.lat.4702,frammento,7.0,General Data,Low Quality 1) 130r-131r: Ludovisio è ito a tentare Sulmona se si trattano parentadi 2) 133r-134v: Frammento di una relazione sul conclave da cui uscì eletto Alessandro VII il 23 gennaio 1655.,https://digi.vatlib.it/mss/detail/Barb.lat.4702,https://digi.vatlib.it/view/MSS_Barb.lat.4702,7.0
Barb.lat.5361,frammento,7.0,Bibliographic References:,"Low Quality Bibliographic References: 1) Pesce, Greta La redazione VB del libro di Marco Polo: edizione critico-interpretativa del frammento vaticano (ms. Barberiniano latino 5361), 2012.",https://digi.vatlib.it/mss/detail/Barb.lat.5361,https://digi.vatlib.it/view/MSS_Barb.lat.5361,3.85
Borg.lat.67,frammento,7.0,General Data,"Low Quality 1) 40r-v: Bonelli, Michele, card., 1541-1598 Lettera a mons. Iacopo Aldobrandini, nunzio apostolico a Napoli. 2) 42r: Paolini, Statilio, m. 1596 Lettera a mons. Iacopo Aldobrandini, nunzio apostolico a Napoli. 3) 159r: Caffarelli Borghese, Scipione, card., 1576-1633 Lettera a mons. Paolo Emilio Filonardi, arciv. di Amalfi, nunzio apostolico a Napoli.",https://digi.vatlib.it/mss/detail/Borg.lat.67,https://digi.vatlib.it/view/MSS_Borg.lat.67,7.0
Borg.lat.94,frammento,7.0,General Data,"Low Quality 1) 5v: Oliverius Plunkett, s., 1625-1681 Lettera a mons. Federico Baldeschi (?).",https://digi.vatlib.it/mss/detail/Borg.lat.94,https://digi.vatlib.it/view/MSS_Borg.lat.94,8.5
Borg.lat.153,frammento,7.0,General Data,1) 172r-179v: Of the habitation of souls after death,https://digi.vatlib.it/mss/detail/Borg.lat.153,https://digi.vatlib.it/view/MSS_Borg.lat.153,8.5
Borg.lat.285,frammento,7.0,General Data,"Low Quality 1) 32r-v, 34v: Dionisi, Giovanni Jacopo, sac., 1724-1808 Lettera a mons. Stefano Borgia, segretario della Congregazione di Propaganda Fide. 2) 33r: Incisione raffigurante un frammento dell'Iliade del Museo Moscardo di Verona.",https://digi.vatlib.it/mss/detail/Borg.lat.285,https://digi.vatlib.it/view/MSS_Borg.lat.285,7.0
Borg.lat.470,frammento,7.0,General Data,Low Quality 1) 17r-18v: Frammento di opera intorno alla Gerarchia Ecclesiastica.,https://digi.vatlib.it/mss/detail/Borg.lat.470,https://digi.vatlib.it/view/MSS_Borg.lat.470,8.5
Borg.lat.480,frammento,7.0,General Data,"Low Quality 1) 225r-226v: Frammento di istrumento riguardante il Capitolo della chiesa di Fosse e la giurisdizione delle terre di Vaux (Vaux-sous-Chèvremont) e Borset in diocesi di Liegi. 2) 230r: Jang de Blannen, re di Boemia, 1296-1346 Epistula ad Clementem VI. 3) 237r: Papi (1534-1549 : Paulus III) Bulla de privilegiis neophitorum sive iudaeorum et infidelium ad catholicam fidem convertentium. 4) 238r: Papi (1555-1559 : Paulus IV) Bulla de legibus a iudaeis in statu ecclesiastico degentibus, observandis. 5) 305r: Frammento di scrittura riguardante il card. Michelangelo Tonti. 6) 306r: Romana donationis 7) 307r-v: Blasio, Baltasar de, f. 1679 Appellatio interposita [a Balthasare de Blasio] pro parte D. Antonii [Sanchez] Samaniego. 8) 307v: Muro González, Pedro, f. 1679 Attestato riguardante Antonio Sanchez Samaniego. 9) 309v: Paštrić, Ivan, sac., 1636-1708 Lettera al card. Paolo (?) Savelli. 10) 352r: Papi (1534-1549 : Paulus III) Bulla de privilegiis neophitorum sive iudaeorum et...",https://digi.vatlib.it/mss/detail/Borg.lat.480,https://digi.vatlib.it/view/MSS_Borg.lat.480,7.0
Borg.lat.481,frammento,7.0,General Data,"Low Quality 1) 109r-111r: Falconieri, Ottavio, O.S.Hier., 1646-1676 Abiura del Peripatetismo fatta da mons. Falconieri et inviata all'Accademia della Crusca",https://digi.vatlib.it/mss/detail/Borg.lat.481,https://digi.vatlib.it/view/MSS_Borg.lat.481,8.5
Borg.lat.482,frammento,7.0,General Data,"Low Quality 1) 535r-545r: Iona, Giovanni Battista, 1588-1668 Trattato sui punti ebraici o vocali.",https://digi.vatlib.it/mss/detail/Borg.lat.482,https://digi.vatlib.it/view/MSS_Borg.lat.482,8.5
Borg.lat.484,frammento,7.0,General Data,"Low Quality 1) 299r, 303r-314r: Pasquale da Montella, O.F.M. de Obs., f. 1699 Vera e fedelissima relazione delle cose occorse nel viaggio fatto dal Cairo sino a Sennàr metropoli delli Fungi dal P. P[asquale] da Montella, dal P. A[ntonio] Della Terza e P. B[enedetto] d'Atripalda suoi compagni. Sennàr 12 apr. 1699.",https://digi.vatlib.it/mss/detail/Borg.lat.484,https://digi.vatlib.it/view/MSS_Borg.lat.484,7.0
Borg.lat.565,frammento,7.0,General Data,"Low Quality 1) 303r: Saint-Simon, Louis de Rouvroy, duc de, 1675-1755 Lettera al card. Filippo Antonio Gualtieri.",https://digi.vatlib.it/mss/detail/Borg.lat.565,https://digi.vatlib.it/view/MSS_Borg.lat.565,8.5
Borg.lat.731,frammento,7.0,General Data,"Low Quality 1) 61r: Paštrić, Ivan, sac., 1636-1708 Lettera ad incerto.",https://digi.vatlib.it/mss/detail/Borg.lat.731,https://digi.vatlib.it/view/MSS_Borg.lat.731,8.5
Borg.pers.19,frammento,7.0,General Data,1) Vangeli. sec. XIV med.,https://digi.vatlib.it/mss/detail/Borg.pers.19,https://digi.vatlib.it/view/MSS_Borg.pers.19,8.5
Borgh.2,frammento,7.0,Bibliographic References:,"Bibliographic References: 1) Ciccarelli, Diego Un frammento isidoriano del IX sec, In Schede medievali 1989",https://digi.vatlib.it/mss/detail/Borgh.2,https://digi.vatlib.it/view/MSS_Borgh.2,5.35
Borgh.365,frammento,7.0,Bibliographic References:,"Bibliographic References: 1) Abardo, Rudy Un nuovo frammento dei Danti del Cento, In Studi danteschi 1981",https://digi.vatlib.it/mss/detail/Borgh.365,https://digi.vatlib.it/view/MSS_Borgh.365,5.35
Borgh.376,frammento,7.0,Bibliographic References:,"Bibliographic References: 1) Carletti, Maela Il Codice Borghesiano 376: frammento di una fonte catastale dell’episcopato di Iesi della fine del Duecento, In Studia Picena 2008",https://digi.vatlib.it/mss/detail/Borgh.376,https://digi.vatlib.it/view/MSS_Borgh.376,5.35
Capp.Sist.63,frammento,7.0,General Data,"1) 55r: Prioris, Johannes, c. 1460-c. 1514 Domine non secundum",https://digi.vatlib.it/mss/detail/Capp.Sist.63,https://digi.vatlib.it/view/MSS_Capp.Sist.63,8.5
Capp.Sist.64,frammento,7.0,General Data,"1) 30r[2]: Nus Saule sufficit 2) 30v: Palestrina, Giovanni Pierluigi da, c. 1525-1594 Missa Veni creator spiritus - Credo",https://digi.vatlib.it/mss/detail/Capp.Sist.64,https://digi.vatlib.it/view/MSS_Capp.Sist.64,8.5
Cappon.9,frammento,7.0,General Data,1) <Glossula di Dario Tiberti ed epigrammi laudativi> Sec. XV ex.,https://digi.vatlib.it/mss/detail/Cappon.9,https://digi.vatlib.it/view/MSS_Cappon.9,8.5
Cappon.132,frammento,7.0,General Data,"1) <Giulio Romano, Trattato di prospettiva> Sec. XVII",https://digi.vatlib.it/mss/detail/Cappon.132,https://digi.vatlib.it/view/MSS_Cappon.132,8.5
Cappon.147,frammento,7.0,General Data,"1) p. 137(2): Salutati, Coluccio, 1331-1406 Oratoribus Comitis Virtutum.",https://digi.vatlib.it/mss/detail/Cappon.147,https://digi.vatlib.it/view/MSS_Cappon.147,8.5
Cappon.173,frammento,7.0,General Data,1) 61r-65r: < Frammento del Conclave di Marcello II.>,https://digi.vatlib.it/mss/detail/Cappon.173,https://digi.vatlib.it/view/MSS_Cappon.173,8.5
Cappon.227,frammento,7.0,General Data,1) 32v: < Frammento di poesia amorosa>.,https://digi.vatlib.it/mss/detail/Cappon.227,https://digi.vatlib.it/view/MSS_Cappon.227,8.5
Cappon.298,frammento,7.0,General Data,1) 1r-29v: < Frammento di un processo fatto a Cavaillon per libelli infamatori>,https://digi.vatlib.it/mss/detail/Cappon.298,https://digi.vatlib.it/view/MSS_Cappon.298,8.5
Chig.D.V.77,frammento,7.0,Bibliographic References:,"Bibliographic References: 1) Foglia, M. Ida Un’ipotesi sull’origine volturnense di un frammento vallicelliano, In Bullettino dell'Istituto storico italiano per il Medio Evo 1997-98",https://digi.vatlib.it/mss/detail/Chig.D.V.77,https://digi.vatlib.it/view/MSS_Chig.D.V.77,3.85
Chig.I.VI.205,frammento,7.0,Bibliographic References:,"Bibliographic References: 1) Stuhlfauth, Georg, 1870-1942 Un frammento di sarcofago cristiano del magazzino archeologico comunale a Roma, In Nuovo bullettino di archeologia cristiana",https://digi.vatlib.it/mss/detail/Chig.I.VI.205,https://digi.vatlib.it/view/MSS_Chig.I.VI.205,3.85
Chig.L.IV.106.pt.A,frammento,7.0,Bibliographic References:,"Bibliographic References: 1) De Lollis, Cesare, 1863-1928 Un frammento di canzoniere provenzale In Studi medievali",https://digi.vatlib.it/mss/detail/Chig.L.IV.106.pt.A,https://digi.vatlib.it/view/MSS_Chig.L.IV.106.pt.A,5.35
Chig.L.VI.213,frammento,7.0,Bibliographic References:,"Bibliographic References: 1) Mazzoni, Francesco Un frammento (conosciuto) di Giovanni Boccaccio in California, In Studi danteschi 2) Messina, Michele Due manoscritti di estratti dalla «Commedia» e un frammento In Studi danteschi",https://digi.vatlib.it/mss/detail/Chig.L.VI.213,https://digi.vatlib.it/view/MSS_Chig.L.VI.213,3.85
Chig.L.VII.253,frammento,7.0,Bibliographic References:,"Bibliographic References: 1) Mazzoni, Francesco Un frammento (conosciuto) di Giovanni Boccaccio in California, In Studi danteschi 1972",https://digi.vatlib.it/mss/detail/Chig.L.VII.253,https://digi.vatlib.it/view/MSS_Chig.L.VII.253,5.35
Chig.L.VIII.292,frammento,7.0,Bibliographic References:,"Bibliographic References: 1) De Robertis, Teresa, 1955- Rivalutazione di un frammento dantesco, In Studi danteschi 2001",https://digi.vatlib.it/mss/detail/Chig.L.VIII.292,https://digi.vatlib.it/view/MSS_Chig.L.VIII.292,5.35
Chig.L.VIII.305,frammento,7.0,Bibliographic References:,"Bibliographic References: 1) Tedeschi, Carlo Un nuovo frammento dei Danti del Cento, in Studi danteschi In Studi danteschi 2007",https://digi.vatlib.it/mss/detail/Chig.L.VIII.305,https://digi.vatlib.it/view/MSS_Chig.L.VIII.305,5.35
Chig.Q.VIII.195,frammento,7.0,General Data,1) 52r-53r: Lotario,https://digi.vatlib.it/mss/detail/Chig.Q.VIII.195,https://digi.vatlib.it/view/MSS_Chig.Q.VIII.195,8.5
Chig.R.IV.7,frammento,7.0,Bibliographic References:,"Low Quality Bibliographic References: 1) Lucà, Santo, 1947- Reliquie di un Paterikòn in maiuscola ogivale inclinata: Grottaferrata, frammento gr. 4 (= Crypt. Β.β.XXVI nr. I Rocchi), In Manoscritti italogreci: nuove tessere di un mosaico frammentario (a cura di S. Lucà, con la collaborazione di D. Bucca e F. D’Aiuto, Quaderni di Νέα Ῥώμη, 7), 2020. 2) Lucà, Santo, 1947- Italograeca, III. Reggio Calabria, Biblioteca Comunale «Pietro De Nava», Pergamene e Rari, perg. nr. 64: frammento di Lezionario del secolo XII (con un’appendice su qualche manoscritto greco di incerta attribuzione all’Italia meridionale), In Archivio storico per la Calabria e la Lucania 2023 3) Lucà, Santo, 1947- Un ignoto frammento del De lege spirituali di Marco Monaco (Athos, Protatou 38, ff. 1r-2v), con una nota sulla fortuna dei suoi scritti nella Calabria bizantina, In Corolla Byzantina. Studi in onore di Carmelo Crimi, 2025.",https://digi.vatlib.it/mss/detail/Chig.R.IV.7,https://digi.vatlib.it/view/MSS_Chig.R.IV.7,3.85
Ferr.827,frammento,7.0,Bibliographic References:,"Low Quality Bibliographic References: 1) Faini, Marco Un frammento manoscritto delle Rime di Sannazaro e un esemplare sconosciuto della prima ristampa dell’Arcadia, In Bibliofilia. Rivista di storia del libro e di bibliografia 2009",https://digi.vatlib.it/mss/detail/Ferr.827,https://digi.vatlib.it/view/MSS_Ferr.827,3.85
Ott.lat.6,frammento,7.0,Bibliographic References:,"Bibliographic References: 1) Ciccarelli, Diego Un frammento isidoriano del IX sec, In Schede medievali 1989",https://digi.vatlib.it/mss/detail/Ott.lat.6,https://digi.vatlib.it/view/MSS_Ott.lat.6,5.35
Ott.lat.296,frammento,7.0,Bibliographic References:,"Bibliographic References: 1) Quadri, Riccardo, O.F.M. Cap. Un frammento milanese del «Tractatus de dedicatione templi» attribuito a Remigio di Auxerre, In Italia medioevale e umanistica",https://digi.vatlib.it/mss/detail/Ott.lat.296,https://digi.vatlib.it/view/MSS_Ott.lat.296,3.85
Ott.lat.313,frammento,7.0,Bibliographic References:,"Bibliographic References: 1) Dell'Oro, Ferdinando, S.D.B. Frammento di Rotolo Pontificale del secolo XI, In Traditio et progressio. Studi liturgici in onore del Prof. Adrien Nocent, OSB, 1988 2) Rizzi, Basilio Il Frammento di san Maurizio: contributo alla eucologia ambrosiana dei defunti (Parte II), In Ecclesia Orans. Studi e ricerche 1986",https://digi.vatlib.it/mss/detail/Ott.lat.313,https://digi.vatlib.it/view/MSS_Ott.lat.313,3.85
Ott.lat.1238,frammento,7.0,Bibliographic References:,"Bibliographic References: 1) Fugaro, Daniela Alla ricerca dello scolio perduto (Un presunto frammento di Livio Andronico), In Atti dell’Accademia Nazionale dei Lincei. Rendiconti. Classe di scienze morali, storiche e filologiche 2001",https://digi.vatlib.it/mss/detail/Ott.lat.1238,https://digi.vatlib.it/view/MSS_Ott.lat.1238,3.85
Ott.lat.1592,frammento,7.0,Bibliographic References:,"Bibliographic References: 1) Malcovati, Enrica, 1894-1990 La tradizione del Brutus e il nuovo frammento cremonese, In Athenaeum. Studi periodici di letteratura e storia dell’antichità",https://digi.vatlib.it/mss/detail/Ott.lat.1592,https://digi.vatlib.it/view/MSS_Ott.lat.1592,3.85
Ott.lat.2057,frammento,7.0,Bibliographic References:,"Bibliographic References: 1) Malcovati, Enrica, 1894-1990 La tradizione del Brutus e il nuovo frammento cremonese, In Athenaeum. Studi periodici di letteratura e storia dell’antichità",https://digi.vatlib.it/mss/detail/Ott.lat.2057,https://digi.vatlib.it/view/MSS_Ott.lat.2057,3.85
Ott.lat.2072,frammento,7.0,Bibliographic References:,"Bibliographic References: 1) Monti, Carla Maria Un frammento ritrovato del codice Bancroft (University of California, Berkeley 145), In Italia medioevale e umanistica 1986",https://digi.vatlib.it/mss/detail/Ott.lat.2072,https://digi.vatlib.it/view/MSS_Ott.lat.2072,5.35
Ott.lat.2151,frammento,7.0,Bibliographic References:,"Bibliographic References: 1) Cursi, Marco, 1966- Boccaccio alla Sapienza: un frammento sconosciuto del ‘Filocolo’ (e alcune novità intorno ad Andrea Lancia), In Critica del testo 2007",https://digi.vatlib.it/mss/detail/Ott.lat.2151,https://digi.vatlib.it/view/MSS_Ott.lat.2151,3.85
Ott.lat.3316,frammento,7.0,Bibliographic References:,"Bibliographic References: 1) Messina, Michele Due manoscritti di estratti dalla «Commedia» e un frammento In Studi danteschi",https://digi.vatlib.it/mss/detail/Ott.lat.3316,https://digi.vatlib.it/view/MSS_Ott.lat.3316,5.35
Pal.gr.20,frammento,7.0,Bibliographic References:,"Bibliographic References: 1) Guida, Augusto, 1950- Un nuovo frammento della replica a Giuliano di Teodoro di Mopsuestia, In Bollettino della Badia greca di Grottaferrata 1999",https://digi.vatlib.it/mss/detail/Pal.gr.20,https://digi.vatlib.it/view/MSS_Pal.gr.20,5.35
Pal.gr.49,frammento,7.0,Bibliographic References:,"Bibliographic References: 1) Lucà, Santo, 1947- Reliquie di un Paterikòn in maiuscola ogivale inclinata: Grottaferrata, frammento gr. 4 (= Crypt. Β.β.XXVI nr. I Rocchi), In Manoscritti italogreci: nuove tessere di un mosaico frammentario (a cura di S. Lucà, con la collaborazione di D. Bucca e F. D’Aiuto, Quaderni di Νέα Ῥώμη, 7), 2020.",https://digi.vatlib.it/mss/detail/Pal.gr.49,https://digi.vatlib.it/view/MSS_Pal.gr.49,3.85
Pal.gr.91,frammento,7.0,Bibliographic References:,"Bibliographic References: 1) Lucà, Santo, 1947- Un ignoto frammento del De lege spirituali di Marco Monaco (Athos, Protatou 38, ff. 1r-2v), con una nota sulla fortuna dei suoi scritti nella Calabria bizantina, In Corolla Byzantina. Studi in onore di Carmelo Crimi, 2025.",https://digi.vatlib.it/mss/detail/Pal.gr.91,https://digi.vatlib.it/view/MSS_Pal.gr.91,3.85
Pal.gr.93,frammento,7.0,Bibliographic References:,"Bibliographic References: 1) Mazzarino, Antonio Ancora un altro frammento ignorato di Catone, In Helikon 1982",https://digi.vatlib.it/mss/detail/Pal.gr.93,https://digi.vatlib.it/view/MSS_Pal.gr.93,5.35
Pal.gr.96,frammento,7.0,Bibliographic References:,"Bibliographic References: 1) Mazzarino, Antonio Ancora un altro frammento ignorato di Catone, In Helikon 1982",https://digi.vatlib.it/mss/detail/Pal.gr.96,https://digi.vatlib.it/view/MSS_Pal.gr.96,5.35
Pal.gr.134,frammento,7.0,Bibliographic References:,"Bibliographic References: 1) Mazzarino, Antonio Ancora un altro frammento ignorato di Catone, In Helikon 1982",https://digi.vatlib.it/mss/detail/Pal.gr.134,https://digi.vatlib.it/view/MSS_Pal.gr.134,5.35
Pal.gr.203,frammento,7.0,Bibliographic References:,"Bibliographic References: 1) Guida, Augusto, 1950- Un nuovo frammento della replica a Giuliano di Teodoro di Mopsuestia, In Bollettino della Badia greca di Grottaferrata 1999",https://digi.vatlib.it/mss/detail/Pal.gr.203,https://digi.vatlib.it/view/MSS_Pal.gr.203,5.35
Pal.gr.287,frammento,7.0,Bibliographic References:,"Bibliographic References: 1) Bianconi, Daniele Il frammento escorialense di Giovanni Catrario: una nuova lettura, In Rivista di studi bizantini e neoellenici 2000.",https://digi.vatlib.it/mss/detail/Pal.gr.287,https://digi.vatlib.it/view/MSS_Pal.gr.287,5.35
Pal.gr.360,frammento,7.0,Bibliographic References:,"Bibliographic References: 1) Mazzarino, Antonio Ancora un altro frammento ignorato di Catone, In Helikon 1982",https://digi.vatlib.it/mss/detail/Pal.gr.360,https://digi.vatlib.it/view/MSS_Pal.gr.360,5.35
Pal.gr.425,frammento,7.0,Bibliographic References:,"Bibliographic References: 1) Casanova, Angelo Un frammento trascurato e il problema della divisione in libri del “Catalogo” esiodeo, In Studi italiani di filologia classica 1973",https://digi.vatlib.it/mss/detail/Pal.gr.425,https://digi.vatlib.it/view/MSS_Pal.gr.425,5.35
Pal.lat.24,frammento,7.0,Bibliographic References:,"Bibliographic References: 1) Cavallo, Guglielmo, 1938- Per la datazione del frammento Rylands delle Historiae di Sallustio, In Studi latini in ricordo di Rita Cappelletto, 1996 2) Bravo, B. Un frammento del libro XI di Tito Livio?, In Athenaeum. Studi periodici di letteratura e storia dell’antichità 1988 3) Piacente, Luigi Un nuovo frammento ciceroniano in Beda, In Romano Barbarica. Contributi allo studio dei rapporti culturali tra mondo latino e mondo barbarico 1986",https://digi.vatlib.it/mss/detail/Pal.lat.24,https://digi.vatlib.it/view/MSS_Pal.lat.24,3.85
Pal.lat.510,frammento,7.0,Bibliographic References:,"Bibliographic References: 1) Ciccarelli, Diego Un frammento di messale in scrittura beneventana, In Schede medievali 1983",https://digi.vatlib.it/mss/detail/Pal.lat.510,https://digi.vatlib.it/view/MSS_Pal.lat.510,5.35
Pal.lat.542,frammento,7.0,General Data,1) Horae. sec. XV,https://digi.vatlib.it/mss/detail/Pal.lat.542,https://digi.vatlib.it/view/MSS_Pal.lat.542,8.5
Pal.lat.551,frammento,7.0,Bibliographic References:,"Bibliographic References: 1) Donati, Lamberto, 1890-1982 «Passio Domini nostri Jesu Christi». Frammento tipografico della Biblioteca Parsoniana In Bibliofilia. Rivista di storia del libro e di bibliografia",https://digi.vatlib.it/mss/detail/Pal.lat.551,https://digi.vatlib.it/view/MSS_Pal.lat.551,3.85
Pal.lat.566,frammento,7.0,Bibliographic References:,"Bibliographic References: 1) Ciccarelli, Diego Un frammento isidoriano del IX sec, In Schede medievali 1989",https://digi.vatlib.it/mss/detail/Pal.lat.566,https://digi.vatlib.it/view/MSS_Pal.lat.566,5.35
Arch.Cap.S.Pietro.A.37,fragmentum,7.0,General Data,"1) 1v-181v: Iosephus, Flavius, c. 37-c. 100 Antiquitatum iudaicarum libri I-XX",https://digi.vatlib.it/mss/detail/Arch.Cap.S.Pietro.A.37,https://digi.vatlib.it/view/MSS_Arch.Cap.S.Pietro.A.37,8.5
Arch.Cap.S.Pietro.B.82,fragmentum,7.0,General Data,1) 68r-69r: Fragmentum passionis s. Ioannis apostoli et evangelisti.,https://digi.vatlib.it/mss/detail/Arch.Cap.S.Pietro.B.82,https://digi.vatlib.it/view/MSS_Arch.Cap.S.Pietro.B.82,8.5
Arch.Cap.S.Pietro.C.94,fragmentum,7.0,General Data,"1) 1r-223r: Gregorius PP. I, Magnus, s., c. 540-604 Epistolarum CCXCVII libri I-XIV iuxta veterem ordinem et codices recentiores.",https://digi.vatlib.it/mss/detail/Arch.Cap.S.Pietro.C.94,https://digi.vatlib.it/view/MSS_Arch.Cap.S.Pietro.C.94,8.5
Arch.Cap.S.Pietro.C.116,fragmentum,7.0,General Data,1) 246v-247r: <Bulla>,https://digi.vatlib.it/mss/detail/Arch.Cap.S.Pietro.C.116,https://digi.vatlib.it/view/MSS_Arch.Cap.S.Pietro.C.116,8.5
Arch.Cap.S.Pietro.C.136,fragmentum,7.0,General Data,1) Duodecim Prophetae minores cum glossa ordinaria Walafridi Strabi et interlineari Anselmi Laudunensis. Sec. XIV,https://digi.vatlib.it/mss/detail/Arch.Cap.S.Pietro.C.136,https://digi.vatlib.it/view/MSS_Arch.Cap.S.Pietro.C.136,8.5
Arch.Cap.S.Pietro.D.150,fragmentum,7.0,General Data,"1) Ir: Bullae fragmentum ad conferendum beneficium Petro filio Thomae de Schadek, Beznensis dioecesis",https://digi.vatlib.it/mss/detail/Arch.Cap.S.Pietro.D.150,https://digi.vatlib.it/view/MSS_Arch.Cap.S.Pietro.D.150,8.5
Arch.Cap.S.Pietro.D.156,fragmentum,7.0,General Data,1) 1r-3v: Kalendarii fragmentum,https://digi.vatlib.it/mss/detail/Arch.Cap.S.Pietro.D.156,https://digi.vatlib.it/view/MSS_Arch.Cap.S.Pietro.D.156,8.5
Arch.Cap.S.Pietro.D.163,fragmentum,7.0,General Data,"1) 82r: Hieronymus, s., 342/347-419 Contra Iovinianum libro I",https://digi.vatlib.it/mss/detail/Arch.Cap.S.Pietro.D.163,https://digi.vatlib.it/view/MSS_Arch.Cap.S.Pietro.D.163,8.5
Arch.Cap.S.Pietro.D.165,fragmentum,7.0,General Data,1) 6r-6v: Sermonis in Epiphaniam fragmentum,https://digi.vatlib.it/mss/detail/Arch.Cap.S.Pietro.D.165,https://digi.vatlib.it/view/MSS_Arch.Cap.S.Pietro.D.165,8.5
Arch.Cap.S.Pietro.E.17,fragmentum,7.0,General Data,1) 142r-143: Fragmentum bullae an. 1588 de pensione in favorem Fabii Rosetti clerici rom.,https://digi.vatlib.it/mss/detail/Arch.Cap.S.Pietro.E.17,https://digi.vatlib.it/view/MSS_Arch.Cap.S.Pietro.E.17,8.5
Arch.Cap.S.Pietro.E.19,fragmentum,7.0,General Data,1) 1v: Fragmentum epist. S. Pauli ad Thessalonicenses II,https://digi.vatlib.it/mss/detail/Arch.Cap.S.Pietro.E.19,https://digi.vatlib.it/view/MSS_Arch.Cap.S.Pietro.E.19,8.5
Arch.Cap.S.Pietro.F.4,fragmentum,7.0,General Data,1) Iv-IIr: Fragmentum expositionis iuris: de venditione,https://digi.vatlib.it/mss/detail/Arch.Cap.S.Pietro.F.4,https://digi.vatlib.it/view/MSS_Arch.Cap.S.Pietro.F.4,8.5
Arch.Cap.S.Pietro.F.11.pt.B,fragmentum,7.0,General Data,1) Vetus Testamentum. Libri Numerorum fragmentum . Sec. VIII,https://digi.vatlib.it/mss/detail/Arch.Cap.S.Pietro.F.11.pt.B,https://digi.vatlib.it/view/MSS_Arch.Cap.S.Pietro.F.11.pt.B,8.5
Arch.Cap.S.Pietro.F.18,fragmentum,7.0,General Data,1) Iv: Fragmentum bullae de beneficio conferendo ad relationem diaconi card. tituli s. Angeli (Richardi de Annibaldis),https://digi.vatlib.it/mss/detail/Arch.Cap.S.Pietro.F.18,https://digi.vatlib.it/view/MSS_Arch.Cap.S.Pietro.F.18,8.5
Arch.Cap.S.Pietro.F.34,fragmentum,7.0,General Data,1) Ir-IIv: Fragmentum Acta s. Caeciliae,https://digi.vatlib.it/mss/detail/Arch.Cap.S.Pietro.F.34,https://digi.vatlib.it/view/MSS_Arch.Cap.S.Pietro.F.34,8.5
Arch.Cap.S.Pietro.F.36,fragmentum,7.0,General Data,"1) 1v: Sixtus PP. V, 1521-1590 Bulla in favorem Ioannis Baptista Banchi",https://digi.vatlib.it/mss/detail/Arch.Cap.S.Pietro.F.36,https://digi.vatlib.it/view/MSS_Arch.Cap.S.Pietro.F.36,8.5
Arch.Cap.S.Pietro.G.11,fragmentum,7.0,General Data,"1) 86v-87r: Sidonius, Caius Sollius Apollinaris, f. 431-487 < Fragmentum epistulae ""Sidonius Thaumasto suo salutem"", Liber V, ep. VII>",https://digi.vatlib.it/mss/detail/Arch.Cap.S.Pietro.G.11,https://digi.vatlib.it/view/MSS_Arch.Cap.S.Pietro.G.11,8.5
Barb.gr.4,fragmentum,7.0,General Data,"1) 20r: Euripides, 480-407 a.C. Euripidis Bellerophontis fragmentum 305. 2) 186av, 1r-3v: Theognis Megareus, sec. VI a.C. στίχοι Θεόγνιδος, i.e. Ἐλεγείων α´, 173-182, Σωκράτους fragmentum .",https://digi.vatlib.it/mss/detail/Barb.gr.4,https://digi.vatlib.it/view/MSS_Barb.gr.4,7.0
Barb.gr.19,fragmentum,7.0,General Data,1) 89r: in die Ass. B. M. V.,https://digi.vatlib.it/mss/detail/Barb.gr.19,https://digi.vatlib.it/view/MSS_Barb.gr.19,8.5
Barb.gr.22,fragmentum,7.0,General Data,"1) 66r: Sophocles, sec. V a.C. <Sophoclis Aiacis> versus 1-13.",https://digi.vatlib.it/mss/detail/Barb.gr.22,https://digi.vatlib.it/view/MSS_Barb.gr.22,8.5
Barb.gr.23,fragmentum,7.0,General Data,"1) 1r-344r: Themistius, c. 317-c. 388 Fragmentum prologi Themistiani in analytica posteriora, Themistii ad Aristotelis physicae libros I-II paraphrasis.",https://digi.vatlib.it/mss/detail/Barb.gr.23,https://digi.vatlib.it/view/MSS_Barb.gr.23,8.5
Barb.gr.69,fragmentum,7.0,General Data,"1) 5r-7v: Heron Alexandrinus, sec. II a.C./II Initium cap. XX Heronis Alexandrini automatorum, Eutocii fragmentum commentarii in Archimedis libellum de dimensione circuli.",https://digi.vatlib.it/mss/detail/Barb.gr.69,https://digi.vatlib.it/view/MSS_Barb.gr.69,8.5
Barb.gr.78,fragmentum,7.0,General Data,"1) 54r-66v: Plato, 427-347 a.C. Πλάτωνος φράσεις.",https://digi.vatlib.it/mss/detail/Barb.gr.78,https://digi.vatlib.it/view/MSS_Barb.gr.78,8.5
Barb.gr.85,fragmentum,7.0,General Data,"1) 270r-v: Fragmentum de Adami corpore Hierosolymis humato, De Hebraico sermone secundum Origenem, De arcae foederis amplitudine, Scientiarum et artium quarundam inventores. 2) 276r-v: Cassius Dio, c. 155-c. 235 ἐκ τοῦ λζ´ (οῦ supra lineam) τῶν Δίωνος Ῥωμαικῶν· περὶ τοῦ πῶς ἀνετέθησαν αἱ ἑπτὰ ἡμέραι τῆς ἑβδομάδης τοῖς ἑπτὰ πλανήταις. Καὶ τίνες οἱ ἀναθέντες",https://digi.vatlib.it/mss/detail/Barb.gr.85,https://digi.vatlib.it/view/MSS_Barb.gr.85,7.0
Barb.gr.86,fragmentum,7.0,General Data,"1) 339v, l. 15-348v: Fragmentum commentarii in Aristotelis rhetoricae lib. III.",https://digi.vatlib.it/mss/detail/Barb.gr.86,https://digi.vatlib.it/view/MSS_Barb.gr.86,8.5
Barb.gr.90,fragmentum,7.0,General Data,1) 209r-256r: Διονυσίου οἰκουμένης περιήγησις.,https://digi.vatlib.it/mss/detail/Barb.gr.90,https://digi.vatlib.it/view/MSS_Barb.gr.90,8.5
Barb.gr.99,fragmentum,7.0,General Data,"1) 13r-41v: Ammonius Hermeiou, sec. VI Σχολὴ ἐκ τῆς ἐξεγήσεως τοῦ φιλοσόφου Δαυίδ· εἰ τὰ γένη καὶ τὰ εἴδη, πρὸ τῶν πολλῶν εἰσὶ.",https://digi.vatlib.it/mss/detail/Barb.gr.99,https://digi.vatlib.it/view/MSS_Barb.gr.99,8.5
Barb.gr.107,fragmentum,7.0,General Data,"1) p. 151-165: Dionysius Byzantius, sec. II Dicaearchi Messeni descriptio Graeciae ad Theophrastum eiusdem de vita Graeciae fragmentum , Δικαιάρχου Μεσσηνίου τῆς Ἑλλάδος ἀναγραφὴ πρὸς Θεόφραστον, Dicaearchi Messenii Graeciae descriptio ad Theophrastum. Eiusdem fragmenta quaedam, Δικαιάρχου Μεσσηνίου ἀναγραφὴ τῆς Ἑλλάδος πρὸς Θεόφραστον, Dicaearchi Messenii descriptio Graeciae ad Theophrastum. 2) p. 204-209: Dicaearchus Messanius, sec. IV/III a.C. Opere spurie e dubbie <Dicaearchi fragmentum 3>.",https://digi.vatlib.it/mss/detail/Barb.gr.107,https://digi.vatlib.it/view/MSS_Barb.gr.107,7.0
Barb.gr.127,fragmentum,7.0,General Data,"1) 207r-249r: Galenus, Claudius, 129-199 Ἁπλα Γαληνοῦ: περὶ βοτανῶν: κατὰ στοιχεῖον.",https://digi.vatlib.it/mss/detail/Barb.gr.127,https://digi.vatlib.it/view/MSS_Barb.gr.127,8.5
Barb.gr.132,fragmentum,7.0,General Data,"1) 10v-16r: Nicetas Choniates, m. 1216 Τοῦ αὐτοῦ μακαρίτου κυρίου Νικήτα τοῦ Χωνειάτου ἀπὸ τῆς αὐτοῦ ἱστορίας περὶ Κωνσταντινουπόλεως.",https://digi.vatlib.it/mss/detail/Barb.gr.132,https://digi.vatlib.it/view/MSS_Barb.gr.132,8.5
Barb.gr.152,fragmentum,7.0,General Data,"1) sec. XV med vel ex, sec. XVI",https://digi.vatlib.it/mss/detail/Barb.gr.152,https://digi.vatlib.it/view/MSS_Barb.gr.152,8.5
Barb.gr.153,fragmentum,7.0,General Data,1) sec. XV med vel ex,https://digi.vatlib.it/mss/detail/Barb.gr.153,https://digi.vatlib.it/view/MSS_Barb.gr.153,8.5
Barb.gr.154,fragmentum,7.0,General Data,"1) 39r-66v: Gaza, Theodorus, c. 1400-c. 1475 Θεοδώρου γραμματικῆς εἰσαγωγῆς, τῶν εἰς τεσσαρα τὸν πρῶτον (sic). 2) 68r-v: Gaza, Theodorus, c. 1400-c. 1475 πρώτη κλίσις τῶν ἰσοσυλλάβων ὀνομάτων ἀρσενικῶν. 3) 69r-76v: Chrysoloras, Emanuel,‏ 1390-1415 <Manuelis Chrysolorae erotematum> fragmentum . 4) 77r-87r: Chrysoloras, Emanuel,‏ 1390-1415 Grammaticae graecae italico sermone conscriptae fragmentum .",https://digi.vatlib.it/mss/detail/Barb.gr.154,https://digi.vatlib.it/view/MSS_Barb.gr.154,7.0
Barb.gr.158,fragmentum,7.0,General Data,1) sec. XI-XII (ff. 1r-5v sec. XV ex),https://digi.vatlib.it/mss/detail/Barb.gr.158,https://digi.vatlib.it/view/MSS_Barb.gr.158,8.5
Barb.gr.179,fragmentum,7.0,General Data,"1) 22r-v: Plutarchus, c. 50-127 Plutarchi De Iside et Osiride fragmentum",https://digi.vatlib.it/mss/detail/Barb.gr.179,https://digi.vatlib.it/view/MSS_Barb.gr.179,8.5
Barb.gr.184,fragmentum,7.0,General Data,"1) 1r-132r: Nicephorus Gregoras, 1295-1359/1360 τοῦ αὐτοῦ λόγος δεύτερος ῥωμαïκῆς ἱστορίας ὅς ἐστι τῆς καθολικῆς αὐτοῦ ἱστορίας δέκατος τρίτος.",https://digi.vatlib.it/mss/detail/Barb.gr.184,https://digi.vatlib.it/view/MSS_Barb.gr.184,8.5
Barb.gr.194,fragmentum,7.0,General Data,"1) 1r-34r: Iohannes Lydus, sec. VI ἐκ τῶν τοῦ Ἰωάννου τοῦ Φιλαδελφέως.",https://digi.vatlib.it/mss/detail/Barb.gr.194,https://digi.vatlib.it/view/MSS_Barb.gr.194,8.5
Barb.gr.200,fragmentum,7.0,General Data,"1) 1r-84v: Arrianus, Flavius, c. 95-c. 175 Arriani de acie instruenda liber ex Graeco conversus a Luca Holstenio, Descriptio aciei quam Arrianus contra Alanos instruxit, Ars instruendi aciem, Ex observatione Gronovii, Militaria ex inscriptionibus.",https://digi.vatlib.it/mss/detail/Barb.gr.200,https://digi.vatlib.it/view/MSS_Barb.gr.200,7.0
Barb.gr.201,fragmentum,7.0,General Data,"1) Ir-40v: Arrianus, Flavius, c. 95-c. 175 Arriani De venatione. Epistola dicata ad Cardinalem Antonium Barberini.",https://digi.vatlib.it/mss/detail/Barb.gr.201,https://digi.vatlib.it/view/MSS_Barb.gr.201,8.5
Barb.gr.221,fragmentum,7.0,General Data,"1) 48r-v. 55r: Galenus, Claudius, 129-199 De crisibus libri III (fragmenta)",https://digi.vatlib.it/mss/detail/Barb.gr.221,https://digi.vatlib.it/view/MSS_Barb.gr.221,8.5
Barb.gr.237,fragmentum,7.0,General Data,"1) 108r-v: Iohannes Malalas, c. 491-c. 578 Fragmentum e Iohannis Malalae chronographia",https://digi.vatlib.it/mss/detail/Barb.gr.237,https://digi.vatlib.it/view/MSS_Barb.gr.237,8.5
Barb.gr.278,fragmentum,7.0,General Data,"1) 41r-v. 34r-40v: Athenaeus Naucratita, sec. III-II <Athenaei Naucratitae Dipnosophistarum> fragmentum libri XV",https://digi.vatlib.it/mss/detail/Barb.gr.278,https://digi.vatlib.it/view/MSS_Barb.gr.278,8.5
Barb.gr.331,fragmentum,7.0,General Data,1) 222r-223v: Fragmentum liturgicum,https://digi.vatlib.it/mss/detail/Barb.gr.331,https://digi.vatlib.it/view/MSS_Barb.gr.331,8.5
Barb.gr.336,fragmentum,7.0,General Data,1) 266r-279r: Fragmentum .,https://digi.vatlib.it/mss/detail/Barb.gr.336,https://digi.vatlib.it/view/MSS_Barb.gr.336,8.5
Barb.gr.475,fragmentum,7.0,General Data,1) 1r-4v: Fragmentum cum notatione 2) 195r-196v: Fragmentum,https://digi.vatlib.it/mss/detail/Barb.gr.475,https://digi.vatlib.it/view/MSS_Barb.gr.475,8.5
Barb.lat.64,fragmentum,7.0,General Data,"1) Iv: Priscianus Caesariensis, sec. V-VI De littera ""I"" quaedam, partim ex Prisciani Caesariensis Institutionibus de arte grammatica, I, 18-19.",https://digi.vatlib.it/mss/detail/Barb.lat.64,https://digi.vatlib.it/view/MSS_Barb.lat.64,8.5
Barb.lat.116,fragmentum,7.0,General Data,"1) Ir(2): Vergerio, Pietro Paolo, il vecchio, 1370-1444 Epistola CXXXVII.",https://digi.vatlib.it/mss/detail/Barb.lat.116,https://digi.vatlib.it/view/MSS_Barb.lat.116,8.5
Barb.lat.140,fragmentum,7.0,General Data,"1) Iv: Marrasio, Bernabeo, sec. XV Epistula ad Andreocium Petrucium Senensem.",https://digi.vatlib.it/mss/detail/Barb.lat.140,https://digi.vatlib.it/view/MSS_Barb.lat.140,8.5
Barb.lat.415,fragmentum,7.0,General Data,"1) 262r(1): Glossa Ordinaria in prophetas minores. 2) 262r-v: Glossa Ordinaria in Osee. 3) 262vB-263r: Glossa Ordinaria in Micheas. 4) 263rA: Glossa Ordinaria in Nahum. 5) 263v(1): Glossa Ordinaria in Sophoniam. 6) 263v-264r: Glossa Ordinaria in Zachariam. 7) 263vB(1): Hieronymus, s., 342/347-419 Biblia sacra latine. V. T., Aggaeus. Praefatio. 8) 263vB(2): Glossa Ordinaria in Zachariam. 9) 264r(1): Glossa Ordinaria in Malachiam. 10) 368vB: Fragmentum Canon Missae.",https://digi.vatlib.it/mss/detail/Barb.lat.415,https://digi.vatlib.it/view/MSS_Barb.lat.415,7.0
Barb.lat.574,fragmentum,7.0,General Data,"1) 1rA (l. 36)-B (l. 16): Gregorius PP. I, Magnus, s., c. 540-604 Epistula IX, 147. 2) 1rA (ll. 2-35): Gregorius PP. I, Magnus, s., c. 540-604 Epistula XI, 18. 3) 1rB (l. 29)-1vA (l. 5): Gregorius PP. I, Magnus, s., c. 540-604 Epistula XI, 27. 4) 1rB (ll. 16-19): Gregorius PP. I, Magnus, s., c. 540-604 Epistula IX, 214. 5) 1rB (ll. 19-28): Gregorius PP. I, Magnus, s., c. 540-604 Epistula X, 21. 6) 1vA (ll. 6-21): Gregorius PP. I, Magnus, s., c. 540-604 Epistula IX, 27.",https://digi.vatlib.it/mss/detail/Barb.lat.574,https://digi.vatlib.it/view/MSS_Barb.lat.574,7.0
Barb.lat.575,fragmentum,7.0,General Data,1) 170r: De custodia linguae 2) IIIrA (ll. 1-17): Sermo de tempore. In Vigilia Nativitate Domini. Fragmentum .,https://digi.vatlib.it/mss/detail/Barb.lat.575,https://digi.vatlib.it/view/MSS_Barb.lat.575,8.5
Barb.lat.1398,fragmentum,7.0,General Data,"Low Quality 1) 501r: Repertorium iuris anonymi ( fragmentum ). 2) contropiatto posteriore: Ioulianos, Scholastikos, f. 535-555 Epitome novellarum, Const. CXV, 2-8",https://digi.vatlib.it/mss/detail/Barb.lat.1398,https://digi.vatlib.it/view/MSS_Barb.lat.1398,8.5
Barb.lat.1402,fragmentum,7.0,General Data,"1) risguardia posteriore: Ubaldi, Baldo degli, 1327?-1400. Opere spurie e dubbie Fragmentum literae ad ignotos, ut non separarent Commune Perusii ab omni subsidio Florentinorum.",https://digi.vatlib.it/mss/detail/Barb.lat.1402,https://digi.vatlib.it/view/MSS_Barb.lat.1402,8.5
Barb.lat.1405,fragmentum,7.0,General Data,"1) 2r-v: Ubaldi, Baldo degli, 1327?-1400 Repetitio ad l. 8 Et si post tres, D., 2, 11.",https://digi.vatlib.it/mss/detail/Barb.lat.1405,https://digi.vatlib.it/view/MSS_Barb.lat.1405,8.5
Barb.lat.1406,fragmentum,7.0,General Data,"1) 81r-v: Ubaldi, Baldo degli, 1327?-1400. Opere spurie e dubbie Consilium, an instrumentum valeat etiam si notarius confiteretur aliquid contra propriam scripturam.",https://digi.vatlib.it/mss/detail/Barb.lat.1406,https://digi.vatlib.it/view/MSS_Barb.lat.1406,8.5
Barb.lat.1407,fragmentum,7.0,General Data,"1) 44r-45r: Allegationes iuris ad quandam factispeciem in materia de legatis. 2) 45r-v: Ubaldi, Francesco degli, n. 1359. Opere spurie e dubbie Fragmentum allegationum iuris ad cuiusdam Francisci de Civitate Castelli allegationes. 3) 45v(1): Ubaldi, Francesco degli, n. 1359. Opere spurie e dubbie Consilium, an refutatio sine causa pro donatione intelligere possit.",https://digi.vatlib.it/mss/detail/Barb.lat.1407,https://digi.vatlib.it/view/MSS_Barb.lat.1407,7.0
Barb.lat.1862,fragmentum,7.0,General Data,"Low Quality 1) 99v: Petrarca, Francesco, 1304-1374 Fragmentum epistulae ad I[acobum] de Columna Lombesiensis ep.",https://digi.vatlib.it/mss/detail/Barb.lat.1862,https://digi.vatlib.it/view/MSS_Barb.lat.1862,8.5
Borgh.5,fragmentum,7.0,General Data,1) 1r-9r: Breviarii proprii de tempore fragmentum .,https://digi.vatlib.it/mss/detail/Borgh.5,https://digi.vatlib.it/view/MSS_Borgh.5,8.5
Borgh.6,fragmentum,7.0,General Data,1) 129r-v: Fragmentum alicuius glossarii.,https://digi.vatlib.it/mss/detail/Borgh.6,https://digi.vatlib.it/view/MSS_Borgh.6,8.5
Borgh.22,fragmentum,7.0,General Data,"1) 233v: Albertus Magnus, s., vesc. di Regensburg, c. 1193-1280 <Initium indicis ad partem I Summae theologiae s. Alberti Magni.> 2) Ir: Albertus Magnus, s., vesc. di Regensburg, c. 1193-1280 Fragmenta (2) ex eodem opere, id est pars I Summae Theologiae.",https://digi.vatlib.it/mss/detail/Borgh.22,https://digi.vatlib.it/view/MSS_Borgh.22,7.0
Borgh.30,fragmentum,7.0,General Data,"1) Ir-v: Cassiodorus Senator, Flavius Magnus Aurelius, s., c. 487-c. 583 Cuiusdam Historiae ecclesiasticae fragmentum .",https://digi.vatlib.it/mss/detail/Borgh.30,https://digi.vatlib.it/view/MSS_Borgh.30,8.5
Borgh.39,fragmentum,7.0,General Data,"1) 2r-13v: Tabula distinctionum de sermonibus eiusdem cod. Borgh. 153, secundum litterarum ordinem; pars prior.",https://digi.vatlib.it/mss/detail/Borgh.39,https://digi.vatlib.it/view/MSS_Borgh.39,8.5
Borgh.43,fragmentum,7.0,General Data,1) 46r-v: Fragmentum ex sermonis de s. Ivone Trecorensi,https://digi.vatlib.it/mss/detail/Borgh.43,https://digi.vatlib.it/view/MSS_Borgh.43,8.5
Borgh.54,fragmentum,7.0,General Data,"1) 1r-2v: Olivi, Pierre Jean, O.F.M., c. 1248-1298 Sermo de nativitate b. Mariae Virginis, ut videtur. 2) 1r-34v: Olivi, Pierre Jean, O.F.M., c. 1248-1298 Sermones varii saltem ex parte Petro Iohannis Olivi tribuendi. 3) 37r-39v: < Fragmentum de iure canonico.> 4) 39v-41v: < Fragmentum de iure canonico.> 5) 129r-131r: Olivi, Pierre Jean, O.F.M., c. 1248-1298 Tractatus de quantitate. 6) 145r-148v: Expositiones allegoricae in aliquot Genesis capitula.",https://digi.vatlib.it/mss/detail/Borgh.54,https://digi.vatlib.it/view/MSS_Borgh.54,7.0
Borgh.63,fragmentum,7.0,General Data,1) 54v: Fragmentum cuiusdam in Senecae ad Lucilium epistulas commentarii.,https://digi.vatlib.it/mss/detail/Borgh.63,https://digi.vatlib.it/view/MSS_Borgh.63,8.5
Borgh.69,fragmentum,7.0,General Data,"1) 1r-3v in margg., 4r-7v, 8r-9v, 10r-12v in margg., 13r-14v, 15r-v in margg., 16r-17v, 18r-20v in margg., 21r-24v, 25r-26v in margg., 27r-30v, 31r-33r in margg., partim in marginibus partim foliis intersertis: Clemens PP. VI, 1291-1352 Expositiones in Psalmos. 2) 1r-3v in marginibus: Clemens PP. VI, 1291-1352 Expositiones in Psalmos. 3) 1r-7v, 10r-12v, 15r-v, 18r-20v, 25r-26v, 31r-52v: Expositiones in Psalmos anonymae. 4) 4r-7v in marginibus, 8r-9v, 10r-12v in marginibus, 13r-14v, 15r-v in marginibus, 16r-17v, 18r-20v in marginibus, 21r-24v, 25r-26v in marginibus, 27r-30v, 31r-33r in marginibus: Clemens PP. VI, 1291-1352 Expositiones in Psalmos. 5) 53r-64v: Expositiones in Psalmos anonymae. 6) 65r-175v: Expositiones in Psalmos anonymae. 7) 187r-198v: Olivi, Pierre Jean, O.F.M., c. 1248-1298 Sermones varii saltem ex parte Petro Iohannis Olivi tribuendi.",https://digi.vatlib.it/mss/detail/Borgh.69,https://digi.vatlib.it/view/MSS_Borgh.69,7.0
Borgh.80,fragmentum,7.0,General Data,1) Ir-v: Fragmentum cuiusdam tractatus (?) de virtutibus monachorum. 2) 1r(1): Fragmentum cuiusdam expositionis in Aristotelis Metaphysicorum lib. II,https://digi.vatlib.it/mss/detail/Borgh.80,https://digi.vatlib.it/view/MSS_Borgh.80,8.5
Borgh.82,fragmentum,7.0,General Data,1) 116v-118v: Glossarium biblicum ( fragmentum ). 2) 119r-131v: Expositiones allegoricae in aliquot Genesis capitula ( fragmentum ).,https://digi.vatlib.it/mss/detail/Borgh.82,https://digi.vatlib.it/view/MSS_Borgh.82,8.5
Borgh.83,fragmentum,7.0,General Data,1) 49r-59v: Expositiones vocabulorum Bibliae. 2) 61r-70v: Glossarium biblicum.,https://digi.vatlib.it/mss/detail/Borgh.83,https://digi.vatlib.it/view/MSS_Borgh.83,8.5
Borgh.85,fragmentum,7.0,General Data,"1) 1r-11v: Olivi, Pierre Jean, O.F.M., c. 1248-1298 In Sententiarum librum II qq. 103-108. 2) 92r-94v: Raimundus Fronsiacus. Opere spurie e dubbie Responsio pro parte communitatis fratrum Minorum ad accusationes contentas in Ubertini de Casali Rotulo ( fragmentum ). 3) 114r-117v: Frati Minori Communitatis fratrum Minorum ad Rotulum Ubertini de Casali Responsio ( fragmentum aliquantum maius priore).",https://digi.vatlib.it/mss/detail/Borgh.85,https://digi.vatlib.it/view/MSS_Borgh.85,7.0
Borgh.86,fragmentum,7.0,General Data,1) 175r-182v: Frati Minori Ordinis fratrum minorum constitutiones tum generales tum provinciales.,https://digi.vatlib.it/mss/detail/Borgh.86,https://digi.vatlib.it/view/MSS_Borgh.86,8.5
Borgh.91,fragmentum,7.0,General Data,1) 228r: Tabula sermonum festiuorum,https://digi.vatlib.it/mss/detail/Borgh.91,https://digi.vatlib.it/view/MSS_Borgh.91,8.5
Borgh.94,fragmentum,7.0,General Data,1) 195v: Cuiusdam carminis de b. Maria Virginis fragmentum .,https://digi.vatlib.it/mss/detail/Borgh.94,https://digi.vatlib.it/view/MSS_Borgh.94,8.5
Borgh.106,fragmentum,7.0,General Data,1) 55r-56r: Quaestionis anonymae fragmentum . 2) 56r: Quaestionis anonymae fragmentum .,https://digi.vatlib.it/mss/detail/Borgh.106,https://digi.vatlib.it/view/MSS_Borgh.106,8.5
Borgh.121,fragmentum,7.0,General Data,"1) 314r-v, 1r: Godefridus de Fontibus, vesc. di Cambrai, 1250?-1308? Quodlibeti V fragmentum .",https://digi.vatlib.it/mss/detail/Borgh.121,https://digi.vatlib.it/view/MSS_Borgh.121,8.5
Borgh.126,fragmentum,7.0,General Data,"1) 235r: Aristoteles, 384-322 a.C. De intelligentia.",https://digi.vatlib.it/mss/detail/Borgh.126,https://digi.vatlib.it/view/MSS_Borgh.126,8.5
Borgh.141,fragmentum,7.0,General Data,"1) 1r-168r: Summa praedicabilis impefecta. 2) 3r-4v: Ghazzālī, 1058-1111 Metaphysicae fragmentum .",https://digi.vatlib.it/mss/detail/Borgh.141,https://digi.vatlib.it/view/MSS_Borgh.141,8.5
Borgh.149,fragmentum,7.0,General Data,1) 76v: Notabilia aliqua.,https://digi.vatlib.it/mss/detail/Borgh.149,https://digi.vatlib.it/view/MSS_Borgh.149,8.5
Borgh.157,fragmentum,7.0,General Data,"1) 1r-26v: Clemens PP. VI, 1291-1352 Expositiones in Psalmos. 2) 27r-34v: Clemens PP. VI, 1291-1352 <Expositiones in Psalmos>. 3) 59r-v: Iohannes Garsias Hispanus, vesc. di Sigüenza, f. 1275-1299 Fragmentum ex Iohannis Garciae Hispani Apparatu ad decretales Gregorii PP. X. 4) 60r-v: Iohannes Garsias Hispanus, vesc. di Sigüenza, f. 1275-1299 Fragmentum ex Iohannis Garciae Hispani Apparatu ad decretales Gregorii PP. X.",https://digi.vatlib.it/mss/detail/Borgh.157,https://digi.vatlib.it/view/MSS_Borgh.157,7.0
Borgh.173,fragmentum,7.0,General Data,"1) 61r-62r: Olivi, Pierre Jean, O.F.M., c. 1248-1298 De sacramentorum causalitate ( fragmentum ).",https://digi.vatlib.it/mss/detail/Borgh.173,https://digi.vatlib.it/view/MSS_Borgh.173,8.5
Borgh.199,fragmentum,7.0,General Data,1) 187r-v: Fragmentum Ordinarii Missae.,https://digi.vatlib.it/mss/detail/Borgh.199,https://digi.vatlib.it/view/MSS_Borgh.199,8.5
Borgh.203,fragmentum,7.0,General Data,1) 5r(1): < Fragmentum > 2) 5r(2): < Fragmentum > 3) 205r: < Fragmentum >,https://digi.vatlib.it/mss/detail/Borgh.203,https://digi.vatlib.it/view/MSS_Borgh.203,8.5
Borgh.237,fragmentum,7.0,General Data,"1) 1r-222r: Papi (1227-1241 : Gregorius IX) Decretales Gregorii IX cum Bernardi Parmensis de Botoni Glossa ordinaria, et fragmentum cuiusdam epistulae. 2) 222r: Folium 222 est schedula continens fragmentum cuiusdam epistolae, perscriptae manu saec. XV, qua respondetur ad litteras: «[...] super recuperandis sclavis» et reicitur ad alias litteras insinuantes quod «sclavorum ipsorum liberatio facta fuit indubie si etiam effectu non completa».",https://digi.vatlib.it/mss/detail/Borgh.237,https://digi.vatlib.it/view/MSS_Borgh.237,7.0
Borgh.247,fragmentum,7.0,General Data,"1) 2r-v: Quaestionis de formalitatibus fragmentum alterum (v. ff. 12v, 1r). 2) 2v: Quaestionis de veritate fragmentum alterum (v. f. 1r-v). 3) 247r-v: Iacobus Metensis, O.P., f. 1295-1309 In Sententiarum lib. II commentarii q. 1 ( fragmentum ).",https://digi.vatlib.it/mss/detail/Borgh.247,https://digi.vatlib.it/view/MSS_Borgh.247,7.0
Borgh.258,fragmentum,7.0,General Data,"1) 1r-116v: Iohannes Andreae, c.1270-1348 Iohannis Andreae Glossa ordinaria in librum Sextum decretalium.",https://digi.vatlib.it/mss/detail/Borgh.258,https://digi.vatlib.it/view/MSS_Borgh.258,8.5
Borgh.266,fragmentum,7.0,General Data,1) 94r-105v: Processus et formae varia ad modum Formularii collecta ( fragmentum ).,https://digi.vatlib.it/mss/detail/Borgh.266,https://digi.vatlib.it/view/MSS_Borgh.266,8.5
Borgh.341,fragmentum,7.0,General Data,1) 196r: Fragmentum (alicuius sermonis?) lineis 2 constans.,https://digi.vatlib.it/mss/detail/Borgh.341,https://digi.vatlib.it/view/MSS_Borgh.341,8.5
Borgh.364.pt.A,fragmentum,7.0,General Data,1) 400r-v: Fragmentum gradualis cum notis musicae.,https://digi.vatlib.it/mss/detail/Borgh.364.pt.A,https://digi.vatlib.it/view/MSS_Borgh.364.pt.A,8.5
Capp.Sist.473,fragmentum,7.0,General Data,"1) 22v-26r: Palestrina, Giovanni Pierluigi da, c. 1525-1594",https://digi.vatlib.it/mss/detail/Capp.Sist.473,https://digi.vatlib.it/view/MSS_Capp.Sist.473,8.5
Cappon.206,fragmentum,7.0,General Data,"1) 15v: De septem viciis capitalibus, fragmentum",https://digi.vatlib.it/mss/detail/Cappon.206,https://digi.vatlib.it/view/MSS_Cappon.206,8.5
Chig.I.VII.251,fragmentum,7.0,General Data,"1) 97r-107r, 238v-239v: Pius PP. II, 1405-1464 Citatio Georgii Podiebrad regis Bohemiae 2) 201r-202r: Pius PP. II, 1405-1464 Fragmentum historicum de Venetis 3) 243r-254v: Pius PP. II, 1405-1464 Fragmentum historicum de rebus Venetis 4) 263r-264v: Pius PP. II, 1405-1464 Fragmentum historicum de Iohanne V comite de Armagnac",https://digi.vatlib.it/mss/detail/Chig.I.VII.251,https://digi.vatlib.it/view/MSS_Chig.I.VII.251,7.0
Chig.R.VI.39,fragmentum,7.0,General Data,Low Quality 1) 217r-218v: Fragmentum ex codice liturgico,https://digi.vatlib.it/mss/detail/Chig.R.VI.39,https://digi.vatlib.it/view/MSS_Chig.R.VI.39,8.5
Chig.R.VI.42,fragmentum,7.0,General Data,"Low Quality 1) 89v-90v: Antipho Rhamnusius, c. 480-411 a.C. Accusatio veneficii contra novercam ( fragmentum )",https://digi.vatlib.it/mss/detail/Chig.R.VI.42,https://digi.vatlib.it/view/MSS_Chig.R.VI.42,8.5
Ott.gr.12.pt.1,fragmentum,7.0,General Data,"1) 1r-4v: Severus Antiochenus, patriarca di Antiochia, ca. 465-538 Sermo de Paschate.",https://digi.vatlib.it/mss/detail/Ott.gr.12.pt.1,https://digi.vatlib.it/view/MSS_Ott.gr.12.pt.1,8.5
Ott.gr.67,fragmentum,7.0,General Data,1) 208r-333v: ΝΙΚΗΦΟΡΟΥ Γρηγορᾶ τῆς ῥωμαϊκῆς σύνταξις ἱστορίας,https://digi.vatlib.it/mss/detail/Ott.gr.67,https://digi.vatlib.it/view/MSS_Ott.gr.67,8.5
Ott.gr.75,fragmentum,7.0,General Data,1) 174r: Fragmentum,https://digi.vatlib.it/mss/detail/Ott.gr.75,https://digi.vatlib.it/view/MSS_Ott.gr.75,8.5
Ott.gr.76,fragmentum,7.0,General Data,1) 219r-256r: ΑΛΕΞΑΝΔΡΟΥ Ἀφροδησέως εἰς τὸ πρῶτον τῶν προτέρων ἀναλυτικῶν,https://digi.vatlib.it/mss/detail/Ott.gr.76,https://digi.vatlib.it/view/MSS_Ott.gr.76,8.5
Ott.gr.85,fragmentum,7.0,General Data,"1) 1r-v: Leontius Constantinopolitanus, sec. VII In nativitatem Christi 2) 61r-v: Iohannes Chrysostomus, s., patriarca di Costantinopoli, 347-407 De baptismo Christi 3) 230r-v: Gregorius Nazianzenus, s., c. 330-390 In sanctum Pascha et in tarditatem 4) 231r-234v: Gregorius Nazianzenus, s., c. 330-390 In sanctum Pascha",https://digi.vatlib.it/mss/detail/Ott.gr.85,https://digi.vatlib.it/view/MSS_Ott.gr.85,7.0
Ott.gr.177,fragmentum,7.0,General Data,1) sec. XVI,https://digi.vatlib.it/mss/detail/Ott.gr.177,https://digi.vatlib.it/view/MSS_Ott.gr.177,8.5
Ott.gr.339,fragmentum,7.0,General Data,1) 156r-v: Fragmentum symboli S. Athanasii. 2) 255r-v: Ἰω. μοναχοῦ δαμασκηνοῦ ὀρθοδόξου πίστεως,https://digi.vatlib.it/mss/detail/Ott.gr.339,https://digi.vatlib.it/view/MSS_Ott.gr.339,8.5
Arch.Bibl.11,inedito,7.0,Bibliographic References:,"Bibliographic References: 1) Cardinali, Giacomo, sac., 1977- Gabriele Faerno, filologo gourmand. Con un’appendice delle sue lettere a Piero Vettori, nove suoi nuovi postillati e un inedito a stampa, 2021",https://digi.vatlib.it/mss/detail/Arch.Bibl.11,https://digi.vatlib.it/view/MSS_Arch.Bibl.11,3.85
Arch.Cap.S.Pietro.A.1,inedito,7.0,Bibliographic References:,"Bibliographic References: 1) Cardinali, Giacomo, sac., 1977- Gabriele Faerno, filologo gourmand. Con un’appendice delle sue lettere a Piero Vettori, nove suoi nuovi postillati e un inedito a stampa, 2021",https://digi.vatlib.it/mss/detail/Arch.Cap.S.Pietro.A.1,https://digi.vatlib.it/view/MSS_Arch.Cap.S.Pietro.A.1,3.85
Arch.Cap.S.Pietro.H.2,inedito,7.0,Bibliographic References:,"Bibliographic References: 1) Balboni, Dante, sac., 1917-2004 La Cattedra lignea di S. Pietro in Vaticano. La «cattedra di S. Pietro» in un testo inedito di Giacomo Grimaldi, In Memorie della Pontificia Accademia Romana di Archeologia 1971",https://digi.vatlib.it/mss/detail/Arch.Cap.S.Pietro.H.2,https://digi.vatlib.it/view/MSS_Arch.Cap.S.Pietro.H.2,3.85
Arch.Cap.S.Pietro.H.19,inedito,7.0,Bibliographic References:,"Bibliographic References: 1) Cardinali, Giacomo, sac., 1977- Gabriele Faerno, filologo gourmand. Con un’appendice delle sue lettere a Piero Vettori, nove suoi nuovi postillati e un inedito a stampa, 2021",https://digi.vatlib.it/mss/detail/Arch.Cap.S.Pietro.H.19,https://digi.vatlib.it/view/MSS_Arch.Cap.S.Pietro.H.19,3.85
Arch.Cap.S.Pietro.H.25,inedito,7.0,Bibliographic References:,"Bibliographic References: 1) Cardinali, Giacomo, sac., 1977- Gabriele Faerno, filologo gourmand. Con un’appendice delle sue lettere a Piero Vettori, nove suoi nuovi postillati e un inedito a stampa, 2021",https://digi.vatlib.it/mss/detail/Arch.Cap.S.Pietro.H.25,https://digi.vatlib.it/view/MSS_Arch.Cap.S.Pietro.H.25,3.85
Barb.gr.70,inedito,7.0,Bibliographic References:,"Bibliographic References: 1) Palmieri, V. Anonimo ""Excerptum Casanatense"" sinonimico inedito , In Bollettino dei Classici 1984",https://digi.vatlib.it/mss/detail/Barb.gr.70,https://digi.vatlib.it/view/MSS_Barb.gr.70,5.35
Barb.gr.123,inedito,7.0,Bibliographic References:,"Bibliographic References: 1) Portuese, Orazio Per la storia della tradizione degli Epigrammata Bobiensia: con una disamina delle carte Campana e un testimone inedito , Storia e letteratura: raccolta di studi e testi 2017.",https://digi.vatlib.it/mss/detail/Barb.gr.123,https://digi.vatlib.it/view/MSS_Barb.gr.123,3.85
Barb.gr.202,inedito,7.0,Bibliographic References:,"Bibliographic References: 1) Gaspari, Anna Un dialogo inedito sul taglio della barba copiato da Nicola Sofanòs?, In Le livre manuscrit grec: écriture, materiaux, histoire. Actes du IXe Colloque international de Paléographie grecque (Paris, 10-15 septembre 2018), édités par Marie Cronier et Brigitte Mondrain, 2020",https://digi.vatlib.it/mss/detail/Barb.gr.202,https://digi.vatlib.it/view/MSS_Barb.gr.202,3.85
Barb.gr.240,inedito,7.0,Bibliographic References:,"Bibliographic References: 1) Pignani, Adriana Frammento inedito di un encomio bizantino per l'Imperatore, In Atti dell’Accademia Pontaniana 1978 2) Amato, Eugenio L’ inedito ΠΡΟΣ ΒΑΣΙΔΕΑ di Temisto, In Byzantinische Zeitschrift 2006",https://digi.vatlib.it/mss/detail/Barb.gr.240,https://digi.vatlib.it/view/MSS_Barb.gr.240,3.85
Barb.gr.262,inedito,7.0,Bibliographic References:,"Bibliographic References: 1) Gaspari, Anna Un dialogo inedito sul taglio della barba copiato da Nicola Sofanòs?, In Le livre manuscrit grec: écriture, materiaux, histoire. Actes du IXe Colloque international de Paléographie grecque (Paris, 10-15 septembre 2018), édités par Marie Cronier et Brigitte Mondrain, 2020",https://digi.vatlib.it/mss/detail/Barb.gr.262,https://digi.vatlib.it/view/MSS_Barb.gr.262,3.85
Barb.lat.338,inedito,7.0,Bibliographic References:,"Bibliographic References: 1) Rinaldi, Michele 1906- Per gli studi astrologici del Pontano: un autografo inedito e quattro frammenti di traduzione dal greco nel Codice Ambrosiano G.109 inf., ff. 30r - 32v, In Atti dell’Accademia Pontaniana 2001",https://digi.vatlib.it/mss/detail/Barb.lat.338,https://digi.vatlib.it/view/MSS_Barb.lat.338,3.85
Barb.lat.791,inedito,7.0,Bibliographic References:,"Bibliographic References: 1) Mariani, Nazzareno, O.F.M. Sermone inedito di Francesco della Marca, In Archivum franciscanum historicum 2006",https://digi.vatlib.it/mss/detail/Barb.lat.791,https://digi.vatlib.it/view/MSS_Barb.lat.791,5.35
Barb.lat.1462,inedito,7.0,Bibliographic References:,"Bibliographic References: 1) Bellomo, Manlio Cino edito e inedito in un manoscritto chigiano, In Quaderni catanesi di studi classici e medievali 1982",https://digi.vatlib.it/mss/detail/Barb.lat.1462,https://digi.vatlib.it/view/MSS_Barb.lat.1462,5.35
Barb.lat.1809,inedito,7.0,Bibliographic References:,"Bibliographic References: 1) Tramontana, Alessandra Un inedito epigramma di Giovanni Marrasio per Girolamo Forti, In Studi Medievali e Umanistici 2007",https://digi.vatlib.it/mss/detail/Barb.lat.1809,https://digi.vatlib.it/view/MSS_Barb.lat.1809,5.35
Barb.lat.1994,inedito,7.0,Bibliographic References:,"Bibliographic References: 1) Wand, Augustine C., S.I., n. 1883 La chiesa di S. Antonio abbate sull'Esquilino secondo un documento inedito del Seicento, In Rivista di archeologia cristiana",https://digi.vatlib.it/mss/detail/Barb.lat.1994,https://digi.vatlib.it/view/MSS_Barb.lat.1994,3.85
Barb.lat.2020,inedito,7.0,Bibliographic References:,"Bibliographic References: 1) Lanciani, Rodolfo (Rodolfo Amedeo), 1845-1929 Di un frammento inedito della pianta di Roma antica riferibile alla regione VII, In Bullettino della Commissione archeologica comunale di Roma",https://digi.vatlib.it/mss/detail/Barb.lat.2020,https://digi.vatlib.it/view/MSS_Barb.lat.2020,3.85
Barb.lat.2098,inedito,7.0,Bibliographic References:,"Bibliographic References: 1) Buonocore, Marco, 1954-2022 Un testimone inedito (o quasi) della silloge epigrafica di Giocondo, In Est enim ille flos Italiae...: vita economica e sociale nella Cisalpina romana. Atti delle giornate di studi in onore di Ezio Buchi (Verona, 30 novembre-1 dicembre 2006), 2008.",https://digi.vatlib.it/mss/detail/Barb.lat.2098,https://digi.vatlib.it/view/MSS_Barb.lat.2098,3.85
Barb.lat.2160,inedito,7.0,Bibliographic References:,"Bibliographic References: 1) Wand, Augustine C., S.I., n. 1883 La chiesa di S. Antonio abbate sull'Esquilino secondo un documento inedito del Seicento, In Rivista di archeologia cristiana",https://digi.vatlib.it/mss/detail/Barb.lat.2160,https://digi.vatlib.it/view/MSS_Barb.lat.2160,3.85
Barb.lat.2548,inedito,7.0,Bibliographic References:,"Bibliographic References: 1) Motta, Uberto Un testo inedito di Antonio Querenghi: Omero, Platone e le imprese accademiche degli amici padovani, In Aevum. Rassegna di scienze storiche, linguistiche e filologiche 1994",https://digi.vatlib.it/mss/detail/Barb.lat.2548,https://digi.vatlib.it/view/MSS_Barb.lat.2548,3.85
Barb.lat.2724,inedito,7.0,Bibliographic References:,"Bibliographic References: 1) Avagliano, Faustino In margine all'edizione del ""Chronicon Vulturnense"" del Federici. Da un carteggio inedito del Federici col Duca Enrico Catemario, In Una grande abbazia altomedievale nel Molise: San Vincenzo al Volturno. Atti del I Convegno di studi sul Medioevomeridionale (Venafro-S. Vincenzo al Volturno, 19-22 maggio 1982), 1985",https://digi.vatlib.it/mss/detail/Barb.lat.2724,https://digi.vatlib.it/view/MSS_Barb.lat.2724,3.85
Barb.lat.2799,inedito,7.0,Bibliographic References:,"Low Quality Bibliographic References: 1) Coste, Jean, S.M., 1926-1994 Un diario inedito degli anni 1519-1524, In Lunario romano 1980",https://digi.vatlib.it/mss/detail/Barb.lat.2799,https://digi.vatlib.it/view/MSS_Barb.lat.2799,5.35
Barb.lat.3185,inedito,7.0,Bibliographic References:,"Low Quality Bibliographic References: 1) Cardinali, Giacomo, sac., 1977- Un inventario inedito di codici greci della Medicea privata e una notizia sul Carteromaco, In Miscellanea Bibliothecae Apostolicae Vaticanae XIX (Studi e testi, 474), 2012",https://digi.vatlib.it/mss/detail/Barb.lat.3185,https://digi.vatlib.it/view/MSS_Barb.lat.3185,3.85
Barb.lat.3917,inedito,7.0,Bibliographic References:,"Low Quality Bibliographic References: 1) Carboni, Fabio Un serventese inedito del Saviozzo, In Studj romanzi 1981",https://digi.vatlib.it/mss/detail/Barb.lat.3917,https://digi.vatlib.it/view/MSS_Barb.lat.3917,5.35
Barb.lat.3953,inedito,7.0,Bibliographic References:,"Bibliographic References: 1) Corti Maria Stefano Protonotaro e Santorre Debenedetti. Un incontro edito e uno inedito , In Medioevo romanzo 1978",https://digi.vatlib.it/mss/detail/Barb.lat.3953,https://digi.vatlib.it/view/MSS_Barb.lat.3953,5.35
Barb.lat.4000,inedito,7.0,Bibliographic References:,"Low Quality Bibliographic References: 1) Carboni, Fabio Un serventese inedito del Saviozzo, In Studj romanzi 1981",https://digi.vatlib.it/mss/detail/Barb.lat.4000,https://digi.vatlib.it/view/MSS_Barb.lat.4000,5.35
Barb.lat.4047,inedito,7.0,Bibliographic References:,"Low Quality Bibliographic References: 1) Carboni, Fabio Un serventese inedito del Saviozzo, In Studj romanzi 1981",https://digi.vatlib.it/mss/detail/Barb.lat.4047,https://digi.vatlib.it/view/MSS_Barb.lat.4047,5.35
Barb.lat.4402,inedito,7.0,Bibliographic References:,"Low Quality Bibliographic References: 1) Wand, Augustine C., S.I., n. 1883 La chiesa di S. Antonio abbate sull'Esquilino secondo un documento inedito del Seicento, In Rivista di archeologia cristiana",https://digi.vatlib.it/mss/detail/Barb.lat.4402,https://digi.vatlib.it/view/MSS_Barb.lat.4402,3.85
Borg.lat.336,inedito,7.0,Bibliographic References:,"Low Quality Bibliographic References: 1) Buonocore, Marco, 1954-2022 Un testimone inedito (o quasi) della silloge epigrafica di Giocondo, In Est enim ille flos Italiae...: vita economica e sociale nella Cisalpina romana. Atti delle giornate di studi in onore di Ezio Buchi (Verona, 30 novembre-1 dicembre 2006), 2008.",https://digi.vatlib.it/mss/detail/Borg.lat.336,https://digi.vatlib.it/view/MSS_Borg.lat.336,3.85
Borgh.224,inedito,7.0,Bibliographic References:,"Bibliographic References: 1) Bellomo, Manlio Consulenze professionali e dottrine di professori. un inedito ""consilium domini Accursii"", In Quaderni catanesi di studi classici e medievali 1982",https://digi.vatlib.it/mss/detail/Borgh.224,https://digi.vatlib.it/view/MSS_Borgh.224,3.85
Borgh.351,inedito,7.0,Bibliographic References:,"Bibliographic References: 1) Bistoni Grilli Cicilioni, Maria Grazia Un inedito del Vaticano in difesa di Giovanni XXII sulla povertà evangelica (ms. Borghese 351), In Archivum franciscanum historicum 1988",https://digi.vatlib.it/mss/detail/Borgh.351,https://digi.vatlib.it/view/MSS_Borgh.351,3.85
Borgh.374,inedito,7.0,Bibliographic References:,"Bibliographic References: 1) Bellomo, Manlio «Notarius in un suo officio delinquens». Ricerca su un testo inedito di Guillaume de Ferrières e Bertrand de Déaux, In Siculorum Gymnasium",https://digi.vatlib.it/mss/detail/Borgh.374,https://digi.vatlib.it/view/MSS_Borgh.374,3.85
Capp.Sist.469,inedito,7.0,General Data,"1) Giovanni Pierluigi da Palestrina, messa Papae Marcelli, in tre riduzioni di vari autori. sec. XIX",https://digi.vatlib.it/mss/detail/Capp.Sist.469,https://digi.vatlib.it/view/MSS_Capp.Sist.469,8.5
Cappon.3,inedito,7.0,Bibliographic References:,"Bibliographic References: 1) Gualdoni, Flaminio Dal «De supplicationibus malis» al «De religionibus et caeremoniis»: vicende di un testo inedito di Angelo Decembrio, In Italia medioevale e umanistica 2000",https://digi.vatlib.it/mss/detail/Cappon.3,https://digi.vatlib.it/view/MSS_Cappon.3,3.85
Cappon.51,inedito,7.0,General Data,"1) 1r-78v: Cicero, Marcus Tullius, 106-43 a.C. <De officiis, traduzione in volgare>",https://digi.vatlib.it/mss/detail/Cappon.51,https://digi.vatlib.it/view/MSS_Cappon.51,8.5
Cappon.56,inedito,7.0,Bibliographic References:,"Bibliographic References: 1) De Simone, Giulia Un esempio inedito di collezionismo nella Roma del Settecento. Il Cappon. 227 della Biblioteca Apostolica Vaticana e le sue miniature In The Vatican Library Review",https://digi.vatlib.it/mss/detail/Cappon.56,https://digi.vatlib.it/view/MSS_Cappon.56,3.85
Cappon.107.pt.1,inedito,7.0,Bibliographic References:,"Low Quality Bibliographic References: 1) Ridolfi, Roberto, f. 1931-1933 Contributi all'epistolario machiavelliano. La lettera del Vettori del 16 aprile 1523 nel testo dell'originale inedito , In Bibliofilia. Rivista di storia del libro e di bibliografia 2) Marchand, Jean-Jacques Contributi all'epistolario machiavelliano. La lettera al Vettori del 10 dicembre 1514 nel testo originale inedito , In Bibliofilia. Rivista di storia del libro e di bibliografia",https://digi.vatlib.it/mss/detail/Cappon.107.pt.1,https://digi.vatlib.it/view/MSS_Cappon.107.pt.1,3.85
Cappon.107.pt.2,inedito,7.0,Bibliographic References:,"Bibliographic References: 1) Ridolfi, Roberto, f. 1931-1933 Contributi all'epistolario machiavelliano. La lettera del Vettori del 16 aprile 1523 nel testo dell'originale inedito , In Bibliofilia. Rivista di storia del libro e di bibliografia 2) Marchand, Jean-Jacques Contributi all'epistolario machiavelliano. La lettera al Vettori del 10 dicembre 1514 nel testo originale inedito , In Bibliofilia. Rivista di storia del libro e di bibliografia",https://digi.vatlib.it/mss/detail/Cappon.107.pt.2,https://digi.vatlib.it/view/MSS_Cappon.107.pt.2,3.85
Cappon.112,inedito,7.0,Bibliographic References:,"Bibliographic References: 1) De Simone, Giulia Un esempio inedito di collezionismo nella Roma del Settecento. Il Cappon. 227 della Biblioteca Apostolica Vaticana e le sue miniature In The Vatican Library Review",https://digi.vatlib.it/mss/detail/Cappon.112,https://digi.vatlib.it/view/MSS_Cappon.112,3.85
Cappon.138,inedito,7.0,General Data,"1) p. 109-189: Campanella, Tommaso, O.P., 1568-1639 <La Monarchia del Messia>",https://digi.vatlib.it/mss/detail/Cappon.138,https://digi.vatlib.it/view/MSS_Cappon.138,8.5
Cappon.139,inedito,7.0,General Data,1) Aetna travolta Sec. XVI,https://digi.vatlib.it/mss/detail/Cappon.139,https://digi.vatlib.it/view/MSS_Cappon.139,8.5
Cappon.144,inedito,7.0,Bibliographic References:,"Bibliographic References: 1) Piolanti, Antonio, sac., 1911- Le lacrime di Maria per i suoi figli adottivi in un testo inedito di Girolamo Ghetti da Roma, In Divinitas",https://digi.vatlib.it/mss/detail/Cappon.144,https://digi.vatlib.it/view/MSS_Cappon.144,5.35
Cappon.182,inedito,7.0,Bibliographic References:,"Bibliographic References: 1) De Simone, Giulia Un esempio inedito di collezionismo nella Roma del Settecento. Il Cappon. 227 della Biblioteca Apostolica Vaticana e le sue miniature In The Vatican Library Review",https://digi.vatlib.it/mss/detail/Cappon.182,https://digi.vatlib.it/view/MSS_Cappon.182,3.85
Cappon.208,inedito,7.0,Bibliographic References:,"Bibliographic References: 1) De Simone, Giulia Un esempio inedito di collezionismo nella Roma del Settecento. Il Cappon. 227 della Biblioteca Apostolica Vaticana e le sue miniature In The Vatican Library Review",https://digi.vatlib.it/mss/detail/Cappon.208,https://digi.vatlib.it/view/MSS_Cappon.208,3.85
Cappon.209,inedito,7.0,Bibliographic References:,"Bibliographic References: 1) De Simone, Giulia Un esempio inedito di collezionismo nella Roma del Settecento. Il Cappon. 227 della Biblioteca Apostolica Vaticana e le sue miniature In The Vatican Library Review",https://digi.vatlib.it/mss/detail/Cappon.209,https://digi.vatlib.it/view/MSS_Cappon.209,3.85
Cappon.224,inedito,7.0,Bibliographic References:,"Bibliographic References: 1) De Simone, Giulia Un esempio inedito di collezionismo nella Roma del Settecento. Il Cappon. 227 della Biblioteca Apostolica Vaticana e le sue miniature In The Vatican Library Review",https://digi.vatlib.it/mss/detail/Cappon.224,https://digi.vatlib.it/view/MSS_Cappon.224,3.85
Cappon.225,inedito,7.0,Bibliographic References:,"Bibliographic References: 1) De Simone, Giulia Un esempio inedito di collezionismo nella Roma del Settecento. Il Cappon. 227 della Biblioteca Apostolica Vaticana e le sue miniature In The Vatican Library Review",https://digi.vatlib.it/mss/detail/Cappon.225,https://digi.vatlib.it/view/MSS_Cappon.225,3.85
Cappon.227,inedito,7.0,Bibliographic References:,"Bibliographic References: 1) De Simone, Giulia Un esempio inedito di collezionismo nella Roma del Settecento. Il Cappon. 227 della Biblioteca Apostolica Vaticana e le sue miniature In The Vatican Library Review",https://digi.vatlib.it/mss/detail/Cappon.227,https://digi.vatlib.it/view/MSS_Cappon.227,3.85
Cappon.228,inedito,7.0,Bibliographic References:,"Bibliographic References: 1) De Simone, Giulia Un esempio inedito di collezionismo nella Roma del Settecento. Il Cappon. 227 della Biblioteca Apostolica Vaticana e le sue miniature In The Vatican Library Review",https://digi.vatlib.it/mss/detail/Cappon.228,https://digi.vatlib.it/view/MSS_Cappon.228,3.85
Cappon.229,inedito,7.0,Bibliographic References:,"Bibliographic References: 1) De Simone, Giulia Un esempio inedito di collezionismo nella Roma del Settecento. Il Cappon. 227 della Biblioteca Apostolica Vaticana e le sue miniature In The Vatican Library Review",https://digi.vatlib.it/mss/detail/Cappon.229,https://digi.vatlib.it/view/MSS_Cappon.229,3.85
Cappon.230,inedito,7.0,Bibliographic References:,"Bibliographic References: 1) De Simone, Giulia Un esempio inedito di collezionismo nella Roma del Settecento. Il Cappon. 227 della Biblioteca Apostolica Vaticana e le sue miniature In The Vatican Library Review",https://digi.vatlib.it/mss/detail/Cappon.230,https://digi.vatlib.it/view/MSS_Cappon.230,3.85
Cappon.236,inedito,7.0,Bibliographic References:,"Bibliographic References: 1) De Simone, Giulia Un esempio inedito di collezionismo nella Roma del Settecento. Il Cappon. 227 della Biblioteca Apostolica Vaticana e le sue miniature In The Vatican Library Review",https://digi.vatlib.it/mss/detail/Cappon.236,https://digi.vatlib.it/view/MSS_Cappon.236,3.85
Cappon.279,inedito,7.0,Bibliographic References:,"Low Quality Bibliographic References: 1) De Simone, Giulia Un esempio inedito di collezionismo nella Roma del Settecento. Il Cappon. 227 della Biblioteca Apostolica Vaticana e le sue miniature In The Vatican Library Review",https://digi.vatlib.it/mss/detail/Cappon.279,https://digi.vatlib.it/view/MSS_Cappon.279,3.85
Cappon.280.pt.1,inedito,7.0,Bibliographic References:,"Bibliographic References: 1) De Simone, Giulia Un esempio inedito di collezionismo nella Roma del Settecento. Il Cappon. 227 della Biblioteca Apostolica Vaticana e le sue miniature In The Vatican Library Review",https://digi.vatlib.it/mss/detail/Cappon.280.pt.1,https://digi.vatlib.it/view/MSS_Cappon.280.pt.1,3.85
Cappon.280.pt.2,inedito,7.0,Bibliographic References:,"Bibliographic References: 1) De Simone, Giulia Un esempio inedito di collezionismo nella Roma del Settecento. Il Cappon. 227 della Biblioteca Apostolica Vaticana e le sue miniature In The Vatican Library Review",https://digi.vatlib.it/mss/detail/Cappon.280.pt.2,https://digi.vatlib.it/view/MSS_Cappon.280.pt.2,3.85
Cappon.283.pt.1,inedito,7.0,General Data,"1) 117r-118r: Bruni, Filippo, Sch.P. (d.S.P.) f. 1745-1763 <Lettera di Filippo Bruni con notizie su un manoscritto con un inedito di Cecco di Ascoli>",https://digi.vatlib.it/mss/detail/Cappon.283.pt.1,https://digi.vatlib.it/view/MSS_Cappon.283.pt.1,8.5
Cappon.284,inedito,7.0,Bibliographic References:,"Bibliographic References: 1) De Simone, Giulia Un esempio inedito di collezionismo nella Roma del Settecento. Il Cappon. 227 della Biblioteca Apostolica Vaticana e le sue miniature In The Vatican Library Review",https://digi.vatlib.it/mss/detail/Cappon.284,https://digi.vatlib.it/view/MSS_Cappon.284,3.85
Cappon.285,inedito,7.0,Bibliographic References:,"Bibliographic References: 1) De Simone, Giulia Un esempio inedito di collezionismo nella Roma del Settecento. Il Cappon. 227 della Biblioteca Apostolica Vaticana e le sue miniature In The Vatican Library Review",https://digi.vatlib.it/mss/detail/Cappon.285,https://digi.vatlib.it/view/MSS_Cappon.285,3.85
Cappon.289,inedito,7.0,Bibliographic References:,"Bibliographic References: 1) De Simone, Giulia Un esempio inedito di collezionismo nella Roma del Settecento. Il Cappon. 227 della Biblioteca Apostolica Vaticana e le sue miniature In The Vatican Library Review",https://digi.vatlib.it/mss/detail/Cappon.289,https://digi.vatlib.it/view/MSS_Cappon.289,3.85
Cappon.307,inedito,7.0,Bibliographic References:,"Bibliographic References: 1) De Simone, Giulia Un esempio inedito di collezionismo nella Roma del Settecento. Il Cappon. 227 della Biblioteca Apostolica Vaticana e le sue miniature In The Vatican Library Review",https://digi.vatlib.it/mss/detail/Cappon.307,https://digi.vatlib.it/view/MSS_Cappon.307,3.85
Cappon.308,inedito,7.0,Bibliographic References:,"Bibliographic References: 1) De Simone, Giulia Un esempio inedito di collezionismo nella Roma del Settecento. Il Cappon. 227 della Biblioteca Apostolica Vaticana e le sue miniature In The Vatican Library Review",https://digi.vatlib.it/mss/detail/Cappon.308,https://digi.vatlib.it/view/MSS_Cappon.308,3.85
Cappon.309,inedito,7.0,Bibliographic References:,"Bibliographic References: 1) De Simone, Giulia Un esempio inedito di collezionismo nella Roma del Settecento. Il Cappon. 227 della Biblioteca Apostolica Vaticana e le sue miniature In The Vatican Library Review",https://digi.vatlib.it/mss/detail/Cappon.309,https://digi.vatlib.it/view/MSS_Cappon.309,3.85
Cappon.310,inedito,7.0,Bibliographic References:,"Bibliographic References: 1) De Simone, Giulia Un esempio inedito di collezionismo nella Roma del Settecento. Il Cappon. 227 della Biblioteca Apostolica Vaticana e le sue miniature In The Vatican Library Review",https://digi.vatlib.it/mss/detail/Cappon.310,https://digi.vatlib.it/view/MSS_Cappon.310,3.85
Chig.A.I.6,inedito,7.0,Bibliographic References:,"Bibliographic References: 1) Ciampi, Ignazio, 1824-1880 L'epistolario inedito di Fabio Chigi poi papa Alessandro VII, In Memorie della Accademia nazionale dei Lincei. Classe di Scienze Morali, Storiche e Filologiche",https://digi.vatlib.it/mss/detail/Chig.A.I.6,https://digi.vatlib.it/view/MSS_Chig.A.I.6,3.85
Chig.A.I.7,inedito,7.0,Bibliographic References:,"Bibliographic References: 1) Ciampi, Ignazio, 1824-1880 L'epistolario inedito di Fabio Chigi poi papa Alessandro VII, In Memorie della Accademia nazionale dei Lincei. Classe di Scienze Morali, Storiche e Filologiche",https://digi.vatlib.it/mss/detail/Chig.A.I.7,https://digi.vatlib.it/view/MSS_Chig.A.I.7,3.85
Chig.A.I.22,inedito,7.0,Bibliographic References:,"Bibliographic References: 1) Ciampi, Ignazio, 1824-1880 L'epistolario inedito di Fabio Chigi poi papa Alessandro VII, In Memorie della Accademia nazionale dei Lincei. Classe di Scienze Morali, Storiche e Filologiche",https://digi.vatlib.it/mss/detail/Chig.A.I.22,https://digi.vatlib.it/view/MSS_Chig.A.I.22,3.85
Chig.A.II.27,inedito,7.0,Bibliographic References:,"Bibliographic References: 1) Ciampi, Ignazio, 1824-1880 L'epistolario inedito di Fabio Chigi poi papa Alessandro VII, In Memorie della Accademia nazionale dei Lincei. Classe di Scienze Morali, Storiche e Filologiche",https://digi.vatlib.it/mss/detail/Chig.A.II.27,https://digi.vatlib.it/view/MSS_Chig.A.II.27,3.85
Chig.A.II.29,inedito,7.0,Bibliographic References:,"Bibliographic References: 1) Ciampi, Ignazio, 1824-1880 L'epistolario inedito di Fabio Chigi poi papa Alessandro VII, In Memorie della Accademia nazionale dei Lincei. Classe di Scienze Morali, Storiche e Filologiche",https://digi.vatlib.it/mss/detail/Chig.A.II.29,https://digi.vatlib.it/view/MSS_Chig.A.II.29,3.85
Chig.C.V.134,inedito,7.0,Bibliographic References:,"Bibliographic References: 1) Bragança, Joaquim Oliveira Un ritual inèdito de baptismo, In Didaskalia. Revista da Faculdade de Teologia / Lisboa 1973",https://digi.vatlib.it/mss/detail/Chig.C.V.134,https://digi.vatlib.it/view/MSS_Chig.C.V.134,5.35
Chig.I.VII.259,inedito,7.0,Bibliographic References:,"Bibliographic References: 1) Portuese, Orazio Per la storia della tradizione degli Epigrammata Bobiensia: con una disamina delle carte Campana e un testimone inedito , Storia e letteratura: raccolta di studi e testi 2017.",https://digi.vatlib.it/mss/detail/Chig.I.VII.259,https://digi.vatlib.it/view/MSS_Chig.I.VII.259,3.85
Chig.L.IV.121,inedito,7.0,Bibliographic References:,"Low Quality Bibliographic References: 1) Nessi, Silvestro Contributo per una nuova biografia di Iacopone da Todi con un documento inedito del 1259, In Miscellanea Francescana 1979",https://digi.vatlib.it/mss/detail/Chig.L.IV.121,https://digi.vatlib.it/view/MSS_Chig.L.IV.121,5.35
Chig.L.IV.131,inedito,7.0,Bibliographic References:,"Low Quality Bibliographic References: 1) Biancardi, Giovanni Un inedito testo senese del Quattrocento: l’ecloga Hor che gli uccelli fra l’ombrose frondi, In Studi e problemi di critica testuale 1991",https://digi.vatlib.it/mss/detail/Chig.L.IV.131,https://digi.vatlib.it/view/MSS_Chig.L.IV.131,3.85
Chig.L.V.176,inedito,7.0,Bibliographic References:,"Bibliographic References: 1) Coglievina, Leonella Un commento quatrocentesco inedito alla canzone 'Tre donne intorno al cor mi son venute', In Interpres. Rivista di studi quattrocenteschi 1981",https://digi.vatlib.it/mss/detail/Chig.L.V.176,https://digi.vatlib.it/view/MSS_Chig.L.V.176,3.85
Chig.L.VIII.302,inedito,7.0,Bibliographic References:,"Bibliographic References: 1) Caretti, Lanfranco, 1915-1995 Un sonetto inedito attribuibile al Tasso In Studi di filologia italiana",https://digi.vatlib.it/mss/detail/Chig.L.VIII.302,https://digi.vatlib.it/view/MSS_Chig.L.VIII.302,5.35
Chig.L.VIII.305,inedito,7.0,Bibliographic References:,"Bibliographic References: 1) Egidi, Francesco, n. 1879 Un «Trattato d'amore» inedito di Fra Guittone d'Arezzo In Giornale storico della letteratura italiana",https://digi.vatlib.it/mss/detail/Chig.L.VIII.305,https://digi.vatlib.it/view/MSS_Chig.L.VIII.305,5.35
Chig.M.IV.79,inedito,7.0,Bibliographic References:,"Low Quality Bibliographic References: 1) Biancardi, Giovanni Un inedito testo senese del Quattrocento: l’ecloga Hor che gli uccelli fra l’ombrose frondi, In Studi e problemi di critica testuale 1991",https://digi.vatlib.it/mss/detail/Chig.M.IV.79,https://digi.vatlib.it/view/MSS_Chig.M.IV.79,3.85
Ott.gr.24,inedito,7.0,Bibliographic References:,"Bibliographic References: 1) Gaspari, Anna Un dialogo inedito sul taglio della barba copiato da Nicola Sofanòs?, In Le livre manuscrit grec: écriture, materiaux, histoire (Actes du IXe Colloque international de Paléographie grecque, Paris, 10-15 septembre 2018, édités par Marie Cronier et Brigitte Mondrain), 2020",https://digi.vatlib.it/mss/detail/Ott.gr.24,https://digi.vatlib.it/view/MSS_Ott.gr.24,3.85
Ott.gr.344,inedito,7.0,Bibliographic References:,"Bibliographic References: 1) Quaranta, Francesco In difesa dei matrimoni greci e del matutino pasquale. Un testo pugliese inedito del XIII secolo, In Studi sull’Oriente Cristiano 2001",https://digi.vatlib.it/mss/detail/Ott.gr.344,https://digi.vatlib.it/view/MSS_Ott.gr.344,3.85
Ott.lat.66,inedito,7.0,Bibliographic References:,"Bibliographic References: 1) Cardinali, Giacomo, sac., 1977- Gabriele Faerno, filologo gourmand. Con un’appendice delle sue lettere a Piero Vettori, nove suoi nuovi postillati e un inedito a stampa, 2021",https://digi.vatlib.it/mss/detail/Ott.lat.66,https://digi.vatlib.it/view/MSS_Ott.lat.66,3.85
Ott.lat.528,inedito,7.0,Bibliographic References:,"Bibliographic References: 1) Bombi, Barbara I procuratori dell’Ordine Teutonico tra il XIII e il XIV secolo. Studi sopra un inedito rotolo pergamenaceo del Geheimes Staatsarchiv Preussischer Kulturbesitz di Berlino, In Römische Historische Mitteilungen 2002 2) Bombi, Barbara Un inedito memoriale dell'Archivio dei procuratori dell'Ordine Teutonico del principio del XIV secolo, In Quellen und Forschungen aus italienischen Archiven und Bibliotheken 2002",https://digi.vatlib.it/mss/detail/Ott.lat.528,https://digi.vatlib.it/view/MSS_Ott.lat.528,3.85
Ott.lat.542,inedito,7.0,Bibliographic References:,"Bibliographic References: 1) Ugolini, Francesco Alessandro, 1910-1990 Il canzoniere inedito di Cerverí di Girona, In Memorie della Accademia nazionale dei Lincei. Classe di Scienze Morali, Storiche e Filologiche",https://digi.vatlib.it/mss/detail/Ott.lat.542,https://digi.vatlib.it/view/MSS_Ott.lat.542,3.85
Ott.lat.621,inedito,7.0,Bibliographic References:,"Bibliographic References: 1) Cardinali, Giacomo, sac., 1977- Gabriele Faerno, filologo gourmand. Con un’appendice delle sue lettere a Piero Vettori, nove suoi nuovi postillati e un inedito a stampa, 2021",https://digi.vatlib.it/mss/detail/Ott.lat.621,https://digi.vatlib.it/view/MSS_Ott.lat.621,3.85
Ott.lat.845,inedito,7.0,Bibliographic References:,"Bibliographic References: 1) Ugolini, Francesco Alessandro, 1910-1990 Il canzoniere inedito di Cerverí di Girona, In Memorie della Accademia nazionale dei Lincei. Classe di Scienze Morali, Storiche e Filologiche",https://digi.vatlib.it/mss/detail/Ott.lat.845,https://digi.vatlib.it/view/MSS_Ott.lat.845,3.85
Ott.lat.1307,inedito,7.0,Bibliographic References:,"Bibliographic References: 1) Bellomo, Manlio Cino edito ed inedito in un manoscritto chigiano, In Quaderni catanesi di studi classici e medievali 1982",https://digi.vatlib.it/mss/detail/Ott.lat.1307,https://digi.vatlib.it/view/MSS_Ott.lat.1307,5.35
Ott.lat.1438,inedito,7.0,Bibliographic References:,"Bibliographic References: 1) Plaisant, Maria Luisa Un opuscolo inedito di Francesco da Fiano in difesa della poesia In Rinascimento. Rivista dell’Istituto di studi sul Rinascimento",https://digi.vatlib.it/mss/detail/Ott.lat.1438,https://digi.vatlib.it/view/MSS_Ott.lat.1438,3.85
Ott.lat.1463,inedito,7.0,Bibliographic References:,"Low Quality Bibliographic References: 1) Monaci, Ernesto, 1844-1918 Il Barbarossa e Arnaldo da Brescia in Roma secondo un antico poema inedito esistente nella Vaticana, In Archivio della Società romana di storia patria",https://digi.vatlib.it/mss/detail/Ott.lat.1463,https://digi.vatlib.it/view/MSS_Ott.lat.1463,3.85
Ott.lat.1554,inedito,7.0,Bibliographic References:,"Low Quality Bibliographic References: 1) Villar, Milagros El texto inédito de una epístola de Petrarca dirigida a Philippe de Cabassole, In Petrarca, Verona e l’Europa, Atti del Convegno internazionale di studi (Verona, 19-23 sett. 1991), 1997",https://digi.vatlib.it/mss/detail/Ott.lat.1554,https://digi.vatlib.it/view/MSS_Ott.lat.1554,3.85
Ott.lat.1661,inedito,7.0,Bibliographic References:,"Bibliographic References: 1) Gualdoni, Franco Dal «De supplicationibus malis» al «De religionibus et caeremoniis»: vicende di un testo inedito di Angelo Decembrio, In Italia medioevale e umanistica 2000",https://digi.vatlib.it/mss/detail/Ott.lat.1661,https://digi.vatlib.it/view/MSS_Ott.lat.1661,3.85
Ott.lat.1828,inedito,7.0,Bibliographic References:,"Bibliographic References: 1) Gualdo Rosa, Lucia Il Filelfo e i turchi. Un inedito storico dell'Archivio Vaticano, In Annali della Facoltà di lettere e filosofia dell'Università di Napoli 1964-68",https://digi.vatlib.it/mss/detail/Ott.lat.1828,https://digi.vatlib.it/view/MSS_Ott.lat.1828,3.85
Ott.lat.2860,inedito,7.0,Bibliographic References:,"Bibliographic References: 1) Portuese, Orazio Per la storia della tradizione degli Epigrammata Bobiensia: con una disamina delle carte Campana e un testimone inedito , Storia e letteratura: raccolta di studi e testi 2017.",https://digi.vatlib.it/mss/detail/Ott.lat.2860,https://digi.vatlib.it/view/MSS_Ott.lat.2860,3.85
Ott.lat.2967,inedito,7.0,Bibliographic References:,"Bibliographic References: 1) Tedeschi Grisanti, Giovanna I Fanti Scritti di Carrara in un codice inedito di Giovannantonio Dosio, In Atti e memorie della Deputazione di storia patria per le antiche province modenesi 1982",https://digi.vatlib.it/mss/detail/Ott.lat.2967,https://digi.vatlib.it/view/MSS_Ott.lat.2967,3.85
Ott.lat.2992,inedito,7.0,Bibliographic References:,"Bibliographic References: 1) Plaisant, Maria Luisa Un opuscolo inedito di Francesco da Fiano in difesa della poesia In Rinascimento. Rivista dell’Istituto di studi sul Rinascimento",https://digi.vatlib.it/mss/detail/Ott.lat.2992,https://digi.vatlib.it/view/MSS_Ott.lat.2992,3.85
Pal.gr.116,inedito,7.0,Bibliographic References:,"Bibliographic References: 1) Lucà, Santo, 1947- Un inedito γριφος sul calamo? Athon., Protat. 29, f. 257v, In ΕΥΛΟΓΙΑ: sulle orme di André Jacob, 2021. 2) Lucà, Santo, 1947- Un inedito γρϊφος sul calamo? Athon., Protat. 29, f. 257v, In Eulogia: sulle orme di André Jacob, a cura di Roberta Durante, presentazione di Mario Spedicato (Quaderni de L’Idomeneo-Società di storia patria: Sezione di Lecce 50) 2021.",https://digi.vatlib.it/mss/detail/Pal.gr.116,https://digi.vatlib.it/view/MSS_Pal.gr.116,3.85
Pal.gr.126,inedito,7.0,Bibliographic References:,"Bibliographic References: 1) Gaspari, Anna Un dialogo inedito sul taglio della barba copiato da Nicola Sofanòs?, In Le livre manuscrit grec: écriture, materiaux, histoire (Actes du IXe Colloque international de Paléographie grecque, Paris, 10-15 septembre 2018, édités par Marie Cronier et Brigitte Mondrain), 2020",https://digi.vatlib.it/mss/detail/Pal.gr.126,https://digi.vatlib.it/view/MSS_Pal.gr.126,3.85
Pal.gr.141,inedito,7.0,Bibliographic References:,"Bibliographic References: 1) Ferroni, Lorenzo Compendia Planudea: un testimone inedito per la tradizione medievale indiretta del Pastore di Erma, In Res publica litterarum. Studies in the Classical Tradition 2003",https://digi.vatlib.it/mss/detail/Pal.gr.141,https://digi.vatlib.it/view/MSS_Pal.gr.141,3.85
Pal.gr.367,inedito,7.0,Bibliographic References:,"Bibliographic References: 1) Michaelides, Demetrios, 1945-2011 Un lamento inedito sulla caduta di Costantinopoli (Cod. Alexander., Bibl. patr. 30 [361], ff. 149mv-150m), In Byzantinische Zeitschrift 1972 2) Lucà, Santo, 1947- Un inedito γριφος sul calamo? Athon., Protat. 29, f. 257v, In ΕΥΛΟΓΙΑ: sulle orme di André Jacob, 2021.",https://digi.vatlib.it/mss/detail/Pal.gr.367,https://digi.vatlib.it/view/MSS_Pal.gr.367,3.85
Pal.gr.376,inedito,7.0,Bibliographic References:,"Bibliographic References: 1) Lucà, Santo, 1947- Un inedito γρϊφος sul calamo? Athon., Protat. 29, f. 257v, In Eulogia: sulle orme di André Jacob, a cura di Roberta Durante, presentazione di Mario Spedicato (Quaderni de L’Idomeneo-Società di storia patria: Sezione di Lecce 50) 2021.",https://digi.vatlib.it/mss/detail/Pal.gr.376,https://digi.vatlib.it/view/MSS_Pal.gr.376,3.85
Pal.lat.150,inedito,7.0,Bibliographic References:,"Bibliographic References: 1) Vezzoni, Anna Un testimone testuale inedito della versione Palatina del ""Pastore"" di Erma, In Studi classici e orientali 1987",https://digi.vatlib.it/mss/detail/Pal.lat.150,https://digi.vatlib.it/view/MSS_Pal.lat.150,5.35
Pal.lat.762,inedito,7.0,Bibliographic References:,"Bibliographic References: 1) Bellomo, Manlio Consulenze professionali e dottrine di professori. un inedito ""consilium domini Accursii"", In Quaderni catanesi di studi classici e medievali 1982",https://digi.vatlib.it/mss/detail/Pal.lat.762,https://digi.vatlib.it/view/MSS_Pal.lat.762,3.85
Pal.lat.763,inedito,7.0,Bibliographic References:,"Bibliographic References: 1) Bellomo, Manlio Consulenze professionali e dottrine di professori. Un inedito ""consilium domini Accursii"", In Quaderni catanesi di studi classici e medievali 1982",https://digi.vatlib.it/mss/detail/Pal.lat.763,https://digi.vatlib.it/view/MSS_Pal.lat.763,3.85
Pal.lat.1123,inedito,7.0,Bibliographic References:,"Bibliographic References: 1) Gualdoni, Flaminio Dal «De supplicationibus malis» al «De religionibus et caeremoniis»: vicende di un testo inedito di Angelo Decembrio, In Italia medioevale e umanistica 2000",https://digi.vatlib.it/mss/detail/Pal.lat.1123,https://digi.vatlib.it/view/MSS_Pal.lat.1123,3.85
Arch.Cap.S.Pietro.A.29,inedita,7.0,Bibliographic References:,"Bibliographic References: 1) Nicolosi Grassi, Giuseppina Una inedita “Quaestio” di Odofredo in tema di “iurisdictio”, In Quaderni catanesi di studi classici e medievali 1981",https://digi.vatlib.it/mss/detail/Arch.Cap.S.Pietro.A.29,https://digi.vatlib.it/view/MSS_Arch.Cap.S.Pietro.A.29,5.35
Arch.Cap.S.Pietro.D.168,inedita,7.0,Bibliographic References:,"Bibliographic References: 1) Licitra, Vincenzo La razzia di Gadres in una redazione latina inedita In Studi medievali",https://digi.vatlib.it/mss/detail/Arch.Cap.S.Pietro.D.168,https://digi.vatlib.it/view/MSS_Arch.Cap.S.Pietro.D.168,5.35
Arch.Cap.S.Pietro.D.190,inedita,7.0,General Data,"1) 162r-184v: Leo Presbyter, sec. XI <Vita s. Iohannis Chrysostomi>",https://digi.vatlib.it/mss/detail/Arch.Cap.S.Pietro.D.190,https://digi.vatlib.it/view/MSS_Arch.Cap.S.Pietro.D.190,8.5
Arch.Cap.S.Pietro.E.36,inedita,7.0,Bibliographic References:,"Bibliographic References: 1) Licitra, Vincenzo La razzia di Gadres in una redazione latina inedita In Studi medievali 2) Licitra, Vincenzo Una redazione latina inedita dei ""Voti del Pavone"" In Studi medievali",https://digi.vatlib.it/mss/detail/Arch.Cap.S.Pietro.E.36,https://digi.vatlib.it/view/MSS_Arch.Cap.S.Pietro.E.36,3.85
Arch.Cap.S.Pietro.G.58,inedita,7.0,General Data,"1) 4r. 5r: Jacopone da Todi, 1230-1306 <Poesia inedita >",https://digi.vatlib.it/mss/detail/Arch.Cap.S.Pietro.G.58,https://digi.vatlib.it/view/MSS_Arch.Cap.S.Pietro.G.58,8.5
Arch.Cap.S.Pietro.H.49,inedita,7.0,Bibliographic References:,"Bibliographic References: 1) Licitra, Vincenzo La razzia di Gadres in una redazione latina inedita In Studi medievali",https://digi.vatlib.it/mss/detail/Arch.Cap.S.Pietro.H.49,https://digi.vatlib.it/view/MSS_Arch.Cap.S.Pietro.H.49,5.35
Barb.gr.147,inedita,7.0,General Data,"1) 33r-43v: Aristoteles, 384-322 a.C. Opere spurie e dubbie Ἀριστοτέλους. περὶ ζώων· ἰδιότητος: γ̅.",https://digi.vatlib.it/mss/detail/Barb.gr.147,https://digi.vatlib.it/view/MSS_Barb.gr.147,8.5
Barb.gr.220,inedita,7.0,General Data,"1) 471r-477r: Libanius, c. 314-392/393 Epistolarum ecloge.",https://digi.vatlib.it/mss/detail/Barb.gr.220,https://digi.vatlib.it/view/MSS_Barb.gr.220,8.5
Barb.gr.267,inedita,7.0,Bibliographic References:,"Low Quality Bibliographic References: 1) Gaspari, Anna Nuovi materiali per lo studio del copista Camillo Zanetti: il Diofanto ritrovato e una supplica inedita , In Philodōros eumeneias: Miscellanea di studi in ricordo di mons. Paul Canart, a cura di Marco D’Agostino e Luca Pieralli (Littera antiqua 21) 2021.",https://digi.vatlib.it/mss/detail/Barb.gr.267,https://digi.vatlib.it/view/MSS_Barb.gr.267,3.85
Barb.gr.318,inedita,7.0,Bibliographic References:,"Bibliographic References: 1) Chiesa, Paolo Una traduzione inedita di Anastasio Bibliotecario? Le ""vitae"" latine di sant'Anfilochio, In Studi medievali 1987",https://digi.vatlib.it/mss/detail/Barb.gr.318,https://digi.vatlib.it/view/MSS_Barb.gr.318,5.35
Barb.gr.332,inedita,7.0,Bibliographic References:,"Bibliographic References: 1) Lucà, Santo, 1947- La fine inedita del commento di Nilo d'Ancira al Cantico dei Cantici, In Augustinianum 1982",https://digi.vatlib.it/mss/detail/Barb.gr.332,https://digi.vatlib.it/view/MSS_Barb.gr.332,5.35
Barb.gr.354,inedita,7.0,Bibliographic References:,"Bibliographic References: 1) Romano, Roberto Per il testo della LYSIS inedita di Giovanni Grasso, In Bollettino della Badia greca di Grottaferrata 1986",https://digi.vatlib.it/mss/detail/Barb.gr.354,https://digi.vatlib.it/view/MSS_Barb.gr.354,5.35
Barb.gr.520,inedita,7.0,Bibliographic References:,"Bibliographic References: 1) Bentein, Klaas Book Epigrams in Honor of the Church Fathers: Some Inedita from the Eleventh Century, In Greek, Roman and Byzantine Studies 2009",https://digi.vatlib.it/mss/detail/Barb.gr.520,https://digi.vatlib.it/view/MSS_Barb.gr.520,5.35
Barb.lat.42,inedita,7.0,Bibliographic References:,"Bibliographic References: 1) Giannetto, Nella Un'orazione inedita di Bernardo Bembo per Cristoforo Moro, In Atti dell'istituto veneto di scienze, lettere ed arti; classe di scienze morali, lettere ed arti 1981",https://digi.vatlib.it/mss/detail/Barb.lat.42,https://digi.vatlib.it/view/MSS_Barb.lat.42,3.85
Barb.lat.306,inedita,7.0,Bibliographic References:,"Bibliographic References: 1) Mina, G. Veleno e melancolia. Un' inedita testimonianza trecentesca sul tarantismo mediterraneo, In SOMA. Interazioni terapeutiche e antropologia medica 1998",https://digi.vatlib.it/mss/detail/Barb.lat.306,https://digi.vatlib.it/view/MSS_Barb.lat.306,3.85
Barb.lat.399,inedita,7.0,Bibliographic References:,"Bibliographic References: 1) Bandini, Michele, 1964- Un' inedita traduzione latina della Doctrina ad Antiochum ducem pseudo-atanasiana, In Studi classici e orientali 1997",https://digi.vatlib.it/mss/detail/Barb.lat.399,https://digi.vatlib.it/view/MSS_Barb.lat.399,5.35
Barb.lat.878,inedita,7.0,Bibliographic References:,"Bibliographic References: 1) Mercati, Silvio Giuseppe, 1877-1963 Lettera inedita di Giovanni Argiropulo ad Andreolo Giustiniani, In Mélanges d'archéologie et d'histoire de l'École Française de Rome",https://digi.vatlib.it/mss/detail/Barb.lat.878,https://digi.vatlib.it/view/MSS_Barb.lat.878,3.85
Barb.lat.1405,inedita,7.0,General Data,"1) 47v-49v, 51r-58v, 59r, 60r-61r, 61r-71r: Ubaldi, Baldo degli, 1327?-1400 Consilia inedita (47).",https://digi.vatlib.it/mss/detail/Barb.lat.1405,https://digi.vatlib.it/view/MSS_Barb.lat.1405,8.5
Barb.lat.1407,inedita,7.0,General Data,"1) 29r-v: Ubaldi, Francesco degli, n. 1359. Opere spurie e dubbie Consilium de fideicommisso ad pias causas.",https://digi.vatlib.it/mss/detail/Barb.lat.1407,https://digi.vatlib.it/view/MSS_Barb.lat.1407,8.5
Barb.lat.2062,inedita,7.0,Bibliographic References:,"Bibliographic References: 1) Silvagni, Angelo, 1872-1955 La topografia cimiteriale della via Aurelia ed un' inedita epigrafe storica frammentaria del cimitero dei SS. Processo e Martiniano, In Rivista di archeologia cristiana",https://digi.vatlib.it/mss/detail/Barb.lat.2062,https://digi.vatlib.it/view/MSS_Barb.lat.2062,3.85
Barb.lat.2109,inedita,7.0,Bibliographic References:,"Bibliographic References: 1) Gatti, Giuseppe, conte, 1838-1914 Iscrizione greca del monastero di S. Erasmo. Nota inedita del comm. G. B. de Rossi, In Bullettino della Commissione archeologica comunale di Roma",https://digi.vatlib.it/mss/detail/Barb.lat.2109,https://digi.vatlib.it/view/MSS_Barb.lat.2109,3.85
Barb.lat.4076,inedita,7.0,Bibliographic References:,"Bibliographic References: 1) Bertolo, Fabio Massimo L’‘officiolum’ ritrovato di Francesco da Barberino. In margine ad una allegoria figurata inedita della prima metà del Trecento, In Filologia e critica 2006",https://digi.vatlib.it/mss/detail/Barb.lat.4076,https://digi.vatlib.it/view/MSS_Barb.lat.4076,3.85
Barb.lat.4086,inedita,7.0,General Data,"1) 1r-6v: Livius, Titus, 59 a.C.-17 d.C. Ab Urbe condita (Livius, Titus, 59 a.C.-17 d.C.)",https://digi.vatlib.it/mss/detail/Barb.lat.4086,https://digi.vatlib.it/view/MSS_Barb.lat.4086,8.5
Barb.lat.4103,inedita,7.0,Bibliographic References:,"Low Quality Bibliographic References: 1) Di Fonzo, Claudia Dalla terza redazione inedita dell’“Ottimo Commento”: il canto della fortuna. Edizione critica e diegesi redazionale, In Medioevo e Rinascimento 1999",https://digi.vatlib.it/mss/detail/Barb.lat.4103,https://digi.vatlib.it/view/MSS_Barb.lat.4103,3.85
Borg.ar.165,inedita,7.0,Bibliographic References:,"Low Quality Bibliographic References: 1) Hermosilla Llisterri, M.J. Una versión inédita del ""Kitāb bad' al-jalq wa-qisas al-anbiyā"" en el ms. LXIII de la Junta, In al-Qantara 1985",https://digi.vatlib.it/mss/detail/Borg.ar.165,https://digi.vatlib.it/view/MSS_Borg.ar.165,5.35
Borg.lat.144,inedita,7.0,Bibliographic References:,"Low Quality Bibliographic References: 1) Lomagistro, Barbara L’alfabeto latino nella Slavia meridionale: una testimonianza inedita , In Orientalia Christiana Periodica 2002",https://digi.vatlib.it/mss/detail/Borg.lat.144,https://digi.vatlib.it/view/MSS_Borg.lat.144,5.35
Borg.lat.482,inedita,7.0,Bibliographic References:,"Low Quality Bibliographic References: 1) Lomagistro, Barbara L’alfabeto latino nella Slavia meridionale: una testimonianza inedita , In Orientalia Christiana Periodica 2002",https://digi.vatlib.it/mss/detail/Borg.lat.482,https://digi.vatlib.it/view/MSS_Borg.lat.482,5.35
Borg.lat.747,inedita,7.0,Bibliographic References:,"Low Quality Bibliographic References: 1) Lomagistro, Barbara L’alfabeto latino nella Slavia meridionale: una testimonianza inedita , In Orientalia Christiana Periodica 2002",https://digi.vatlib.it/mss/detail/Borg.lat.747,https://digi.vatlib.it/view/MSS_Borg.lat.747,5.35
Borgh.39,inedita,7.0,Bibliographic References:,"Bibliographic References: 1) Marcuzzi, Pier Giorgio Una soluzione teologico-giuridica al problema dell'usura in una questione «de quodlibet» inedita di Guido Terreni (1260-1342), In Salesianum",https://digi.vatlib.it/mss/detail/Borgh.39,https://digi.vatlib.it/view/MSS_Borgh.39,3.85
Borgh.170,inedita,7.0,General Data,"1) 37v-38v: Philippus Tripolitanus, f. 1243 Epistula nuncupatoria ad Guidonem de Valencia, praemissa versioni latinae Libri de regimine dominorum, pseudo-Aristotele auctore.",https://digi.vatlib.it/mss/detail/Borgh.170,https://digi.vatlib.it/view/MSS_Borgh.170,8.5
Borgh.315,inedita,7.0,Bibliographic References:,"Bibliographic References: 1) Cannizzo, Giuseppina Un' inedita «quaestio disputata» sull'intelletto agente e la conoscenza intellettiva diretta del singolare, In Rivista di Filosofia Neo-Scolastica",https://digi.vatlib.it/mss/detail/Borgh.315,https://digi.vatlib.it/view/MSS_Borgh.315,3.85
Borgh.329,inedita,7.0,Bibliographic References:,"Bibliographic References: 1) Alliney, Guido È necessario amare Dio? Una questione inedita di Guglielmo di Alnwick sulla fruizione beatifica, In Parva mediaevalia. Studi per Maria Elena Reina, 1993",https://digi.vatlib.it/mss/detail/Borgh.329,https://digi.vatlib.it/view/MSS_Borgh.329,3.85
Borgh.357,inedita,7.0,Bibliographic References:,"1) 1r-138r: Olivi, Pierre Jean, O.F.M., c. 1248-1298 <Petri Iohannis Olivi opera.> 2) 133v-138r: Olivi, Pierre Jean, O.F.M., c. 1248-1298 <De perfectione evangelica quaestio duodecima.> Bibliographic References: 3) Maccarrone, Michele, sac., 1910-1993 Una questione inedita dell'Olivi sull'infallibilità del Papa In Rivista di storia della Chiesa in Italia",https://digi.vatlib.it/mss/detail/Borgh.357,https://digi.vatlib.it/view/MSS_Borgh.357,3.85
Capp.Sist.2,inedita,7.0,Bibliographic References:,"Bibliographic References: 1) Talamo, Emilia Anna Un codice scritto da Federico Mario Perugino con una miniatura inedita di Vincent Raymond, In Miscellanea Bibliothecae Apostolicae Vaticanae XIII, 2006",https://digi.vatlib.it/mss/detail/Capp.Sist.2,https://digi.vatlib.it/view/MSS_Capp.Sist.2,3.85
Capp.Sist.3,inedita,7.0,Bibliographic References:,"Bibliographic References: 1) Talamo, Emilia Anna Un codice scritto da Federico Mario Perugino con una miniatura inedita di Vincent Raymond, In Miscellanea Bibliothecae Apostolicae Vaticanae XIII, 2006 2) Talamo, Emilia Anna Un “Canon Missae” di Giulio III con una miniatura inedita di Vincent Raymond, In Rivista di storia della miniatura 2007",https://digi.vatlib.it/mss/detail/Capp.Sist.3,https://digi.vatlib.it/view/MSS_Capp.Sist.3,3.85
Capp.Sist.9,inedita,7.0,Bibliographic References:,"Bibliographic References: 1) Talamo, Emilia Anna Un codice scritto da Federico Mario Perugino con una miniatura inedita di Vincent Raymond, In Miscellanea Bibliothecae Apostolicae Vaticanae XIII, 2006",https://digi.vatlib.it/mss/detail/Capp.Sist.9,https://digi.vatlib.it/view/MSS_Capp.Sist.9,3.85
Capp.Sist.11,inedita,7.0,Bibliographic References:,"Bibliographic References: 1) Talamo, Emilia Anna Un codice scritto da Federico Mario Perugino con una miniatura inedita di Vincent Raymond, In Miscellanea Bibliothecae Apostolicae Vaticanae XIII, 2006",https://digi.vatlib.it/mss/detail/Capp.Sist.11,https://digi.vatlib.it/view/MSS_Capp.Sist.11,3.85
Capp.Sist.213,inedita,7.0,Bibliographic References:,"Low Quality Bibliographic References: 1) Talamo, Emilia Anna Un codice scritto da Federico Mario Perugino con una miniatura inedita di Vincent Raymond, In Miscellanea Bibliothecae Apostolicae Vaticanae XIII, 2006 2) Talamo, Emilia Anna Un ""Canon Missae"" di Giulio III con una miniatura inedita di Vincent Raymond, In Rivista di storia della miniatura 2007",https://digi.vatlib.it/mss/detail/Capp.Sist.213,https://digi.vatlib.it/view/MSS_Capp.Sist.213,3.85
Capp.Sist.611,inedita,7.0,Bibliographic References:,"Bibliographic References: 1) Talamo, Emilia Anna Un codice scritto da Federico Mario Perugino con una miniatura inedita di Vincent Raymond, In Miscellanea Bibliothecae Apostolicae Vaticanae XIII, 2006 2) Talamo, Emilia Anna Un“Canon Missae” di Giulio III con una miniatura inedita di Vincent Raymond, In Rivista di storia della miniatura 2007",https://digi.vatlib.it/mss/detail/Capp.Sist.611,https://digi.vatlib.it/view/MSS_Capp.Sist.611,3.85
Cappon.31,inedita,7.0,Bibliographic References:,"Bibliographic References: 1) Il papato breve di Adriano VI: storia, religione, arte, cultura, In RR inedita , saggi 2024.",https://digi.vatlib.it/mss/detail/Cappon.31,https://digi.vatlib.it/view/MSS_Cappon.31,5.35
Cappon.51,inedita,7.0,General Data,"1) <Cicerone, De officiis traduzione in volgare> Sec. XV",https://digi.vatlib.it/mss/detail/Cappon.51,https://digi.vatlib.it/view/MSS_Cappon.51,8.5
Cappon.101,inedita,7.0,General Data,"1) 1r-36r: Biondi, Giuseppe, S.I., 1537-1598 <Morte di Troilo Savelli>",https://digi.vatlib.it/mss/detail/Cappon.101,https://digi.vatlib.it/view/MSS_Cappon.101,8.5
Cappon.164,inedita,7.0,Bibliographic References:,"Bibliographic References: 1) D'agostino, R. ""Cose di Garfignana"" e nozze medicee in una lunga lettera inedita di Alessandro Tassoni a Giuseppe Malatesta, In Filologia e critica 1981",https://digi.vatlib.it/mss/detail/Cappon.164,https://digi.vatlib.it/view/MSS_Cappon.164,3.85
Cappon.280.pt.1,inedita,7.0,General Data,"1) 99r-100v: Sigonio, Carlo, m. 1584 <Caroli Sigonii Mutiniensis opera omnia edita et inedita >",https://digi.vatlib.it/mss/detail/Cappon.280.pt.1,https://digi.vatlib.it/view/MSS_Cappon.280.pt.1,8.5
Cappon.281.pt.1,inedita,7.0,General Data,"1) f. 17r-20v: Sigonio, Carlo, m. 1584 <Caroli Sigonii Mutiniensis opera omnia edita et inedita >",https://digi.vatlib.it/mss/detail/Cappon.281.pt.1,https://digi.vatlib.it/view/MSS_Cappon.281.pt.1,8.5
Cappon.283.pt.1,inedita,7.0,General Data,"1) 117r-118r: Bruni, Filippo, Sch.P. (d.S.P.) f. 1745-1763 <Lettera di Filippo Bruni con notizie su un manoscritto con un inedito di Cecco di Ascoli>",https://digi.vatlib.it/mss/detail/Cappon.283.pt.1,https://digi.vatlib.it/view/MSS_Cappon.283.pt.1,8.5
Chig.H.IV.135,inedita,7.0,Bibliographic References:,"Bibliographic References: 1) Cugnoni, Giuseppe, 1824-1908 Aeneae Silvii Piccolomini Senensis qui postea fuit Pius II Pont. Max. Opera inedita , In Memorie della Accademia nazionale dei Lincei. Classe di Scienze Morali, Storiche e Filologiche",https://digi.vatlib.it/mss/detail/Chig.H.IV.135,https://digi.vatlib.it/view/MSS_Chig.H.IV.135,3.85
Chig.I.IV.148,inedita,7.0,Bibliographic References:,"Low Quality Bibliographic References: 1) Cugnoni, Giuseppe, 1824-1908 Aeneae Silvii Piccolomini Senensis qui postea fuit Pius II Pont. Max. Opera inedita , In Memorie della Accademia nazionale dei Lincei. Classe di Scienze Morali, Storiche e Filologiche",https://digi.vatlib.it/mss/detail/Chig.I.IV.148,https://digi.vatlib.it/view/MSS_Chig.I.IV.148,3.85
Chig.I.V.172,inedita,7.0,Bibliographic References:,"Bibliographic References: 1) Cugnoni, Giuseppe, 1824-1908 Aeneae Silvii Piccolomini Senensis qui postea fuit Pius II Pont. Max. Opera inedita , In Memorie della Accademia nazionale dei Lincei. Classe di Scienze Morali, Storiche e Filologiche",https://digi.vatlib.it/mss/detail/Chig.I.V.172,https://digi.vatlib.it/view/MSS_Chig.I.V.172,3.85
Chig.I.V.175,inedita,7.0,Bibliographic References:,"Low Quality Bibliographic References: 1) Cugnoni, Giuseppe, 1824-1908 Aeneae Silvii Piccolomini Senensis qui postea fuit Pius II Pont. Max. Opera inedita , In Memorie della Accademia nazionale dei Lincei. Classe di Scienze Morali, Storiche e Filologiche",https://digi.vatlib.it/mss/detail/Chig.I.V.175,https://digi.vatlib.it/view/MSS_Chig.I.V.175,3.85
Chig.I.VI.205,inedita,7.0,Bibliographic References:,"Bibliographic References: 1) Carloni, Rossella Le tombe degli Annibaldi in una lettera inedita del Seicento, In Arte medievale 1983",https://digi.vatlib.it/mss/detail/Chig.I.VI.205,https://digi.vatlib.it/view/MSS_Chig.I.VI.205,5.35
Chig.I.VI.208,inedita,7.0,Bibliographic References:,"Low Quality Bibliographic References: 1) Cugnoni, Giuseppe, 1824-1908 Aeneae Silvii Piccolomini Senensis qui postea fuit Pius II Pont. Max. Opera inedita , In Memorie della Accademia nazionale dei Lincei. Classe di Scienze Morali, Storiche e Filologiche",https://digi.vatlib.it/mss/detail/Chig.I.VI.208,https://digi.vatlib.it/view/MSS_Chig.I.VI.208,3.85
Chig.I.VI.209,inedita,7.0,Bibliographic References:,"Low Quality Bibliographic References: 1) Cugnoni, Giuseppe, 1824-1908 Aeneae Silvii Piccolomini Senensis qui postea fuit Pius II Pont. Max. Opera inedita , In Memorie della Accademia nazionale dei Lincei. Classe di Scienze Morali, Storiche e Filologiche",https://digi.vatlib.it/mss/detail/Chig.I.VI.209,https://digi.vatlib.it/view/MSS_Chig.I.VI.209,3.85
Chig.I.VI.211,inedita,7.0,Bibliographic References:,"Low Quality Bibliographic References: 1) Cugnoni, Giuseppe, 1824-1908 Aeneae Silvii Piccolomini Senensis qui postea fuit Pius II Pont. Max. Opera inedita , In Memorie della Accademia nazionale dei Lincei. Classe di Scienze Morali, Storiche e Filologiche",https://digi.vatlib.it/mss/detail/Chig.I.VI.211,https://digi.vatlib.it/view/MSS_Chig.I.VI.211,3.85
Chig.I.VI.215,inedita,7.0,Bibliographic References:,"Low Quality Bibliographic References: 1) Cugnoni, Giuseppe, 1824-1908 Aeneae Silvii Piccolomini Senensis qui postea fuit Pius II Pont. Max. Opera inedita , In Memorie della Accademia nazionale dei Lincei. Classe di Scienze Morali, Storiche e Filologiche 2) Giannetto, Nella Un'orazione inedita di Bernardo Bembo per Cristoforo Moro, In Atti dell'istituto veneto di scienze, lettere ed arti; classe di scienze morali, lettere ed arti 1981",https://digi.vatlib.it/mss/detail/Chig.I.VI.215,https://digi.vatlib.it/view/MSS_Chig.I.VI.215,3.85
Chig.I.VII.251,inedita,7.0,Bibliographic References:,"Bibliographic References: 1) Cugnoni, Giuseppe, 1824-1908 Aeneae Silvii Piccolomini Senensis qui postea fuit Pius II Pont. Max. Opera inedita , In Memorie della Accademia nazionale dei Lincei. Classe di Scienze Morali, Storiche e Filologiche",https://digi.vatlib.it/mss/detail/Chig.I.VII.251,https://digi.vatlib.it/view/MSS_Chig.I.VII.251,3.85
Chig.I.VII.252,inedita,7.0,Bibliographic References:,"Bibliographic References: 1) Cugnoni, Giuseppe, 1824-1908 Aeneae Silvii Piccolomini Senensis qui postea fuit Pius II Pont. Max. Opera inedita , In Memorie della Accademia nazionale dei Lincei. Classe di Scienze Morali, Storiche e Filologiche",https://digi.vatlib.it/mss/detail/Chig.I.VII.252,https://digi.vatlib.it/view/MSS_Chig.I.VII.252,3.85
Chig.I.VII.260,inedita,7.0,Bibliographic References:,"Low Quality Bibliographic References: 1) Cugnoni, Giuseppe, 1824-1908 Aeneae Silvii Piccolomini Senensis qui postea fuit Pius II Pont. Max. Opera inedita , In Memorie della Accademia nazionale dei Lincei. Classe di Scienze Morali, Storiche e Filologiche",https://digi.vatlib.it/mss/detail/Chig.I.VII.260,https://digi.vatlib.it/view/MSS_Chig.I.VII.260,3.85
Chig.I.VIII.284,inedita,7.0,Bibliographic References:,"Low Quality Bibliographic References: 1) Cugnoni, Giuseppe, 1824-1908 Aeneae Silvii Piccolomini Senensis qui postea fuit Pius II Pont. Max. Opera inedita , In Memorie della Accademia nazionale dei Lincei. Classe di Scienze Morali, Storiche e Filologiche",https://digi.vatlib.it/mss/detail/Chig.I.VIII.284,https://digi.vatlib.it/view/MSS_Chig.I.VIII.284,3.85
Chig.I.VIII.285,inedita,7.0,Bibliographic References:,"Low Quality Bibliographic References: 1) Cugnoni, Giuseppe, 1824-1908 Aeneae Silvii Piccolomini Senensis qui postea fuit Pius II Pont. Max. Opera inedita , In Memorie della Accademia nazionale dei Lincei. Classe di Scienze Morali, Storiche e Filologiche",https://digi.vatlib.it/mss/detail/Chig.I.VIII.285,https://digi.vatlib.it/view/MSS_Chig.I.VIII.285,3.85
Chig.I.VIII.286,inedita,7.0,Bibliographic References:,"Low Quality Bibliographic References: 1) Cugnoni, Giuseppe, 1824-1908 Aeneae Silvii Piccolomini Senensis qui postea fuit Pius II Pont. Max. Opera inedita , In Memorie della Accademia nazionale dei Lincei. Classe di Scienze Morali, Storiche e Filologiche",https://digi.vatlib.it/mss/detail/Chig.I.VIII.286,https://digi.vatlib.it/view/MSS_Chig.I.VIII.286,3.85
Chig.I.VIII.287,inedita,7.0,Bibliographic References:,"Low Quality Bibliographic References: 1) Cugnoni, Giuseppe, 1824-1908 Aeneae Silvii Piccolomini Senensis qui postea fuit Pius II Pont. Max. Opera inedita , In Memorie della Accademia nazionale dei Lincei. Classe di Scienze Morali, Storiche e Filologiche",https://digi.vatlib.it/mss/detail/Chig.I.VIII.287,https://digi.vatlib.it/view/MSS_Chig.I.VIII.287,3.85
Chig.L.II.22,inedita,7.0,Bibliographic References:,"Low Quality Bibliographic References: 1) Il papato breve di Adriano VI: storia, religione, arte, cultura, In RR inedita , saggi 2024.",https://digi.vatlib.it/mss/detail/Chig.L.II.22,https://digi.vatlib.it/view/MSS_Chig.L.II.22,5.35
Chig.L.VII.253,inedita,7.0,Bibliographic References:,"Bibliographic References: 1) Cugnoni, Giuseppe, 1824-1908 Aeneae Silvii Piccolomini Senensis qui postea fuit Pius II Pont. Max. Opera inedita , In Memorie della Accademia nazionale dei Lincei. Classe di Scienze Morali, Storiche e Filologiche",https://digi.vatlib.it/mss/detail/Chig.L.VII.253,https://digi.vatlib.it/view/MSS_Chig.L.VII.253,3.85
Chig.L.VII.266,inedita,7.0,Bibliographic References:,"Low Quality Bibliographic References: 1) Toscani, B. Una inedita lauda quattrocentista in onore di San Domenico, In La nuova rivista di ascetica e mistica. Roma. 1976 2) Cherubelli, Paolo Una laude inedita di Edoardo Acciaiuoli (1425) In La Rinascita. Rivista del Centro nazionale di studi sul Rinascimento",https://digi.vatlib.it/mss/detail/Chig.L.VII.266,https://digi.vatlib.it/view/MSS_Chig.L.VII.266,3.85
Chig.L.VII.267,inedita,7.0,Bibliographic References:,"Low Quality Bibliographic References: 1) D'Agostino, Alfonso Una versione italiana inedita dei Detti di Secondo, In Acme. Annali della Facoltà di lettere e filosofia dell’Università degli studi di Milano 1977",https://digi.vatlib.it/mss/detail/Chig.L.VII.267,https://digi.vatlib.it/view/MSS_Chig.L.VII.267,3.85
Chig.P.VII.9.pt.B,inedita,7.0,Bibliographic References:,"Bibliographic References: 1) Curcio, Giovanna La «Breve Relatione» inedita di Felice Della Greca e la trattatistica funzionale fra il cinquecento e il seicento, In Ricerche di storia dell’arte. (Studi di miniatura)",https://digi.vatlib.it/mss/detail/Chig.P.VII.9.pt.B,https://digi.vatlib.it/view/MSS_Chig.P.VII.9.pt.B,3.85
Chig.P.VII.10.pt.A,inedita,7.0,Bibliographic References:,"Bibliographic References: 1) Curcio, Giovanna La «Breve Relatione» inedita di Felice Della Greca e la trattatistica funzionale fra il cinquecento e il seicento, In Ricerche di storia dell’arte. (Studi di miniatura)",https://digi.vatlib.it/mss/detail/Chig.P.VII.10.pt.A,https://digi.vatlib.it/view/MSS_Chig.P.VII.10.pt.A,3.85
Chig.P.VII.10.pt.B,inedita,7.0,Bibliographic References:,"Bibliographic References: 1) Curcio, Giovanna La «Breve Relatione» inedita di Felice Della Greca e la trattatistica funzionale fra il cinquecento e il seicento, In Ricerche di storia dell’arte. (Studi di miniatura)",https://digi.vatlib.it/mss/detail/Chig.P.VII.10.pt.B,https://digi.vatlib.it/view/MSS_Chig.P.VII.10.pt.B,3.85
Chig.P.VII.11,inedita,7.0,Bibliographic References:,"Bibliographic References: 1) Curcio, Giovanna La «Breve Relatione» inedita di Felice Della Greca e la trattatistica funzionale fra il cinquecento e il seicento, In Ricerche di storia dell’arte. (Studi di miniatura)",https://digi.vatlib.it/mss/detail/Chig.P.VII.11,https://digi.vatlib.it/view/MSS_Chig.P.VII.11,3.85
Chig.P.VII.12.pt.A,inedita,7.0,Bibliographic References:,"Bibliographic References: 1) Curcio, Giovanna La «Breve Relatione» inedita di Felice Della Greca e la trattatistica funzionale fra il cinquecento e il seicento, In Ricerche di storia dell’arte. (Studi di miniatura)",https://digi.vatlib.it/mss/detail/Chig.P.VII.12.pt.A,https://digi.vatlib.it/view/MSS_Chig.P.VII.12.pt.A,3.85
Chig.P.VII.12.pt.B,inedita,7.0,Bibliographic References:,"Bibliographic References: 1) Curcio, Giovanna La «Breve Relatione» inedita di Felice Della Greca e la trattatistica funzionale fra il cinquecento e il seicento, In Ricerche di storia dell’arte. (Studi di miniatura)",https://digi.vatlib.it/mss/detail/Chig.P.VII.12.pt.B,https://digi.vatlib.it/view/MSS_Chig.P.VII.12.pt.B,3.85
Chig.P.VII.13,inedita,7.0,Bibliographic References:,"Bibliographic References: 1) Curcio, Giovanna La «Breve Relatione» inedita di Felice Della Greca e la trattatistica funzionale fra il cinquecento e il seicento, In Ricerche di storia dell’arte. (Studi di miniatura)",https://digi.vatlib.it/mss/detail/Chig.P.VII.13,https://digi.vatlib.it/view/MSS_Chig.P.VII.13,3.85
Ott.gr.9,inedita,7.0,Bibliographic References:,"Bibliographic References: 1) Gaspari, Anna Nuovi materiali per lo studio del copista Camillo Zanetti: il Diofanto ritrovato e una supplica inedita , In Philodōros eumeneias: Miscellanea di studi in ricordo di mons. Paul Canart, a cura di Marco D’Agostino e Luca Pieralli (Littera antiqua 21) 2021.",https://digi.vatlib.it/mss/detail/Ott.gr.9,https://digi.vatlib.it/view/MSS_Ott.gr.9,3.85
Ott.gr.19,inedita,7.0,Bibliographic References:,"Bibliographic References: 1) Gaspari, Anna Nuovi materiali per lo studio del copista Camillo Zanetti: il Diofanto ritrovato e una supplica inedita , In Philodōros eumeneias: Miscellanea di studi in ricordo di mons. Paul Canart, a cura di Marco D’Agostino e Luca Pieralli (Littera antiqua 21) 2021.",https://digi.vatlib.it/mss/detail/Ott.gr.19,https://digi.vatlib.it/view/MSS_Ott.gr.19,3.85
Ott.gr.20,inedita,7.0,Bibliographic References:,"Bibliographic References: 1) Gaspari, Anna Nuovi materiali per lo studio del copista Camillo Zanetti: il Diofanto ritrovato e una supplica inedita , In Philodōros eumeneias: Miscellanea di studi in ricordo di mons. Paul Canart, a cura di Marco D’Agostino e Luca Pieralli (Littera antiqua 21) 2021.",https://digi.vatlib.it/mss/detail/Ott.gr.20,https://digi.vatlib.it/view/MSS_Ott.gr.20,3.85
Ott.gr.333,inedita,7.0,Bibliographic References:,"Bibliographic References: 1) Lucà, Santo, 1947- La fine inedita del commento di Nilo d'Ancira al Cantico dei Cantici, In Augustinianum 1982",https://digi.vatlib.it/mss/detail/Ott.gr.333,https://digi.vatlib.it/view/MSS_Ott.gr.333,5.35
Ott.lat.318,inedita,7.0,Bibliographic References:,"Low Quality Bibliographic References: 1) Piana, Celestino, O.F.M., 1911-1992 Una ""determinatio"" inedita di Guglielmo Alnwick ofm (†1333), come saggio di alcune fonti tacitamente usate dall'autore, In Studi francescani 1982",https://digi.vatlib.it/mss/detail/Ott.lat.318,https://digi.vatlib.it/view/MSS_Ott.lat.318,3.85
Ott.lat.1307,inedita,7.0,General Data,"1) 1r-11r: Dinus de Mugello, 1254-c. 1300 Consiia 49.",https://digi.vatlib.it/mss/detail/Ott.lat.1307,https://digi.vatlib.it/view/MSS_Ott.lat.1307,8.5
Ott.lat.1353,inedita,7.0,Bibliographic References:,"Bibliographic References: 1) Ziebarth, Erich Gustav Ludwig, 1868-1944 Cyriaci Anconitani epistula inedita In Rheinisches Museum für Philologie",https://digi.vatlib.it/mss/detail/Ott.lat.1353,https://digi.vatlib.it/view/MSS_Ott.lat.1353,5.35
Ott.lat.1483,inedita,7.0,Bibliographic References:,"Bibliographic References: 1) Michelini Tocci, Luigi, 1910-2000 Poggio Fiorentino e Federico di Montefeltro (con una lettera inedita di Iacopo di Poggio), In Miscellanea Augusto Campana II, 1981",https://digi.vatlib.it/mss/detail/Ott.lat.1483,https://digi.vatlib.it/view/MSS_Ott.lat.1483,3.85
Ott.lat.2341,inedita,7.0,Bibliographic References:,"Bibliographic References: 1) Palese, Salvatore La corrispondenza inedita di Girolamo Aleandro, arcivescovo di Brindisi, In Studi storici 1974",https://digi.vatlib.it/mss/detail/Ott.lat.2341,https://digi.vatlib.it/view/MSS_Ott.lat.2341,5.35
Ott.lat.2881,inedita,7.0,Bibliographic References:,"Bibliographic References: 1) Cherubelli, Paolo Una laude inedita di Edoardo Acciaivoli (1425) In La Rinascita. Rivista del Centro nazionale di studi sul Rinascimento",https://digi.vatlib.it/mss/detail/Ott.lat.2881,https://digi.vatlib.it/view/MSS_Ott.lat.2881,5.35
Ott.lat.3374,inedita,7.0,Bibliographic References:,"Bibliographic References: 1) Gatti, Giuseppe, conte, 1838-1914 Iscrizione greca del monastero di S. Erasmo. Nota inedita del comm. G. B. de Rossi, In Bullettino della Commissione archeologica comunale di Roma",https://digi.vatlib.it/mss/detail/Ott.lat.3374,https://digi.vatlib.it/view/MSS_Ott.lat.3374,3.85
Pal.gr.239,inedita,7.0,Bibliographic References:,"Bibliographic References: 1) Lilla, Salvatore, 1936-2015 La fonte inedita di un'omelia greca sulla Pasqua, In Byzantion 1970",https://digi.vatlib.it/mss/detail/Pal.gr.239,https://digi.vatlib.it/view/MSS_Pal.gr.239,5.35
Pal.gr.309,inedita,7.0,Bibliographic References:,"Bibliographic References: 1) Gaspari, Anna Nuovi materiali per lo studio del copista Camillo Zanetti: il Diofanto ritrovato e una supplica inedita , In Philodōros eumeneias: Miscellanea di studi in ricordo di mons. Paul Canart, a cura di Marco D’Agostino e Luca Pieralli (Littera antiqua 21) 2021.",https://digi.vatlib.it/mss/detail/Pal.gr.309,https://digi.vatlib.it/view/MSS_Pal.gr.309,3.85
Pal.gr.391,inedita,7.0,Bibliographic References:,"Bibliographic References: 1) Gaspari, Anna Nuovi materiali per lo studio del copista Camillo Zanetti: il Diofanto ritrovato e una supplica inedita , In Philodōros eumeneias: Miscellanea di studi in ricordo di mons. Paul Canart, a cura di Marco D’Agostino e Luca Pieralli (Littera antiqua 21) 2021.",https://digi.vatlib.it/mss/detail/Pal.gr.391,https://digi.vatlib.it/view/MSS_Pal.gr.391,3.85
Pal.lat.1007,inedita,7.0,Bibliographic References:,"Bibliographic References: 1) Tabarroni, Andrea Lo Pseudo Egidio (Guglielmo Arnaldi) e un' inedita continuazione del commento di Tommaso al ""Peryermenias"", In Medioevo. Rivista di storia della filosofia medievale 1988",https://digi.vatlib.it/mss/detail/Pal.lat.1007,https://digi.vatlib.it/view/MSS_Pal.lat.1007,3.85
Pal.lat.1552,inedita,7.0,Bibliographic References:,"Bibliographic References: 1) Koj, Peter, Inedita Poggiana, In Romanistisches Jahrbuch 1969",https://digi.vatlib.it/mss/detail/Pal.lat.1552,https://digi.vatlib.it/view/MSS_Pal.lat.1552,5.35
Pal.lat.1631,inedita,7.0,Bibliographic References:,"Bibliographic References: 1) Vian, Paolo, 1957- Per la storia del Virgilio Romano. Una lettera inedita di Angelo Battaglini a Marino Marini (gennaio 1816), In Miscellanea Bibliothecae Apostolicae Vaticanae XX, 2014.",https://digi.vatlib.it/mss/detail/Pal.lat.1631,https://digi.vatlib.it/view/MSS_Pal.lat.1631,3.85
Pal.lat.1795,inedita,7.0,Bibliographic References:,"Bibliographic References: 1) Koj, Peter, Inedita Poggiana, In Romanistisches Jahrbuch",https://digi.vatlib.it/mss/detail/Pal.lat.1795,https://digi.vatlib.it/view/MSS_Pal.lat.1795,5.35
Pal.lat.1805,inedita,7.0,Bibliographic References:,"Bibliographic References: 1) Piana, Celestino, O.F.M., 1911-1992 Una ""determinatio"" inedita di Guglielmo Alnwick ofm (†1333), come saggio di alcune fonti tacitamente usate dall'autore, In Studi francescani 1982",https://digi.vatlib.it/mss/detail/Pal.lat.1805,https://digi.vatlib.it/view/MSS_Pal.lat.1805,3.85
Reg.gr.18,inedita,7.0,Bibliographic References:,"Bibliographic References: 1) Bentein, Klaas Book Epigrams in Honor of the Church Fathers: Some Inedita from the Eleventh Century, In Greek, Roman and Byzantine Studies 2009",https://digi.vatlib.it/mss/detail/Reg.gr.18,https://digi.vatlib.it/view/MSS_Reg.gr.18,5.35
Reg.gr.45,inedita,7.0,Bibliographic References:,"Bibliographic References: 1) Lilla, Salvatore, 1936-2015 La fonte inedita di un'omelia greca sulla Pasqua, In Byzantion 1970",https://digi.vatlib.it/mss/detail/Reg.gr.45,https://digi.vatlib.it/view/MSS_Reg.gr.45,5.35
Reg.gr.128,inedita,7.0,Bibliographic References:,"Bibliographic References: 1) Gaspari, Anna Nuovi materiali per lo studio del copista Camillo Zanetti: il Diofanto ritrovato e una supplica inedita , In Philodōros eumeneias: Miscellanea di studi in ricordo di mons. Paul Canart, a cura di Marco D’Agostino e Luca Pieralli (Littera antiqua 21) 2021.",https://digi.vatlib.it/mss/detail/Reg.gr.128,https://digi.vatlib.it/view/MSS_Reg.gr.128,3.85
Reg.lat.386,inedita,7.0,Bibliographic References:,"Bibliographic References: 1) Gatti, Giuseppe, conte, 1838-1914 Iscrizione greca del monastero di S. Erasmo. Nota inedita del comm. G. B. de Rossi, In Bullettino della Commissione archeologica comunale di Roma",https://digi.vatlib.it/mss/detail/Reg.lat.386,https://digi.vatlib.it/view/MSS_Reg.lat.386,3.85
Reg.lat.964,inedita,7.0,Bibliographic References:,"Bibliographic References: 1) Vian, Paolo, 1957- Per la storia del Virgilio Romano. Una lettera inedita di Angelo Battaglini a Marino Marini (gennaio 1816), In Miscellanea Bibliothecae Apostolicae Vaticanae XX (Studi e testi, 484), 2014",https://digi.vatlib.it/mss/detail/Reg.lat.964,https://digi.vatlib.it/view/MSS_Reg.lat.964,3.85
Reg.lat.1234,inedita,7.0,Bibliographic References:,"Bibliographic References: 1) Baldi Cardini, Maria Vittoria Un' inedita «Quaestio an plures animae sive formae sint in uno composito vel una tantum sit forma gerens vicem aliarum omnium, adeo ut nutritiva, sensitiva et intellectiva sit una anima» di J. Zabarella, In Rinascimento. Rivista dell’Istituto di studi sul Rinascimento 1971",https://digi.vatlib.it/mss/detail/Reg.lat.1234,https://digi.vatlib.it/view/MSS_Reg.lat.1234,3.85
Reg.lat.1279,inedita,7.0,Bibliographic References:,"Bibliographic References: 1) Perfetti, Stefano ""An anima nostra sit mortalis"". Una questio inedita discussa da Pietro Pomponazzi nel 1521, In Rinascimento. Rivista dell’Istituto di studi sul Rinascimento 1998",https://digi.vatlib.it/mss/detail/Reg.lat.1279,https://digi.vatlib.it/view/MSS_Reg.lat.1279,3.85
Reg.lat.1527,inedita,7.0,Bibliographic References:,"Bibliographic References: 1) Monti Sabia, Liliana Una lettera inedita di Giovanni Pontano, In Italia medioevale e umanistica 1986",https://digi.vatlib.it/mss/detail/Reg.lat.1527,https://digi.vatlib.it/view/MSS_Reg.lat.1527,5.35
Arch.Cap.S.Pietro.A.2,anonimo,6.0,Bibliographic References:,"Bibliographic References: 1) Bianco, Maria Grazia Gli intenti del traduttore anonimo della “Vita Antonii” di Atanasio e le sue doti letterarie, In Studi storico religiosi 1981",https://digi.vatlib.it/mss/detail/Arch.Cap.S.Pietro.A.2,https://digi.vatlib.it/view/MSS_Arch.Cap.S.Pietro.A.2,4.8
Arch.Chig.24907,anonimo,6.0,Bibliographic References:,"Bibliographic References: 1) Falaschi, Laura Anonimo della fine del XVII secolo, Sepolcro di Alessandro VII, In Bernini in Vaticano (Braccio di Carlo Magno maggio-luglio 1981), 1981",https://digi.vatlib.it/mss/detail/Arch.Chig.24907,https://digi.vatlib.it/view/MSS_Arch.Chig.24907,3.3
Arch.Chig.24917,anonimo,6.0,Bibliographic References:,"Bibliographic References: 1) De Lotto, Maria Teresa Anonimo della fine del secolo XVII, Pilastro della Veronica, In Bernini in Vaticano (Braccio di Carlo Magno maggio-luglio 1981), 1981",https://digi.vatlib.it/mss/detail/Arch.Chig.24917,https://digi.vatlib.it/view/MSS_Arch.Chig.24917,3.3
Barb.gr.70,anonimo,6.0,Bibliographic References:,"Bibliographic References: 1) Arnesano, Daniele, 1975- Il «Copista del Dioscoride». Un anonimo salentino del secolo XIII, In Bollettino dei Classici 2003 2) Palmieri, V. Anonimo ""Excerptum Casanatense"" sinonimico inedito, In Bollettino dei Classici 1984",https://digi.vatlib.it/mss/detail/Barb.gr.70,https://digi.vatlib.it/view/MSS_Barb.gr.70,3.3
Barb.gr.75,anonimo,6.0,Bibliographic References:,"Bibliographic References: 1) Arnesano, Daniele, 1975- Il «Copista del Dioscoride». Un anonimo salentino del secolo XIII, In Bollettino dei Classici 2003 2) Jacob, André, 1933-2019 Il committente, il destinatario e l’ anonimo copista, In Atti dell’Accademia Nazionale dei Lincei. Rendiconti. Classe di scienze morali, storiche e filologiche 2004",https://digi.vatlib.it/mss/detail/Barb.gr.75,https://digi.vatlib.it/view/MSS_Barb.gr.75,3.3
Barb.gr.232,anonimo,6.0,Bibliographic References:,"Bibliographic References: 1) Serventi, Stefano Il Vat. gr. 167, testimone della Continuatio Theophanis, e i marginalia di un anonimo lettore bizantino, In Aevum. Rassegna di scienze storiche, linguistiche e filologiche 2001",https://digi.vatlib.it/mss/detail/Barb.gr.232,https://digi.vatlib.it/view/MSS_Barb.gr.232,3.3
Barb.gr.264,anonimo,6.0,Bibliographic References:,"Low Quality Bibliographic References: 1) Serventi, Stefano Il Vat. gr. 167, testimone della Continuatio Theophanis, e i marginalia di un anonimo lettore bizantino, In Aevum. Rassegna di scienze storiche, linguistiche e filologiche 2001",https://digi.vatlib.it/mss/detail/Barb.gr.264,https://digi.vatlib.it/view/MSS_Barb.gr.264,3.3
Barb.gr.354,anonimo,6.0,Bibliographic References:,"Bibliographic References: 1) Arnesano, Daniele, 1975- Il «Copista del Dioscoride». Un anonimo salentino del secolo XIII, In Bollettino dei Classici 2003",https://digi.vatlib.it/mss/detail/Barb.gr.354,https://digi.vatlib.it/view/MSS_Barb.gr.354,4.8
Barb.gr.482,anonimo,6.0,Bibliographic References:,"Bibliographic References: 1) Serventi, Stefano Il Vat. gr. 167, testimone della Continuatio Theophanis, e i marginalia di un anonimo lettore bizantino, In Aevum. Rassegna di scienze storiche, linguistiche e filologiche 2001",https://digi.vatlib.it/mss/detail/Barb.gr.482,https://digi.vatlib.it/view/MSS_Barb.gr.482,3.3
Barb.gr.501,anonimo,6.0,Bibliographic References:,"Bibliographic References: 1) Serventi, Stefano Il Vat. gr. 167, testimone della Continuatio Theophanis, e i marginalia di un anonimo lettore bizantino, In Aevum. Rassegna di scienze storiche, linguistiche e filologiche 2001",https://digi.vatlib.it/mss/detail/Barb.gr.501,https://digi.vatlib.it/view/MSS_Barb.gr.501,3.3
Barb.gr.548,anonimo,6.0,General Data,1) sec. XVI med.,https://digi.vatlib.it/mss/detail/Barb.gr.548,https://digi.vatlib.it/view/MSS_Barb.gr.548,7.5
Barb.lat.157,anonimo,6.0,General Data,1) 68v-79v: De rebus bellicis,https://digi.vatlib.it/mss/detail/Barb.lat.157,https://digi.vatlib.it/view/MSS_Barb.lat.157,7.5
Barb.lat.914,anonimo,6.0,Bibliographic References:,"Bibliographic References: 1) Di Noto, Sergio Cronaca di Anonimo parmense dal 1538 al 1572, In Archivio storico per le province parmensi 1981",https://digi.vatlib.it/mss/detail/Barb.lat.914,https://digi.vatlib.it/view/MSS_Barb.lat.914,4.8
Barb.lat.1862,anonimo,6.0,General Data,Low Quality 1) 101v-102r: Mottetto anonimo .,https://digi.vatlib.it/mss/detail/Barb.lat.1862,https://digi.vatlib.it/view/MSS_Barb.lat.1862,7.5
Barb.lat.1977,anonimo,6.0,Bibliographic References:,"Bibliographic References: 1) De Rossi, Giovanni Battista, 1822-1894 Elogio anonimo d'un papa nella silloge epigrafica del codice di Pietroburgo, In Bullettino di archeologia cristiana",https://digi.vatlib.it/mss/detail/Barb.lat.1977,https://digi.vatlib.it/view/MSS_Barb.lat.1977,3.3
Barb.lat.4037,anonimo,6.0,Bibliographic References:,"Bibliographic References: 1) Parisi, Diego Mobilità del libro e mobilità del testo negli antichi commenti alla Commedia. Alcuni esempi della tradizione dell' Anonimo Lombardo, In Le forme dei libri e le tradizioni dei testi : Dante, Petrarca, Boccaccio: Atti del Convegno internazionale di Napoli, 18-20 novembre 2019 / a cura di Andrea Mazzucchi, Pubblicazioni del Centro Pio Rayna 2023.",https://digi.vatlib.it/mss/detail/Barb.lat.4037,https://digi.vatlib.it/view/MSS_Barb.lat.4037,3.3
Barb.lat.4139,anonimo,6.0,General Data,1) 101r-112r: Duetto da Il Mauritio.,https://digi.vatlib.it/mss/detail/Barb.lat.4139,https://digi.vatlib.it/view/MSS_Barb.lat.4139,7.5
Barb.lat.4157,anonimo,6.0,General Data,1) 103r-108v: Duetto anonimo . 2) 109r-114v: Duetto anonimo .,https://digi.vatlib.it/mss/detail/Barb.lat.4157,https://digi.vatlib.it/view/MSS_Barb.lat.4157,7.5
Barb.lat.4168,anonimo,6.0,General Data,1) 93r-95r: Duetto anonimo .,https://digi.vatlib.it/mss/detail/Barb.lat.4168,https://digi.vatlib.it/view/MSS_Barb.lat.4168,7.5
Barb.lat.4170,anonimo,6.0,General Data,1) 65r-74r: Duetto da Il Vespasiano. 2) 89r-92r: Duetto da Il Vespasiano.,https://digi.vatlib.it/mss/detail/Barb.lat.4170,https://digi.vatlib.it/view/MSS_Barb.lat.4170,7.5
Barb.lat.4172,anonimo,6.0,General Data,1) 55v-58r: Duetto da Il Vespasiano. 2) 60v-61v: Duetto da Il Vespasiano. 3) 81r-85r: Duetto da Il Vespasiano. 4) 91r-92v: Duetto da Il Vespasiano. 5) 93r-96r: Duetto da Il Vespasiano.,https://digi.vatlib.it/mss/detail/Barb.lat.4172,https://digi.vatlib.it/view/MSS_Barb.lat.4172,6.0
Barb.lat.4184,anonimo,6.0,General Data,Low Quality 1) 116v-119v: Mottetto anonimo . 2) 131v-134r: Salmo anonimo . 3) 134r-136v: Responsorio anonimo . 4) 139v-141r: Responsorio anonimo .,https://digi.vatlib.it/mss/detail/Barb.lat.4184,https://digi.vatlib.it/view/MSS_Barb.lat.4184,7.5
Barb.lat.4229,anonimo,6.0,General Data,1) 45r-80v: Intermezzo anonimo a 4. 2) 87r-123v: Intermezzo anonimo a 4. 3) 125r-130r: Intermezzo anonimo a 4. 4) 157r-162v: Recitativo anonimo . 5) 246r-248r: Intermezzo anonimo a 4.,https://digi.vatlib.it/mss/detail/Barb.lat.4229,https://digi.vatlib.it/view/MSS_Barb.lat.4229,6.0
Barb.lat.4231,anonimo,6.0,General Data,Low Quality 1) 144v: Balletto per l'atto P.°.,https://digi.vatlib.it/mss/detail/Barb.lat.4231,https://digi.vatlib.it/view/MSS_Barb.lat.4231,7.5
Barb.lat.4288,anonimo,6.0,General Data,1) 6v-8r: Lo mio dolce signore spesso mi dice. 2) 10v-11r: Allegrezza d'amore. 3) 13v-14r: La verginella sposat'a Dio. 4) 14v-15r: Gesù dolce.,https://digi.vatlib.it/mss/detail/Barb.lat.4288,https://digi.vatlib.it/view/MSS_Barb.lat.4288,7.5
Barb.lat.4289,anonimo,6.0,General Data,1) 4v-5r: Terzetto anonimo e devozionale.,https://digi.vatlib.it/mss/detail/Barb.lat.4289,https://digi.vatlib.it/view/MSS_Barb.lat.4289,7.5
Barb.lat.4673,anonimo,6.0,General Data,"1) 50r-55v: Discorso [di anonimo ] nel quale si dimostra con raggioni efficacissime et essempi della sacra scrittura che la Santità di N. S. Innocenzo X non deve ritardare il corso della giustizia con i Barberini ne temere cosa veruna per la di loro protettione del Re Christianissimo [Luigi XIV, re di Francia] 2) 142r-174r: Lettera di anonimo ad anonimo . 3) 176r-194r: Lettera di anonimo ad anonimo che contiene un giudizio sui cardinali papabili nel conclave che si sarebbe aperto alla morte di Innocenzo X.",https://digi.vatlib.it/mss/detail/Barb.lat.4673,https://digi.vatlib.it/view/MSS_Barb.lat.4673,6.0
Barb.lat.4702,anonimo,6.0,General Data,Low Quality 1) 66r-69v: Lettera di anonimo con notizie sul conclave da cui uscì eletto Clemente IX nel 1667.,https://digi.vatlib.it/mss/detail/Barb.lat.4702,https://digi.vatlib.it/view/MSS_Barb.lat.4702,7.5
Barb.lat.5351,anonimo,6.0,General Data,"Low Quality 1) 20r-25r: Lettera di anonimo a Luigi XIII di Francia. 2) 86r-88v: Relazione di anonimo ad anonimo sulla fortezza di Malta. 3) 90r-97r: Tassoni, Alessandro, 1565-1635 Filippiche.",https://digi.vatlib.it/mss/detail/Barb.lat.5351,https://digi.vatlib.it/view/MSS_Barb.lat.5351,6.0
Borg.lat.25,anonimo,6.0,General Data,Low Quality 1) 1r-43r: Apologia adversus scripta Regentis [Ioannis Francisci] de Ponte.,https://digi.vatlib.it/mss/detail/Borg.lat.25,https://digi.vatlib.it/view/MSS_Borg.lat.25,7.5
Borg.lat.158,anonimo,6.0,General Data,Low Quality 1) 1r-196v: Dissertatio de cultu Sancti Iohannis Sirimensis cognomitati Maronis primi Antiocheni Syro-Maronitarum Patriarchae ad Eminentissimos ac Reverendissimos DD. Cardinales Sacrae Rituum Congregationi praepositos.,https://digi.vatlib.it/mss/detail/Borg.lat.158,https://digi.vatlib.it/view/MSS_Borg.lat.158,6.0
Borg.lat.182,anonimo,6.0,General Data,Low Quality 1) 132v-133r: Sonetto di anonimo trascritto dal P. Placido Federici dal codice cassinese 502.,https://digi.vatlib.it/mss/detail/Borg.lat.182,https://digi.vatlib.it/view/MSS_Borg.lat.182,7.5
Borg.lat.384,anonimo,6.0,General Data,1) 123r: 2) 154r: 3) 154v(2): 4) 154v-155r: 5) 155r(1): Sonetto anonimo . 6) 155r(2): 7) 155r-v: 8) 155v(1): 9) 155v(2): 10) 156r(2): Sonetto anonimo . 11) 156r-v: 12) 156v(2): 13) 157r(1): 14) 157r(2): 15) 157v(1): 16) 157v(2): 17) 158r(2): 18) 158r-v: 19) 158v(1): 20) 158v(2): 21) 159r(1): 22) 159r(2): 23) 159v-160r: 24) 160r(1): 25) 160r(2): 26) 160v(1): 27) 160v(2): Sonetto anonimo .,https://digi.vatlib.it/mss/detail/Borg.lat.384,https://digi.vatlib.it/view/MSS_Borg.lat.384,6.0
Borg.lat.397,anonimo,6.0,General Data,Low Quality 1) 1r-48v: Diversi modi di difendere i Stati,https://digi.vatlib.it/mss/detail/Borg.lat.397,https://digi.vatlib.it/view/MSS_Borg.lat.397,7.5
Borg.lat.470,anonimo,6.0,General Data,Low Quality 1) 463r-484r: Lineamenta quaedam de eadem facie utriusque ecclesiae primitivae scilicet et praesentis ex Centuriatorum historiis ac aliorum adversariorum testimoniis desumpta,https://digi.vatlib.it/mss/detail/Borg.lat.470,https://digi.vatlib.it/view/MSS_Borg.lat.470,6.0
Borg.lat.481,anonimo,6.0,General Data,"Low Quality 1) 16r-17r: La Maestà di Carlo II re delle Spagne dichiara Messina Scala Franca. 2) 17r: La Maestà di Carlo II re delle Spagne dichiara Messina Scala Franca. 3) 44r: Prenestina festeggiante per le nozze del suo Principe D. Urbano Barberini e D. Felice [Felicita] Ventimiglia, marchese [!] di Gieraci. 4) 81r: Alla Illma et Eccma Principessa D. Cornelia Ottoboni Barberini Principessa di Prenestina. Sonetto. Mentre si degna detta Eccma Sigra Principessa di arrivare nella sua terra e città di Prenestina, la città mi figuro che così parli. 5) 89r-94v: 6) 95r: Invito alla Granduchessa [Luisa Margherita d'Orleans] che vogli abbandonare la casa paterna e venire a Fiorenza. 7) 127r: All'illustrissimo e reverendissimo sig. abbate Gio. Petritio [Pastrizio] predicatore segnalatissimo per il dotto sermone fatto in Caprarola il dì 15 nov. 1688, nel vestiario della signora Geltrude Petti al secolo, chiamata alla religione suor Cunegunda di S. Ermenegildo. 8) 131r-132v: 9) 136r: All'Eccm...",https://digi.vatlib.it/mss/detail/Borg.lat.481,https://digi.vatlib.it/view/MSS_Borg.lat.481,6.0
Borg.lat.484,anonimo,6.0,General Data,Low Quality 1) 131r:,https://digi.vatlib.it/mss/detail/Borg.lat.484,https://digi.vatlib.it/view/MSS_Borg.lat.484,7.5
Borg.lat.565,anonimo,6.0,General Data,"Low Quality 1) 48r-50r, 52r-54r, 57r-61r: 2) 49v-50r: Meliboeus, Titirus et Corydon. 3) 50v-51v: Ad Carolum Stuardium Magnae Britanniae Principem. 4) 52r: Ad Santissimum Dominum Clementem XII, quod lectissimos cardinales rei litterariae fovendae augendaeque praefecerit. 5) 52v: In anniversariam diem qua Sanctissimus Dominus Clemens XII ad pontificalis dignitatis fastigium evectus est 6) 52v-53r: In anniversariam diem qua Sanctissimus Dominus Clemens XII ad pontificalis dignitatis fastigium evectus est 7) 53r: Ad Deiparam Carmeli sospitam quod D. Andreae Corsini rogatu huius gentilem [Clementem XII] in Petri cathedra collocavit. Votum pro eiusdem incolumitate. 8) 53v: Ad Eminentissimum Dominum Cardinalem Bancherium. 9) 54r: Ad divum Andream Corsinum, ut Christianae Reipublicae bone Pontificem [Clementem XII] consanguineum suum diu servet incolumen. 10) 57r-60v: De laudibus SS.D.N. Clementis XII, P.O.M. 11) 61r(1): Ad Eminentissimum [Franciscum] Barberinum, Sacri Collegi vicedecanum 1...",https://digi.vatlib.it/mss/detail/Borg.lat.565,https://digi.vatlib.it/view/MSS_Borg.lat.565,6.0
Capp.Sist.72,anonimo,6.0,General Data,Low Quality 1) Libro corale con dodici mottetti. sec. XVI ex.,https://digi.vatlib.it/mss/detail/Capp.Sist.72,https://digi.vatlib.it/view/MSS_Capp.Sist.72,7.5
Capp.Sist.469,anonimo,6.0,General Data,"1) Giovanni Pierluigi da Palestrina, messa Papae Marcelli, in tre riduzioni di vari autori. sec. XIX",https://digi.vatlib.it/mss/detail/Capp.Sist.469,https://digi.vatlib.it/view/MSS_Capp.Sist.469,7.5
Cappon.147,anonimo,6.0,General Data,"1) p. 127(1): Salutati, Coluccio, 1331-1406 Ad anonimo . 2) p. 153-154: Salutati, Coluccio, 1331-1406 Ad anonimo . 3) p. 155: Salutati, Coluccio, 1331-1406 Ad anonimo . 4) p. 160: Salutati, Coluccio, 1331-1406 Ad anonimo . 5) p. 267: Salutati, Coluccio, 1331-1406 Collegio Cardinalium.",https://digi.vatlib.it/mss/detail/Cappon.147,https://digi.vatlib.it/view/MSS_Cappon.147,6.0
Cappon.180,anonimo,6.0,Bibliographic References:,"Bibliographic References: 1) Allenspach, Iosef Ancora sul commento ai «Trionfi» di anonimo quattrocentesco, In Studi petrarcheschi 1993 2) Allenspach, Iosef Commento ai ""Trionfi"" di anonimo quattrocentesco: un primo elenco di codici, In Studi petrarcheschi",https://digi.vatlib.it/mss/detail/Cappon.180,https://digi.vatlib.it/view/MSS_Cappon.180,3.3
Cappon.224,anonimo,6.0,General Data,"1) 121r: < Anonimo , Testa di putto> 2) 123r: < Anonimo , Testa di putto>",https://digi.vatlib.it/mss/detail/Cappon.224,https://digi.vatlib.it/view/MSS_Cappon.224,7.5
Cappon.241,anonimo,6.0,General Data,"1) < Anonimo Romano, Cronica> Sec. XVII 2) 1r-58v: <Vita di Cola di Rienzo, capitolo 23> 3) 59r-69r: <Capitolo come lo senatore fo allapidato da Romani e delli magnifici fatti li quali fece m. Egidio Conchese de Spagna legato cardinale, per recuperare lo patrimonio, la marcha de Ancona e Romagna> 4) 69v-76r: <Capitolo come fo sconfitto lo principe della Morea a porta de castiello Santo Angelo e como fo trovato Guelfo e gebellino e delle conditioni de Dante e soa vita> 5) 77r-79v: <Capitolo XXIII del quinquagesimo Iubileo in Roma>",https://digi.vatlib.it/mss/detail/Cappon.241,https://digi.vatlib.it/view/MSS_Cappon.241,6.0
Cappon.242,anonimo,6.0,General Data,"1) < Anonimo Romano, Cronica> Sec. XVII 2) 1r-65r: <Vita di Cola di Rienzo> 3) 65r-76r: <Capitolo XXVII come lo senatore allapidato da Romani e delli magnifici fatti li quali fece missere Egidio Conchese de Spagna legato cardinale, per recuperare lo patrimonio, la marca de Ancona et Romagna> 4) 76v-82r: <Capitolo XXIII del quinquagesimo Iubileo in Roma>",https://digi.vatlib.it/mss/detail/Cappon.242,https://digi.vatlib.it/view/MSS_Cappon.242,6.0
Cappon.250,anonimo,6.0,General Data,1) 1r-65v: Vita de beato Iohanne Bactista,https://digi.vatlib.it/mss/detail/Cappon.250,https://digi.vatlib.it/view/MSS_Cappon.250,7.5
Cappon.274,anonimo,6.0,General Data,"1) 601r-604r: Notizie di anonimo sulla vita di Tommaso Porcacchi, mandate da Antonio Francesco Marmi con lettera da Firenze.",https://digi.vatlib.it/mss/detail/Cappon.274,https://digi.vatlib.it/view/MSS_Cappon.274,7.5
Cappon.280.pt.1,anonimo,6.0,General Data,"1) 59r-60v: Gori, Antonio Francesco, sac., 1691-1757 <Lettera di Anton Francesco Gori>",https://digi.vatlib.it/mss/detail/Cappon.280.pt.1,https://digi.vatlib.it/view/MSS_Cappon.280.pt.1,7.5
Cappon.280.pt.2,anonimo,6.0,General Data,"1) f. 245r: Venuti, Filippo, sac., 1709-1769 <Lettera dell'Abate Filippo Venuti>",https://digi.vatlib.it/mss/detail/Cappon.280.pt.2,https://digi.vatlib.it/view/MSS_Cappon.280.pt.2,7.5
Cappon.281.pt.1,anonimo,6.0,General Data,"1) f. 125r: Capponi, Alessandro Gregorio, marchese, 1683-1746 <Biglietto del marchese Alessandro Gregorio Capponi riferito a Vivenzio Polidori>",https://digi.vatlib.it/mss/detail/Cappon.281.pt.1,https://digi.vatlib.it/view/MSS_Cappon.281.pt.1,7.5
Cappon.281.pt.2,anonimo,6.0,General Data,1) f. 313r: <Biglietto anonimo >,https://digi.vatlib.it/mss/detail/Cappon.281.pt.2,https://digi.vatlib.it/view/MSS_Cappon.281.pt.2,7.5
Chig.I.V.167,anonimo,6.0,Bibliographic References:,"Low Quality Bibliographic References: 1) De Rossi, Giovanni Battista, 1822-1894 L'Accademia di Pomponio Leto e le sue memorie scritte sulle pareti delle catacombe romane, In Bullettino di archeologia cristiana 2) Tomassetti, Giuseppe, 1848-1911 Scoperte suburbane, In Bullettino della Commissione archeologica comunale di Roma",https://digi.vatlib.it/mss/detail/Chig.I.V.167,https://digi.vatlib.it/view/MSS_Chig.I.V.167,3.3
Chig.Q.IV.4,anonimo,6.0,General Data,1) 64r: Canto sacro anonimo .,https://digi.vatlib.it/mss/detail/Chig.Q.IV.4,https://digi.vatlib.it/view/MSS_Chig.Q.IV.4,7.5
Chig.Q.IV.8,anonimo,6.0,General Data,"1) Orazio Michi, Luigi Rossi, Anonimo , Raccolta di arie. sec. XVII 2) 7v-14v: Michi, Orazio, c. 1595-1641. Opere spurie e dubbie",https://digi.vatlib.it/mss/detail/Chig.Q.IV.8,https://digi.vatlib.it/view/MSS_Chig.Q.IV.8,7.5
Chig.Q.IV.12,anonimo,6.0,General Data,"1) 1r-10v: Stradella, Alessandro, 1645-1682. Opere spurie e dubbie 2) 135r-150r: Agostini, Pietro Simone, c. 1635-1680. Opere spurie e dubbie",https://digi.vatlib.it/mss/detail/Chig.Q.IV.12,https://digi.vatlib.it/view/MSS_Chig.Q.IV.12,7.5
Chig.Q.IV.19,anonimo,6.0,General Data,"1) Thomás Luis de Victoria, Anonimo , Hymni. sec. XVII",https://digi.vatlib.it/mss/detail/Chig.Q.IV.19,https://digi.vatlib.it/view/MSS_Chig.Q.IV.19,7.5
Chig.Q.IV.24,anonimo,6.0,General Data,"1) Anonimo , Girolamo Frescobaldi, Pierre La Barre, Raccolta quarantuno brani per organo. sec. XVII",https://digi.vatlib.it/mss/detail/Chig.Q.IV.24,https://digi.vatlib.it/view/MSS_Chig.Q.IV.24,7.5
Chig.Q.IV.27,anonimo,6.0,General Data,"1) Girolamo Frescobaldi, Ercole Pasquini, Anonimo , Raccolta di pezzi per organo o tastiera. sec. XVII",https://digi.vatlib.it/mss/detail/Chig.Q.IV.27,https://digi.vatlib.it/view/MSS_Chig.Q.IV.27,7.5
Chig.Q.V.68,anonimo,6.0,General Data,1) 6v-9r: Recitativo anonimo . 2) 66v-71r: Recitativo anonimo .,https://digi.vatlib.it/mss/detail/Chig.Q.V.68,https://digi.vatlib.it/view/MSS_Chig.Q.V.68,7.5
Chig.Q.V.69,anonimo,6.0,General Data,1) 40v-44r: Dialogo anonimo .,https://digi.vatlib.it/mss/detail/Chig.Q.V.69,https://digi.vatlib.it/view/MSS_Chig.Q.V.69,7.5
Chig.Q.V.72,anonimo,6.0,General Data,"1) Amor, Cortesia, Bellezza, cantata di anonimo . sec. XVII",https://digi.vatlib.it/mss/detail/Chig.Q.V.72,https://digi.vatlib.it/view/MSS_Chig.Q.V.72,7.5
Chig.Q.V.73,anonimo,6.0,General Data,1) 1r-175r: Il Tolomeo.,https://digi.vatlib.it/mss/detail/Chig.Q.V.73,https://digi.vatlib.it/view/MSS_Chig.Q.V.73,7.5
Chig.Q.VIII.178,anonimo,6.0,General Data,1) 5v-7r: Inno anonimo . 2) 44r-49r: Madrigale anonimo .,https://digi.vatlib.it/mss/detail/Chig.Q.VIII.178,https://digi.vatlib.it/view/MSS_Chig.Q.VIII.178,7.5
Chig.Q.VIII.180,anonimo,6.0,General Data,Low Quality 1) 10v-12r: Recitativo anonimo . 2) 19v-21r: Recitativo anonimo .,https://digi.vatlib.it/mss/detail/Chig.Q.VIII.180,https://digi.vatlib.it/view/MSS_Chig.Q.VIII.180,7.5
Chig.Q.VIII.188,anonimo,6.0,General Data,Low Quality 1) 48v-51r: Oratorio anonimo .,https://digi.vatlib.it/mss/detail/Chig.Q.VIII.188,https://digi.vatlib.it/view/MSS_Chig.Q.VIII.188,7.5
Chig.Q.VIII.195,anonimo,6.0,General Data,1) 1r-16r: Duetto anonimo .,https://digi.vatlib.it/mss/detail/Chig.Q.VIII.195,https://digi.vatlib.it/view/MSS_Chig.Q.VIII.195,7.5
Chig.Q.VIII.205,anonimo,6.0,General Data,"Low Quality 1) Anonimo , Girolamo Frescobaldi, Raccolta di brani per tastiera e arie. sec. XVII-XIX",https://digi.vatlib.it/mss/detail/Chig.Q.VIII.205,https://digi.vatlib.it/view/MSS_Chig.Q.VIII.205,7.5
Chig.R.VIII.54,anonimo,6.0,Bibliographic References:,"Bibliographic References: 1) Papanicolaou, Maria Identificazione del dotto copista anonimo di un manipolo di manoscritti greci databili al decennio 1526-1535: Francesco Porto, In Atti dell’Accademia Nazionale dei Lincei. Rendiconti. Classe di scienze morali, storiche e filologiche 2012",https://digi.vatlib.it/mss/detail/Chig.R.VIII.54,https://digi.vatlib.it/view/MSS_Chig.R.VIII.54,3.3
Ott.gr.312,anonimo,6.0,Bibliographic References:,"Bibliographic References: 1) Arnesano, Daniele, 1975- Il «Copista del Dioscoride». Un anonimo salentino del secolo XIII, In Bollettino dei Classici 2003",https://digi.vatlib.it/mss/detail/Ott.gr.312,https://digi.vatlib.it/view/MSS_Ott.gr.312,4.8
Ott.gr.313,anonimo,6.0,Bibliographic References:,"Bibliographic References: 1) Arnesano, Daniele, 1975- Il «Copista del Dioscoride». Un anonimo salentino del secolo XIII, In Bollettino dei Classici 2003",https://digi.vatlib.it/mss/detail/Ott.gr.313,https://digi.vatlib.it/view/MSS_Ott.gr.313,4.8
Ott.lat.1677,anonimo,6.0,General Data,1) 255r-v: Versi di anonimo sulla caducità dei beni terreni.,https://digi.vatlib.it/mss/detail/Ott.lat.1677,https://digi.vatlib.it/view/MSS_Ott.lat.1677,7.5
Ott.lat.1752,anonimo,6.0,General Data,1) 186r-187r: De somno et morte Himerae,https://digi.vatlib.it/mss/detail/Ott.lat.1752,https://digi.vatlib.it/view/MSS_Ott.lat.1752,7.5
Ott.lat.1853.pt.2,anonimo,6.0,General Data,Low Quality 1) 320r-329v: Discorso nel quale si tratta se la mutazione d'un costume antico d'una città è utile o dannoso a quel governo.,https://digi.vatlib.it/mss/detail/Ott.lat.1853.pt.2,https://digi.vatlib.it/view/MSS_Ott.lat.1853.pt.2,7.5
Ott.lat.1893,anonimo,6.0,General Data,1) 77r-79v: Orazione di anonimo per la festa dell'Annunciazione della Vergine. 2) 86v: Lettera di anonimo . 3) 86v-87v: Lettera di anonimo . 4) 87v: Lettera di anonimo . 5) 87v-88v: Lettera di anonimo . 6) 88v-89v: Lettera di anonimo .,https://digi.vatlib.it/mss/detail/Ott.lat.1893,https://digi.vatlib.it/view/MSS_Ott.lat.1893,6.0
Ott.lat.1990,anonimo,6.0,General Data,1) Ir(2): Epigramma di anonimo .,https://digi.vatlib.it/mss/detail/Ott.lat.1990,https://digi.vatlib.it/view/MSS_Ott.lat.1990,7.5
Ott.lat.1995,anonimo,6.0,General Data,1) 157v:,https://digi.vatlib.it/mss/detail/Ott.lat.1995,https://digi.vatlib.it/view/MSS_Ott.lat.1995,7.5
Ott.lat.2034,anonimo,6.0,General Data,1) IIr: Epigramma di anonimo .,https://digi.vatlib.it/mss/detail/Ott.lat.2034,https://digi.vatlib.it/view/MSS_Ott.lat.2034,7.5
Ott.lat.2126,anonimo,6.0,General Data,1) 157v-158v: 2) 159r:,https://digi.vatlib.it/mss/detail/Ott.lat.2126,https://digi.vatlib.it/view/MSS_Ott.lat.2126,7.5
Ott.lat.2144,anonimo,6.0,General Data,1) 138v:,https://digi.vatlib.it/mss/detail/Ott.lat.2144,https://digi.vatlib.it/view/MSS_Ott.lat.2144,7.5
Ott.lat.2204,anonimo,6.0,General Data,"1) 1r-26r: Tiepolo, Antonio, 1526-1582 Relazione dell'Impero ottomano [...] letta in Senato il 9 giugno 1576.",https://digi.vatlib.it/mss/detail/Ott.lat.2204,https://digi.vatlib.it/view/MSS_Ott.lat.2204,7.5
Ott.lat.2245,anonimo,6.0,General Data,"1) 58r-87r: Nani, Battista, 1616-1678 Ragguaglio che fa il Sig. Ambasciatore di Venezia al suo Principe tanto de' suoi viaggi che de trattati della sua ambasciata alla corte christianissima. 2) 88r-120r: Zane, Domenico, m. 1672 Lo stato e le forze fomidabili della gran monarchia di Spagna ridotta al presente quasi miserabile per la cupidigia d'Infedeli Ministri ridotta contro suo genio all'Union di Francia nella congiuntura della Pace de' Pirenei con il maritaggio dell'Infante.",https://digi.vatlib.it/mss/detail/Ott.lat.2245,https://digi.vatlib.it/view/MSS_Ott.lat.2245,6.0
Ott.lat.2246,anonimo,6.0,General Data,"1) 140r-146r: Lettera di anonimo , con notizie su Alfonso VI di Portogallo, deposto dal trono l'anno precedente.",https://digi.vatlib.it/mss/detail/Ott.lat.2246,https://digi.vatlib.it/view/MSS_Ott.lat.2246,7.5
Ott.lat.2355,anonimo,6.0,Bibliographic References:,"Bibliographic References: 1) Papanicolaou, Maria Identificazione del dotto copista anonimo di un manipolo di manoscritti greci databili al decennio 1526-1535: Francesco Porto, In Atti dell’Accademia Nazionale dei Lincei. Rendiconti. Classe di scienze morali, storiche e filologiche 2012",https://digi.vatlib.it/mss/detail/Ott.lat.2355,https://digi.vatlib.it/view/MSS_Ott.lat.2355,3.3
Ott.lat.2658,anonimo,6.0,Bibliographic References:,"Bibliographic References: 1) Porta, Giuseppe Le vicende del duca d'Atene e le gesta d'oltremare nella narrazione dell' Anonimo romano, In Studi di filologia italiana 1977 2) Porta, Giuseppe Un nuovo manoscritto della ""Cronica"" di Anonimo romano, In Studi di filologia italiana 1984 3) Porta, Giuseppe A proposito di alcune osservazioni all'edizione critica della ""Cronica"" di Anonimo romano, In Studi medievali 1984",https://digi.vatlib.it/mss/detail/Ott.lat.2658,https://digi.vatlib.it/view/MSS_Ott.lat.2658,3.3
Ott.lat.2813,anonimo,6.0,General Data,"1) 10v: Per la troppa sollecita venuta dell'E.mo Bussi [Giovanni Battista], che pretende al papato. 2) 11r: Sonetto di anonimo , contro mons. Guido del Palagio, prefetto dell'Annona, in occasione del conclave da cui uscì eletto Benedetto XIII. 3) 11v: Al Sacro Collegio. 4) 12r: Sonetto di anonimo in occasione del conclave da cui uscì eletto Benedetto XIII. 5) 12v: Sonetto di anonimo in occasione del conclave da cui uscì eletto Benedetto XIII. 6) 31v: Giuramento del card. [Giulio] Alberoni nell'ingresso al conclave. 7) 41v: Sonetto di anonimo in lode di Innocenzo XIII. 8) 42v: Sonetto di anonimo contro il card. Giuseppe Renato Imperiali, in occasione del conclave da cui uscì eletto Benedetto XIII. 9) 44r: In sede vacante doppo la morte di Innocentio XIII esortatione alli rev.mi Sig. cardinali all'entrare in Conclave 10) 44v: Sonetto satirico di anonimo in occasione del conclave da cui uscì eletto Benedetto XIII. 11) 45r(1): Sonetto satirico di anonimo in occasione del conclave da cui...",https://digi.vatlib.it/mss/detail/Ott.lat.2813,https://digi.vatlib.it/view/MSS_Ott.lat.2813,6.0
Pal.gr.135,anonimo,6.0,Bibliographic References:,"Bibliographic References: 1) Pinto, Pasquale Massimo I “Parenti” di Isocrate (Sullo scambio, 4 e un commento anonimo alla Retorica di Aristotele, CAG XXI.2, pp. 325, 19-326,3), In Bollettino dei Classici 1999",https://digi.vatlib.it/mss/detail/Pal.gr.135,https://digi.vatlib.it/view/MSS_Pal.gr.135,3.3
Pal.gr.141,anonimo,6.0,Bibliographic References:,"Bibliographic References: 1) Angiò, Francesca Un epigramma anonimo dal codice Vat. Pal. gr. 141, In Bollettino della Badia greca di Grottaferrata 1995-96.",https://digi.vatlib.it/mss/detail/Pal.gr.141,https://digi.vatlib.it/view/MSS_Pal.gr.141,4.8
Pal.lat.238,anonimo,6.0,Bibliographic References:,"Bibliographic References: 1) Kanzler, Rodolfo, barone, 1864-1924 Di un nuovo cimitero anonimo sulla via Latina, In Nuovo bullettino di archeologia cristiana",https://digi.vatlib.it/mss/detail/Pal.lat.238,https://digi.vatlib.it/view/MSS_Pal.lat.238,4.8
Pal.lat.487,anonimo,6.0,Bibliographic References:,"Bibliographic References: 1) Leotta, Rosario 1948-1997 Un anonimo imitatore di Massimiano, In Giornale italiano di filologia 1985",https://digi.vatlib.it/mss/detail/Pal.lat.487,https://digi.vatlib.it/view/MSS_Pal.lat.487,4.8
Pal.lat.1488,anonimo,6.0,General Data,1) 107v(1): Sonetto incompleto di anonimo . 2) 107v(2): Sonetto incompleto di anonimo .,https://digi.vatlib.it/mss/detail/Pal.lat.1488,https://digi.vatlib.it/view/MSS_Pal.lat.1488,7.5
Pal.lat.1993,anonimo,6.0,General Data,"1) Opicinus de Canistris, sac., 1296-c. 1352 Diario di Opicino de Canistris. sec. XIV med.",https://digi.vatlib.it/mss/detail/Pal.lat.1993,https://digi.vatlib.it/view/MSS_Pal.lat.1993,7.5
Reg.gr.105,anonimo,6.0,Bibliographic References:,"Bibliographic References: 1) Serventi, Stefano Il Vat. gr. 167, testimone della Continuatio Theophanis, e i marginalia di un anonimo lettore bizantino, In Aevum. Rassegna di scienze storiche, linguistiche e filologiche 2001",https://digi.vatlib.it/mss/detail/Reg.gr.105,https://digi.vatlib.it/view/MSS_Reg.gr.105,3.3
Reg.gr.Pio.II.15,anonimo,6.0,Bibliographic References:,"Bibliographic References: 1) Arnesano, Daniele, 1975- Il «Copista del Dioscoride». Un anonimo salentino del secolo XIII, In Bollettino dei Classici 2003",https://digi.vatlib.it/mss/detail/Reg.gr.Pio.II.15,https://digi.vatlib.it/view/MSS_Reg.gr.Pio.II.15,4.8
Reg.lat.352,anonimo,6.0,General Data,1) 95r-99r: Dramma anonimo sulla passione di Gesù Cristo. 2) 102r-104v: Dramma anonimo sulla passione di Gesù Cristo.,https://digi.vatlib.it/mss/detail/Reg.lat.352,https://digi.vatlib.it/view/MSS_Reg.lat.352,7.5
Reg.lat.838,anonimo,6.0,General Data,1) 86r-v: Horologium. 2) 86v-87v: Liber de computo.,https://digi.vatlib.it/mss/detail/Reg.lat.838,https://digi.vatlib.it/view/MSS_Reg.lat.838,7.5
Reg.lat.850,anonimo,6.0,General Data,1) 262bis-341r: Tractatus iuridico politicus de advocatis.,https://digi.vatlib.it/mss/detail/Reg.lat.850,https://digi.vatlib.it/view/MSS_Reg.lat.850,7.5
Reg.lat.856,anonimo,6.0,General Data,"1) 7r-128v: Ebeling, Bernhard, m. 1530 De rerum et verborum significatione.",https://digi.vatlib.it/mss/detail/Reg.lat.856,https://digi.vatlib.it/view/MSS_Reg.lat.856,7.5
Reg.lat.1007,anonimo,6.0,General Data,1) 68r: Voces tam avium quam brutorum animalium declarantes.,https://digi.vatlib.it/mss/detail/Reg.lat.1007,https://digi.vatlib.it/view/MSS_Reg.lat.1007,7.5
Reg.lat.1072,anonimo,6.0,General Data,"1) 1r-62r: Bartholomaeus Anglicus, O.F.M., sec. XIII Tractatus de mineralibus, de arboribus, fructibus, herbis, avibus.",https://digi.vatlib.it/mss/detail/Reg.lat.1072,https://digi.vatlib.it/view/MSS_Reg.lat.1072,7.5
Reg.lat.1100,anonimo,6.0,General Data,1) 1r-80v: De febribus.,https://digi.vatlib.it/mss/detail/Reg.lat.1100,https://digi.vatlib.it/view/MSS_Reg.lat.1100,7.5
Barb.gr.84,anonymus,6.0,General Data,"1) p. 96-111: Georgius Trapezuntius, 1395-1486 Epistolae aliquot clarorum virorum.",https://digi.vatlib.it/mss/detail/Barb.gr.84,https://digi.vatlib.it/view/MSS_Barb.gr.84,7.5
Barb.gr.152,anonymus,6.0,Bibliographic References:,"Bibliographic References: 1) Kommentare zu Aristoteles, De partibus animalium. Redaktionen zu Michael von Ephesos, kritische Edition und Einleitung. Anonymus (Codex Hieros. S. S. 108) und Georgios Pachymeres ; herausgegeben von Eleni Pappa, Commentaria in Aristotelem Graeca et Byzantina 2022.",https://digi.vatlib.it/mss/detail/Barb.gr.152,https://digi.vatlib.it/view/MSS_Barb.gr.152,3.3
Barb.gr.164,anonymus,6.0,Bibliographic References:,"Bibliographic References: 1) Ebbesen, Sten, 1946- Anonymus Aurelianensis II, Aristotle, Alexander, Porphyry and Boethius. Ancient Scholasticism and 12th century Western Europe, In Cahiers de l’Institut du Moyen-Âge grec et latin 2) Ebbesen, Sten, 1946- Analyzing Syllogisms or Anonymus Aurelianensis III - the (presumably) Earliest Extant Latin Commentary on the Prior Analytics and its Greek Model, In Cahiers de l’Institut du Moyen-Âge grec et latin 1981",https://digi.vatlib.it/mss/detail/Barb.gr.164,https://digi.vatlib.it/view/MSS_Barb.gr.164,3.3
Barb.gr.278,anonymus,6.0,General Data,"1) 41r-v. 34r-40v: Athenaeus Naucratita, sec. III-II <Athenaei Naucratitae Dipnosophistarum> fragmentum libri XV",https://digi.vatlib.it/mss/detail/Barb.gr.278,https://digi.vatlib.it/view/MSS_Barb.gr.278,7.5
Barb.lat.157,anonymus,6.0,General Data,1) 68v-79v: De rebus bellicis,https://digi.vatlib.it/mss/detail/Barb.lat.157,https://digi.vatlib.it/view/MSS_Barb.lat.157,7.5
Borg.lat.82,anonymus,6.0,General Data,"1) 1r-108r: Tractatus anonymus , per modum interrogationum et responsionum",https://digi.vatlib.it/mss/detail/Borg.lat.82,https://digi.vatlib.it/view/MSS_Borg.lat.82,7.5
Borgh.96,anonymus,6.0,General Data,1) 348r-v: Sermo anonymus imperfectus,https://digi.vatlib.it/mss/detail/Borgh.96,https://digi.vatlib.it/view/MSS_Borgh.96,7.5
Borgh.140,anonymus,6.0,General Data,1) 1r-2r: Sermo anonymus . 2) 7v-8v: Sermo anonymus . 3) 9r-10r: Sermo anonymus . 4) 10r-11r: Sermo anonymus . 5) 30r-32r: Sermo anonymus . 6) 45v-47v: Sermo anonymus . 7) 47v-48v: Sermo anonymus . 8) 50bisv-52v: Sermo anonymus . 9) 50v-50bisv: Sermo anonymus . 10) 52v-54v: Sermo anonymus . 11) 57r-58r: Sermo anonymus . 12) 60v-61v: Sermo anonymus . 13) 63r-64r: Sermo anonymus . 14) 64bisv-65r: Sermo anonymus . 15) 64r-64bisv: Sermo anonymus . 16) 65r-66v: Sermo anonymus . 17) 66v-67v: Sermo anonymus . 18) 67v-68v: Sermo anonymus . 19) 68v-70v: Sermo anonymus . 20) 70v-72v: Sermo anonymus . 21) 72v-74r: Sermo anonymus . 22) 76r-78r: Sermo anonymus . 23) 78r-81r: Sermo anonymus .,https://digi.vatlib.it/mss/detail/Borgh.140,https://digi.vatlib.it/view/MSS_Borgh.140,6.0
Borgh.342,anonymus,6.0,General Data,"1) 6v-7r: Amandus de Sancto Quintino, O.P., m. c. 1301. Opere spurie e dubbie Sermo anonymus . 2) 7v: Amandus de Sancto Quintino, O.P., m. c. 1301. Opere spurie e dubbie Dominica xxiii 3) 14v-17r: Sermo anonymus de s. Thoma Aquinate.",https://digi.vatlib.it/mss/detail/Borgh.342,https://digi.vatlib.it/view/MSS_Borgh.342,6.0
Capp.Sist.14,anonymus,6.0,General Data,1) Libro corale con messe sec. XV med.,https://digi.vatlib.it/mss/detail/Capp.Sist.14,https://digi.vatlib.it/view/MSS_Capp.Sist.14,7.5
Ott.gr.83,anonymus,6.0,Bibliographic References:,"Bibliographic References: 1) Hoffmann, Philippe Autres données relatives à un mystérieux collaborateur d'Alde Manuce: l' Anonymus Harvardianus, In Mélanges de l'École française de Rome. Moyen Âge 1986 2) Hoffmann, Philippe Un mystérieux collaborateur d'Alde Manuce: l' Anonymus Harvardianus, In Mélanges de l'École française de Rome. Moyen Âge 1985",https://digi.vatlib.it/mss/detail/Ott.gr.83,https://digi.vatlib.it/view/MSS_Ott.gr.83,3.3
Ott.gr.131,anonymus,6.0,General Data,1) sec. XVII,https://digi.vatlib.it/mss/detail/Ott.gr.131,https://digi.vatlib.it/view/MSS_Ott.gr.131,7.5
Ott.gr.154,anonymus,6.0,General Data,1) sec. XV/XVI,https://digi.vatlib.it/mss/detail/Ott.gr.154,https://digi.vatlib.it/view/MSS_Ott.gr.154,7.5
Ott.gr.305,anonymus,6.0,General Data,1) 1r-70r: ΕΥΣΕΒΙΟΥ τοῦ Παμφίλου εἰς τὸ ἄσμα τῶν ἀσματων ἐξήγησις,https://digi.vatlib.it/mss/detail/Ott.gr.305,https://digi.vatlib.it/view/MSS_Ott.gr.305,7.5
Ott.gr.356,anonymus,6.0,General Data,1) sec. XVI,https://digi.vatlib.it/mss/detail/Ott.gr.356,https://digi.vatlib.it/view/MSS_Ott.gr.356,7.5
Ott.lat.800,anonymus,6.0,General Data,"1) 230r-248v: Calderini, Giovanni, m. 1365 De ecclesiastico interdicto",https://digi.vatlib.it/mss/detail/Ott.lat.800,https://digi.vatlib.it/view/MSS_Ott.lat.800,7.5
Ott.lat.1354,anonymus,6.0,Bibliographic References:,"Low Quality Bibliographic References: 1) Tangari, Nicola Alberico di Montecassino, le Muse e una nuova fonte del trattato Anonymus Vaticanus: Città del Vaticano, Biblioteca Apostolica Vaticana, Ott.lat.1354, In Tientalora (Studi per Francesco Luisi in occasione del suo 80° compleanno, a cura di S. De Salvo Fattor e G. Rostirolla, I), Studi e Cataloghi 2023.",https://digi.vatlib.it/mss/detail/Ott.lat.1354,https://digi.vatlib.it/view/MSS_Ott.lat.1354,3.3
Pal.gr.162,anonymus,6.0,Bibliographic References:,"Bibliographic References: 1) Hoffmann, Philippe Autre données relatives à un mystérieux collaborateur d'Alde Manuce: l' Anonymus Harvardianus, In Mélanges de l'École française de Rome. Moyen Âge 1986",https://digi.vatlib.it/mss/detail/Pal.gr.162,https://digi.vatlib.it/view/MSS_Pal.gr.162,3.3
Pal.lat.235,anonymus,6.0,Bibliographic References:,"Bibliographic References: 1) Tangari, Nicola Alberico di Montecassino, le Muse e una nuova fonte del trattato Anonymus Vaticanus: Città del Vaticano, Biblioteca Apostolica Vaticana, Ott.lat.1354, In Tientalora (Studi per Francesco Luisi in occasione del suo 80° compleanno, a cura di S. De Salvo Fattor e G. Rostirolla, I), Studi e Cataloghi 2023.",https://digi.vatlib.it/mss/detail/Pal.lat.235,https://digi.vatlib.it/view/MSS_Pal.lat.235,3.3
Pal.lat.927,anonymus,6.0,Bibliographic References:,"1) 126r, 127v-128r, 128v-132r: Anonymus Valesianus, sec. V-VI Chronica Theodoriciana, cap. VII-VIII. Excerpta Bibliographic References: 2) Zangemeister, Karl Friedrich Wilhelm, 1837-1902 Zum Anonymus Valesianus In Rheinisches Museum für Philologie",https://digi.vatlib.it/mss/detail/Pal.lat.927,https://digi.vatlib.it/view/MSS_Pal.lat.927,3.3
Pal.lat.1746,anonymus,6.0,Bibliographic References:,"Bibliographic References: 1) De Nonno, Mario, 1954- Note all’editio princeps dell’ Anonymus ad Cuimnanum, In Latomus. Revue d’études latines 1996 2) Taeger, Burkhard «Multiplex enim ut lex Dei etiam Latinitas». Zu den Quellen des Anonymus ad Cuimnanum, In Studi medievali 1991 3) Löfstedt, Bengt Grammatisch-rhetorische Fragmente im Anonymus ad Cuimnanum, In Eranos. Acta philologica Suecana 1990",https://digi.vatlib.it/mss/detail/Pal.lat.1746,https://digi.vatlib.it/view/MSS_Pal.lat.1746,3.3
Reg.gr.107,anonymus,6.0,Bibliographic References:,"Bibliographic References: 1) Ebbesen, Sten, 1946- Anonymus Aurelianensis II, Aristotle, Alexander, Porphyry and Boethius. Ancient Scholasticism and 12th century Western Europe, In Cahiers de l’Institut du Moyen-Âge grec et latin 1976",https://digi.vatlib.it/mss/detail/Reg.gr.107,https://digi.vatlib.it/view/MSS_Reg.gr.107,3.3
Reg.gr.173,anonymus,6.0,Bibliographic References:,"Bibliographic References: 1) Hoffmann, Philippe Autre données relatives à un mystérieux collaborateur d'Alde Manuce: l' Anonymus Harvardianus, In Mélanges de l'École française de Rome. Moyen Âge 1986 2) Hoffmann, Philippe Un mystérieux collaborateur d'Alde Manuce: l' Anonymus Harvardianus, In Mélanges de l'École française de Rome. Moyen Âge 1985",https://digi.vatlib.it/mss/detail/Reg.gr.173,https://digi.vatlib.it/view/MSS_Reg.gr.173,3.3
Reg.lat.49,anonymus,6.0,Bibliographic References:,"Bibliographic References: 1) Löfstedt, Bengt Grammatisch-rhetorische Fragmente im Anonymus ad Cuimnanum, In Eranos. Acta philologica Suecana 1990",https://digi.vatlib.it/mss/detail/Reg.lat.49,https://digi.vatlib.it/view/MSS_Reg.lat.49,4.8
Reg.lat.241,anonymus,6.0,Bibliographic References:,"Bibliographic References: 1) Hartmann, Wilfried Beziehungen des Normannischen Anonymus zu frühscholastischen Bildungszentren, In Deutsches Archiv für Erforschung des Mittelalters 1975",https://digi.vatlib.it/mss/detail/Reg.lat.241,https://digi.vatlib.it/view/MSS_Reg.lat.241,3.3
Reg.lat.424,anonymus,6.0,General Data,1) 136r-v: Tractatus De Sacra Scriptura.,https://digi.vatlib.it/mss/detail/Reg.lat.424,https://digi.vatlib.it/view/MSS_Reg.lat.424,7.5
Reg.lat.535,anonymus,6.0,Bibliographic References:,"Bibliographic References: 1) Woesthuis, Marinus M. The Origins of Anonymus Primus. Vincent of Beauvais, Helinand of Froidmont and the Life of St. Hugh of Cluny, In Analecta Bollandiana 1987",https://digi.vatlib.it/mss/detail/Reg.lat.535,https://digi.vatlib.it/view/MSS_Reg.lat.535,3.3
Reg.lat.1059,anonymus,6.0,General Data,"1) Dionysius de Burgo Sancti Sepulcri, In Valerium Maximum; Guilelmus de Occam, Disputatio inter clericum et militem; Anonymus , Disputatio inter clericum et militem. sec. XIV",https://digi.vatlib.it/mss/detail/Reg.lat.1059,https://digi.vatlib.it/view/MSS_Reg.lat.1059,7.5
Reg.lat.1147,anonymus,6.0,General Data,"1) Anonymus , Varia chimica; Odo episcopus, Parabolae; Anonymus , De Zodiaco et signis. sec. XIV ex. XV in.",https://digi.vatlib.it/mss/detail/Reg.lat.1147,https://digi.vatlib.it/view/MSS_Reg.lat.1147,7.5
Reg.lat.1191,anonymus,6.0,General Data,"1) Anonymus , Arithmetica; Aegidius de Lacinis, Tractatus de tempore III. sec. XIII ex.",https://digi.vatlib.it/mss/detail/Reg.lat.1191,https://digi.vatlib.it/view/MSS_Reg.lat.1191,7.5
Reg.lat.1193,anonymus,6.0,General Data,"1) Anonymus , Geographia et Sphaera sec. XVII in.",https://digi.vatlib.it/mss/detail/Reg.lat.1193,https://digi.vatlib.it/view/MSS_Reg.lat.1193,7.5
Reg.lat.1324,anonymus,6.0,General Data,1) 21v-22v: Arati ea quae videntur 2) 48r-v: Excerptum de astrologia Arati.,https://digi.vatlib.it/mss/detail/Reg.lat.1324,https://digi.vatlib.it/view/MSS_Reg.lat.1324,7.5
Reg.lat.1442,anonymus,6.0,Bibliographic References:,"Bibliographic References: 1) De Nonno, Mario, 1954- Note all’editio princeps dell’ Anonymus ad Cuimnanum, In Latomus. Revue d’études latines 1996",https://digi.vatlib.it/mss/detail/Reg.lat.1442,https://digi.vatlib.it/view/MSS_Reg.lat.1442,4.8
Urb.gr.61,anonymus,6.0,Bibliographic References:,"Bibliographic References: 1) Hoffmann, Philippe Autre données relatives à un mystérieux collaborateur d'Alde Manuce: l' Anonymus Harvardianus, In Mélanges de l'École française de Rome. Moyen Âge 1986",https://digi.vatlib.it/mss/detail/Urb.gr.61,https://digi.vatlib.it/view/MSS_Urb.gr.61,3.3
Urb.gr.133,anonymus,6.0,Bibliographic References:,"Bibliographic References: 1) Hoffmann, Philippe Autre données relatives à un mystérieux collaborateur d'Alde Manuce: l' Anonymus Harvardianus, In Mélanges de l'École française de Rome. Moyen Âge 1986",https://digi.vatlib.it/mss/detail/Urb.gr.133,https://digi.vatlib.it/view/MSS_Urb.gr.133,3.3
Urb.lat.984,anonymus,6.0,General Data,1) 178r-227v: Tractatus de rebus antiquis et situ urbis Romae.,https://digi.vatlib.it/mss/detail/Urb.lat.984,https://digi.vatlib.it/view/MSS_Urb.lat.984,7.5
Urb.lat.1154,anonymus,6.0,Bibliographic References:,"Bibliographic References: 1) De Nonno, Mario, 1954- La raccolta grammaticale del codice napoletano IV.A.17 e il testo dell'"" Anonymus Bobiensis"", In Rivista di filologia e di istruzione classica 1983",https://digi.vatlib.it/mss/detail/Urb.lat.1154,https://digi.vatlib.it/view/MSS_Urb.lat.1154,3.3
Urb.lat.1358,anonymus,6.0,General Data,1) 163v-166r: De astrologia.,https://digi.vatlib.it/mss/detail/Urb.lat.1358,https://digi.vatlib.it/view/MSS_Urb.lat.1358,7.5
Vat.ar.107,anonymus,6.0,General Data,"Low Quality 1) 89r-93r: مختصر اصول الذين النصرانية وهم اربعة فصول ""Compendium de fundamentis religionis christianae, sectiones autem sunt quattuor"" 2) 106r-107v: باب يتضمن الرب على من حجب الصلبوت ""Capitulum quod continet responsionem ad eos qui (Iesu Christi) crucifixionem negant""",https://digi.vatlib.it/mss/detail/Vat.ar.107,https://digi.vatlib.it/view/MSS_Vat.ar.107,6.0
Vat.ar.111,anonymus,6.0,General Data,Low Quality 1) 160r-161v:,https://digi.vatlib.it/mss/detail/Vat.ar.111,https://digi.vatlib.it/view/MSS_Vat.ar.111,7.5
Vat.ar.145,anonymus,6.0,General Data,Low Quality 1) 160r-161r:,https://digi.vatlib.it/mss/detail/Vat.ar.145,https://digi.vatlib.it/view/MSS_Vat.ar.145,7.5
Vat.ar.460,anonymus,6.0,General Data,Low Quality 1) 23v-24v: 2) 26v-30v: 3) 37r-42v:,https://digi.vatlib.it/mss/detail/Vat.ar.460,https://digi.vatlib.it/view/MSS_Vat.ar.460,7.5
Vat.gr.180,anonymus,6.0,Bibliographic References:,"Bibliographic References: 1) Hoffmann, Philippe Un mystérieux collaborateur d'Alde Manuce: l' Anonymus Harvardianus, In Mélanges de l'École française de Rome. Moyen Âge 1985",https://digi.vatlib.it/mss/detail/Vat.gr.180,https://digi.vatlib.it/view/MSS_Vat.gr.180,4.8
Vat.gr.184,anonymus,6.0,Bibliographic References:,"Bibliographic References: 1) Hoffmann, Philippe Un mystérieux collaborateur d'Alde Manuce: l' Anonymus Harvardianus, In Mélanges de l'École française de Rome. Moyen Âge 1985",https://digi.vatlib.it/mss/detail/Vat.gr.184,https://digi.vatlib.it/view/MSS_Vat.gr.184,4.8
Vat.gr.192,anonymus,6.0,Bibliographic References:,"Bibliographic References: 1) Hoffmann, Philippe Un mystérieux collaborateur d'Alde Manuce: l' Anonymus Harvardianus, In Mélanges de l'École française de Rome. Moyen Âge 1985",https://digi.vatlib.it/mss/detail/Vat.gr.192,https://digi.vatlib.it/view/MSS_Vat.gr.192,4.8
Vat.gr.209,anonymus,6.0,Bibliographic References:,"Low Quality Bibliographic References: 1) Ebbesen, Sten, 1946- Analyzing Syllogisms or Anonymus Aurelianensis III - the (presumably) Earliest Extant Latin Commentary on the Prior Analytics and its Greek Model, In Cahiers de l’Institut du Moyen-Âge grec et latin 1981",https://digi.vatlib.it/mss/detail/Vat.gr.209,https://digi.vatlib.it/view/MSS_Vat.gr.209,3.3
Vat.gr.241,anonymus,6.0,Bibliographic References:,"Bibliographic References: 1) Ebbesen, Sten, 1946- Anonymus Aurelianensis II, Aristotle, Alexander, Porphyry and Boethius. Ancient Scholasticism and 12th century Western Europe, In Cahiers de l’Institut du Moyen-Âge grec et latin 1976 2) Kommentare zu Aristoteles, De partibus animalium. Redaktionen zu Michael von Ephesos, kritische Edition und Einleitung. Anonymus (Codex Hieros. S. S. 108) und Georgios Pachymeres ; herausgegeben von Eleni Pappa, Commentaria in Aristotelem Graeca et Byzantina 2022.",https://digi.vatlib.it/mss/detail/Vat.gr.241,https://digi.vatlib.it/view/MSS_Vat.gr.241,3.3
Vat.gr.244,anonymus,6.0,Bibliographic References:,"Bibliographic References: 1) Krewet, Michael Der Anonymus Coislinianus-Kommentar in den süditalienischen Handschriften der Terra d’Otranto des 12. und 13. Jahrhunderts, In Die griechische Gelehrsamkeit in Süditalien. Manuskripte, Texte und Wissenstransfer im 10.-13. Jahrhundert, Etymologika - Studien 2025. 2) Ebbesen, Sten, 1946- Analyzing Syllogisms or Anonymus Aurelianensis III - the (presumably) Earliest Extant Latin Commentary on the Prior Analytics and its Greek Model, In Cahiers de l’Institut du Moyen-Âge grec et latin 1981",https://digi.vatlib.it/mss/detail/Vat.gr.244,https://digi.vatlib.it/view/MSS_Vat.gr.244,3.3
Vat.gr.248,anonymus,6.0,Bibliographic References:,"Low Quality Bibliographic References: 1) Ebbesen, Sten, 1946- Anonymus Aurelianensis II, Aristotle, Alexander, Porphyry and Boethius. Ancient Scholasticism and 12th century Western Europe, In Cahiers de l’Institut du Moyen-Âge grec et latin 1976",https://digi.vatlib.it/mss/detail/Vat.gr.248,https://digi.vatlib.it/view/MSS_Vat.gr.248,3.3
Vat.gr.260,anonymus,6.0,Bibliographic References:,"Bibliographic References: 1) Kommentare zu Aristoteles, De partibus animalium. Redaktionen zu Michael von Ephesos, kritische Edition und Einleitung. Anonymus (Codex Hieros. S. S. 108) und Georgios Pachymeres ; herausgegeben von Eleni Pappa, Commentaria in Aristotelem Graeca et Byzantina 2022.",https://digi.vatlib.it/mss/detail/Vat.gr.260,https://digi.vatlib.it/view/MSS_Vat.gr.260,3.3
Vat.gr.261.pt.1,anonymus,6.0,Bibliographic References:,"Bibliographic References: 1) Kommentare zu Aristoteles, De partibus animalium. Redaktionen zu Michael von Ephesos, kritische Edition und Einleitung. Anonymus (Codex Hieros. S. S. 108) und Georgios Pachymeres ; herausgegeben von Eleni Pappa, Commentaria in Aristotelem Graeca et Byzantina 2022.",https://digi.vatlib.it/mss/detail/Vat.gr.261.pt.1,https://digi.vatlib.it/view/MSS_Vat.gr.261.pt.1,3.3
Vat.gr.266,anonymus,6.0,Bibliographic References:,"Bibliographic References: 1) Kommentare zu Aristoteles, De partibus animalium. Redaktionen zu Michael von Ephesos, kritische Edition und Einleitung. Anonymus (Codex Hieros. S. S. 108) und Georgios Pachymeres ; herausgegeben von Eleni Pappa, Commentaria in Aristotelem Graeca et Byzantina 2022.",https://digi.vatlib.it/mss/detail/Vat.gr.266,https://digi.vatlib.it/view/MSS_Vat.gr.266,3.3
Vat.gr.633,anonymus,6.0,General Data,1) 64r-72r: Tractatus anonymus cum locis maxime ex Iohannis Chrysostomi operibus,https://digi.vatlib.it/mss/detail/Vat.gr.633,https://digi.vatlib.it/view/MSS_Vat.gr.633,7.5
Vat.gr.1032,anonymus,6.0,Bibliographic References:,"Bibliographic References: 1) Kommentare zu Aristoteles, De partibus animalium. Redaktionen zu Michael von Ephesos, kritische Edition und Einleitung. Anonymus (Codex Hieros. S. S. 108) und Georgios Pachymeres ; herausgegeben von Eleni Pappa, Commentaria in Aristotelem Graeca et Byzantina 2022.",https://digi.vatlib.it/mss/detail/Vat.gr.1032,https://digi.vatlib.it/view/MSS_Vat.gr.1032,3.3
Vat.gr.1305,anonymus,6.0,Bibliographic References:,"Low Quality Bibliographic References: 1) Hoffmann, Philippe Autres données relatives à un mystérieux collaborateur d'Alde Manuce: l' Anonymus Harvardianus, In Mélanges de l'École française de Rome. Moyen Âge 1986",https://digi.vatlib.it/mss/detail/Vat.gr.1305,https://digi.vatlib.it/view/MSS_Vat.gr.1305,3.3
Vat.gr.1314,anonymus,6.0,Bibliographic References:,"Low Quality Bibliographic References: 1) Gamillscheg, Ernst, 1950- Andronikos Kallistos oder Anonymus Mutinensis? Zur Schriftenentwicklung des Andronikos Kallistos, In Römische Historische Mitteilungen 1983 2) Smith, Ole Langwitz Anonymus Mutinensis or Andronikos Kallistos, In Classica et mediaevalia 1986",https://digi.vatlib.it/mss/detail/Vat.gr.1314,https://digi.vatlib.it/view/MSS_Vat.gr.1314,3.3
Vat.gr.1339,anonymus,6.0,Bibliographic References:,"Low Quality Bibliographic References: 1) Kommentare zu Aristoteles, De partibus animalium. Redaktionen zu Michael von Ephesos, kritische Edition und Einleitung. Anonymus (Codex Hieros. S. S. 108) und Georgios Pachymeres ; herausgegeben von Eleni Pappa, Commentaria in Aristotelem Graeca et Byzantina 2022.",https://digi.vatlib.it/mss/detail/Vat.gr.1339,https://digi.vatlib.it/view/MSS_Vat.gr.1339,3.3
Vat.gr.1608,anonymus,6.0,Bibliographic References:,"Low Quality Bibliographic References: 1) Hoffmann, Philippe Un mystérieux collaborateur d'Alde Manuce: l' Anonymus Harvardianus, In Mélanges de l'École française de Rome. Moyen Âge 1985",https://digi.vatlib.it/mss/detail/Vat.gr.1608,https://digi.vatlib.it/view/MSS_Vat.gr.1608,3.3
Vat.gr.1646,anonymus,6.0,Bibliographic References:,"Bibliographic References: 1) Hoffmann, Philippe Un mystérieux collaborateur d'Alde Manuce: l' Anonymus Harvardianus, In Mélanges de l'École française de Rome. Moyen Âge 1985",https://digi.vatlib.it/mss/detail/Vat.gr.1646,https://digi.vatlib.it/view/MSS_Vat.gr.1646,4.8
Vat.gr.2173,anonymus,6.0,Bibliographic References:,"Low Quality Bibliographic References: 1) Krewet, Michael Der Anonymus Coislinianus-Kommentar in den süditalienischen Handschriften der Terra d’Otranto des 12. und 13. Jahrhunderts, In Die griechische Gelehrsamkeit in Süditalien. Manuskripte, Texte und Wissenstransfer im 10.-13. Jahrhundert, Etymologika - Studien 2025.",https://digi.vatlib.it/mss/detail/Vat.gr.2173,https://digi.vatlib.it/view/MSS_Vat.gr.2173,3.3
Vat.lat.409,anonymus,6.0,Bibliographic References:,"Bibliographic References: 1) Monfasani, John, 1943- Some quattrocento traslators of St. Basil the Great: Gaspare Zacchi, episcopus anonymus , Pietro Balbi, Athanasius Chalkeopoulos, and cardinal Bessaion, In Φιλαναγνωστησ. Studi in onore di Marino Zorzi, 2008",https://digi.vatlib.it/mss/detail/Vat.lat.409,https://digi.vatlib.it/view/MSS_Vat.lat.409,3.3
Vat.lat.634,anonymus,6.0,General Data,1) 49r: Sermo anonymus . 2) 68r-v: Sermo anonymus de tempore in dominica in palmis.,https://digi.vatlib.it/mss/detail/Vat.lat.634,https://digi.vatlib.it/view/MSS_Vat.lat.634,7.5
Vat.lat.793,anonymus,6.0,General Data,1) 73r-75r: Expositio missae.,https://digi.vatlib.it/mss/detail/Vat.lat.793,https://digi.vatlib.it/view/MSS_Vat.lat.793,7.5
Vat.lat.1783,anonymus,6.0,General Data,"1) 136v-139r: Excerptum de astrologia Arati. 2) 152v: Schemata ad doctrinas ecclesiasticas pertitentia, ut tractationem scripturarum, catenam peccati, causas remissionis. 3) 154r: Schema de viciis principalibus. 4) 157r: Schemata de temptationibus, de causis pro quibus infirmitate affligimur. 5) 159r: Schema virtutum et vitiorum.",https://digi.vatlib.it/mss/detail/Vat.lat.1783,https://digi.vatlib.it/view/MSS_Vat.lat.1783,6.0
Vat.lat.2154,anonymus,6.0,General Data,1) 29v-34v: Tractatus anonymus de Insolubilibus cum opinionibus Gulielmi Hentisbury [Heytesbury] Richardi Swinshead et aliorum philosophorum,https://digi.vatlib.it/mss/detail/Vat.lat.2154,https://digi.vatlib.it/view/MSS_Vat.lat.2154,7.5
Vat.lat.3110,anonymus,6.0,General Data,1) 89v-90v: De polis,https://digi.vatlib.it/mss/detail/Vat.lat.3110,https://digi.vatlib.it/view/MSS_Vat.lat.3110,7.5
Vat.lat.3715,anonymus,6.0,General Data,"1) p. 1-4: De gradibus cognationum, Regiones seu Curiosum urbis Romae, De rebus bellicis (estratti) 2) p. 56-64: De rebus bellicis",https://digi.vatlib.it/mss/detail/Vat.lat.3715,https://digi.vatlib.it/view/MSS_Vat.lat.3715,7.5
Vat.lat.4155,anonymus,6.0,Bibliographic References:,"Bibliographic References: 1) Monfasani, John, 1943- Some quattrocento traslators of St. Basil the Great: Gaspare Zacchi, episcopus anonymus , Pietro Balbi, Athanasius Chalkeopoulos, and cardinal Bessaion, In Φιλαναγνωστησ. Studi in onore di Marino Zorzi, 2008",https://digi.vatlib.it/mss/detail/Vat.lat.4155,https://digi.vatlib.it/view/MSS_Vat.lat.4155,3.3
Vat.lat.4249,anonymus,6.0,Bibliographic References:,"Bibliographic References: 1) Monfasani, John, 1943- Some quattrocento traslators of St. Basil the Great: Gaspare Zacchi, episcopus anonymus , Pietro Balbi, Athanasius Chalkeopoulos, and cardinal Bessaion, In Φιλαναγνωστησ. Studi in onore di Marino Zorzi, 2008",https://digi.vatlib.it/mss/detail/Vat.lat.4249,https://digi.vatlib.it/view/MSS_Vat.lat.4249,3.3
Vat.lat.5129,anonymus,6.0,Bibliographic References:,"Bibliographic References: 1) Anonymus , ex codice vaticano lat. 5129, Corpus scriptorum de musica 1964.",https://digi.vatlib.it/mss/detail/Vat.lat.5129,https://digi.vatlib.it/view/MSS_Vat.lat.5129,4.8
Vat.lat.5331,anonymus,6.0,General Data,1) 80r: Carmen quod anonymus quidam scriba scripsit in fine operis Jordani Ruffi de medicina equorum.,https://digi.vatlib.it/mss/detail/Vat.lat.5331,https://digi.vatlib.it/view/MSS_Vat.lat.5331,7.5
Vat.lat.5772,anonymus,6.0,Bibliographic References:,"Bibliographic References: 1) Zangemeister, Karl Friedrich Wilhelm, 1837-1902 Zum Anonymus Valesianus In Rheinisches Museum für Philologie",https://digi.vatlib.it/mss/detail/Vat.lat.5772,https://digi.vatlib.it/view/MSS_Vat.lat.5772,4.8
Vat.lat.7563,anonymus,6.0,General Data,"Low Quality 1) 73r-76v: Augustinus, s., vesc. d'Ippona, 354-430. Opere spurie e dubbie De desiderio et siti Anime in Deum 2) 76v-78r: Augustinus, s., vesc. d'Ippona, 354-430. Opere spurie e dubbie De confesione [sic] proprie vilitatis 3) 78r-80r: Augustinus, s., vesc. d'Ippona, 354-430. Opere spurie e dubbie Consideratio divine maiestatis 4) 80r-81r: Augustinus, s., vesc. d'Ippona, 354-430 Quod anima fidelis sit santuarium Dei 5) 81r-v: Augustinus, s., vesc. d'Ippona, 354-430. Opere spurie e dubbie De fervore dilectionis vel charitatis 6) 82r-84r: Augustinus, s., vesc. d'Ippona, 354-430. Opere spurie e dubbie De gloria celestis patrie 7) 84v-87r: Augustinus, s., vesc. d'Ippona, 354-430. Opere spurie e dubbie De inefabili dulcedine Dei",https://digi.vatlib.it/mss/detail/Vat.lat.7563,https://digi.vatlib.it/view/MSS_Vat.lat.7563,6.0
Arch.Cap.S.Pietro.D.157,attribuzione,6.0,Bibliographic References:,"Bibliographic References: 1) Canart, Paul, sac., 1927-2017 L'ornamentazione nei manoscritti greci del Rinascimento: un criterio d' attribuzione da sfruttare?, In Rivista di studi bizantini e neoellenici 2005",https://digi.vatlib.it/mss/detail/Arch.Cap.S.Pietro.D.157,https://digi.vatlib.it/view/MSS_Arch.Cap.S.Pietro.D.157,3.3
Arch.Cap.S.Pietro.G.13,attribuzione,6.0,Bibliographic References:,"Low Quality Bibliographic References: 1) Carloni, R. Un problema di attribuzione risolto: la statua di S. Pietro in Vaticano, In Roma Anno 1300. Atti della IV settimana di studi di storia dell’arte medievale dell’Univ. di Roma “La Sapienza”, 19-24 maggio 1980, 1983",https://digi.vatlib.it/mss/detail/Arch.Cap.S.Pietro.G.13,https://digi.vatlib.it/view/MSS_Arch.Cap.S.Pietro.G.13,3.3
Barb.gr.54,attribuzione,6.0,Bibliographic References:,"Bibliographic References: 1) Canart, Paul, sac., 1927-2017 L'ornamentazione nei manoscritti greci del Rinascimento: un criterio d' attribuzione da sfruttare?, In Rivista di studi bizantini e neoellenici 2005 2) Canart, Paul, sac., 1927-2017 L'ornamentazione nei manoscritti greci del Rinascimento: un criterio d' attribuzione da sfruttare?, In Rivista di studi bizantini e neoellenici 2005",https://digi.vatlib.it/mss/detail/Barb.gr.54,https://digi.vatlib.it/view/MSS_Barb.gr.54,3.3
Barb.gr.60,attribuzione,6.0,Bibliographic References:,"Bibliographic References: 1) Canart, Paul, sac., 1927-2017 L'ornamentazione nei manoscritti greci del Rinascimento: un criterio d' attribuzione da sfruttare?, In Rivista di studi bizantini e neoellenici 2005",https://digi.vatlib.it/mss/detail/Barb.gr.60,https://digi.vatlib.it/view/MSS_Barb.gr.60,3.3
Barb.gr.64,attribuzione,6.0,Bibliographic References:,"Bibliographic References: 1) Canart, Paul, sac., 1927-2017 L'ornamentazione nei manoscritti greci del Rinascimento: un criterio d' attribuzione da sfruttare?, In Rivista di studi bizantini e neoellenici 2005",https://digi.vatlib.it/mss/detail/Barb.gr.64,https://digi.vatlib.it/view/MSS_Barb.gr.64,3.3
Barb.gr.74,attribuzione,6.0,Bibliographic References:,"Bibliographic References: 1) Scognamiglio, Federica ""Ascolta, ragazzo, il mio consiglio"": l'acrostico parenetico di Ignazio Diacono, e un altro acrostico di incerta attribuzione , In Journal of Byzantine Studies 2022.",https://digi.vatlib.it/mss/detail/Barb.gr.74,https://digi.vatlib.it/view/MSS_Barb.gr.74,3.3
Barb.gr.231,attribuzione,6.0,Bibliographic References:,"Bibliographic References: 1) Canart, Paul, sac., 1927-2017 L'ornamentazione nei manoscritti greci del Rinascimento: un criterio d' attribuzione da sfruttare?, In Rivista di studi bizantini e neoellenici 2005",https://digi.vatlib.it/mss/detail/Barb.gr.231,https://digi.vatlib.it/view/MSS_Barb.gr.231,3.3
Barb.gr.306,attribuzione,6.0,Bibliographic References:,"Bibliographic References: 1) Canart, Paul, sac., 1927-2017 L'ornamentazione nei manoscritti greci del Rinascimento: un criterio d' attribuzione da sfruttare?, In Rivista di studi bizantini e neoellenici 2005",https://digi.vatlib.it/mss/detail/Barb.gr.306,https://digi.vatlib.it/view/MSS_Barb.gr.306,3.3
Barb.gr.310,attribuzione,6.0,Bibliographic References:,"Bibliographic References: 1) Giardina, Giovanna R. L’Anacreontea 5 di Leone Magistro Chirosfaktis. Sul problema dell’ attribuzione , In Bollettino della Badia greca di Grottaferrata 1994",https://digi.vatlib.it/mss/detail/Barb.gr.310,https://digi.vatlib.it/view/MSS_Barb.gr.310,3.3
Barb.gr.323,attribuzione,6.0,Bibliographic References:,"Bibliographic References: 1) Canart, Paul, sac., 1927-2017 L'ornamentazione nei manoscritti greci del Rinascimento: un criterio d' attribuzione da sfruttare?, In Rivista di studi bizantini e neoellenici 2005",https://digi.vatlib.it/mss/detail/Barb.gr.323,https://digi.vatlib.it/view/MSS_Barb.gr.323,3.3
Barb.gr.351,attribuzione,6.0,Bibliographic References:,"Bibliographic References: 1) Canart, Paul, sac., 1927-2017 L'ornamentazione nei manoscritti greci del Rinascimento: un criterio d' attribuzione da sfruttare?, In Rivista di studi bizantini e neoellenici 2005",https://digi.vatlib.it/mss/detail/Barb.gr.351,https://digi.vatlib.it/view/MSS_Barb.gr.351,3.3
Barb.gr.359,attribuzione,6.0,Bibliographic References:,"Low Quality Bibliographic References: 1) Canart, Paul, sac., 1927-2017 L'ornamentazione nei manoscritti greci del Rinascimento: un criterio d' attribuzione da sfruttare?, In Rivista di studi bizantini e neoellenici 2005",https://digi.vatlib.it/mss/detail/Barb.gr.359,https://digi.vatlib.it/view/MSS_Barb.gr.359,3.3
Barb.gr.377,attribuzione,6.0,Bibliographic References:,"Bibliographic References: 1) Canart, Paul, sac., 1927-2017 L'ornamentazione nei manoscritti greci del Rinascimento: un criterio d' attribuzione da sfruttare?, In Rivista di studi bizantini e neoellenici 2005",https://digi.vatlib.it/mss/detail/Barb.gr.377,https://digi.vatlib.it/view/MSS_Barb.gr.377,3.3
Barb.gr.429,attribuzione,6.0,Bibliographic References:,"Bibliographic References: 1) Canart, Paul, sac., 1927-2017 L'ornamentazione nei manoscritti greci del Rinascimento: un criterio d' attribuzione da sfruttare?, In Rivista di studi bizantini e neoellenici 2005",https://digi.vatlib.it/mss/detail/Barb.gr.429,https://digi.vatlib.it/view/MSS_Barb.gr.429,3.3
Barb.gr.455,attribuzione,6.0,Bibliographic References:,"Low Quality Bibliographic References: 1) Lucà, Santo, 1947- Italograeca, III. Reggio Calabria, Biblioteca Comunale «Pietro De Nava», Pergamene e Rari, perg. nr. 64: frammento di Lezionario del secolo XII (con un’appendice su qualche manoscritto greco di incerta attribuzione all’Italia meridionale), In Archivio storico per la Calabria e la Lucania 2023",https://digi.vatlib.it/mss/detail/Barb.gr.455,https://digi.vatlib.it/view/MSS_Barb.gr.455,3.3
Barb.gr.482,attribuzione,6.0,Bibliographic References:,"Bibliographic References: 1) Canart, Paul, sac., 1927-2017 L'ornamentazione nei manoscritti greci del Rinascimento: un criterio d' attribuzione da sfruttare?, In Rivista di studi bizantini e neoellenici 2005",https://digi.vatlib.it/mss/detail/Barb.gr.482,https://digi.vatlib.it/view/MSS_Barb.gr.482,3.3
Barb.gr.541,attribuzione,6.0,Bibliographic References:,"Bibliographic References: 1) Lucà, Santo, 1947- Italograeca, III. Reggio Calabria, Biblioteca Comunale «Pietro De Nava», Pergamene e Rari, perg. nr. 64: frammento di Lezionario del secolo XII (con un’appendice su qualche manoscritto greco di incerta attribuzione all’Italia meridionale), In Archivio storico per la Calabria e la Lucania 2023",https://digi.vatlib.it/mss/detail/Barb.gr.541,https://digi.vatlib.it/view/MSS_Barb.gr.541,3.3
Barb.gr.568,attribuzione,6.0,Bibliographic References:,"Bibliographic References: 1) Canart, Paul, sac., 1927-2017 L'ornamentazione nei manoscritti greci del Rinascimento: un criterio d' attribuzione da sfruttare?, In Rivista di studi bizantini e neoellenici 2005",https://digi.vatlib.it/mss/detail/Barb.gr.568,https://digi.vatlib.it/view/MSS_Barb.gr.568,3.3
Barb.lat.3953,attribuzione,6.0,Bibliographic References:,"Bibliographic References: 1) Barbi, Michele, 1867-1941 Intorno all' attribuzione del sonetto «E non è legno» a Dante In Studi danteschi",https://digi.vatlib.it/mss/detail/Barb.lat.3953,https://digi.vatlib.it/view/MSS_Barb.lat.3953,4.8
Barb.lat.4016,attribuzione,6.0,Bibliographic References:,"Bibliographic References: 1) Bertolini, Lucia L' attribuzione della ""Sfera"" del Dati nella tradizione manoscritta: In Studi offerti a Gianfranco Contini dagli allievi pisani, 1984",https://digi.vatlib.it/mss/detail/Barb.lat.4016,https://digi.vatlib.it/view/MSS_Barb.lat.4016,4.8
Barb.lat.4036,attribuzione,6.0,Bibliographic References:,"Low Quality Bibliographic References: 1) Barbi, Michele, 1867-1941 Intorno all' attribuzione del sonetto «E non è legno» a Dante In Studi danteschi",https://digi.vatlib.it/mss/detail/Barb.lat.4036,https://digi.vatlib.it/view/MSS_Barb.lat.4036,4.8
Barb.lat.4138,attribuzione,6.0,General Data,"1) 1r-4r: Bononcini, Giovanni, 1670-1747",https://digi.vatlib.it/mss/detail/Barb.lat.4138,https://digi.vatlib.it/view/MSS_Barb.lat.4138,7.5
Barb.lat.4139,attribuzione,6.0,General Data,"1) 113r-114v: Scarlatti, Alessandro, 1660-1725. Opere spurie e dubbie",https://digi.vatlib.it/mss/detail/Barb.lat.4139,https://digi.vatlib.it/view/MSS_Barb.lat.4139,7.5
Barb.lat.4140,attribuzione,6.0,General Data,"1) 31v-32v: Gabrielli, Domenico, 1659-1690. Opere spurie e dubbie 2) 38r-39r: Gabrielli, Domenico, 1659-1690. Opere spurie e dubbie 3) 39v-40v: Gabrielli, Domenico, 1659-1690. Opere spurie e dubbie",https://digi.vatlib.it/mss/detail/Barb.lat.4140,https://digi.vatlib.it/view/MSS_Barb.lat.4140,6.0
Barb.lat.4147,attribuzione,6.0,General Data,"1) 66r-80v: Agostini, Paolo, c. 1583-1629",https://digi.vatlib.it/mss/detail/Barb.lat.4147,https://digi.vatlib.it/view/MSS_Barb.lat.4147,7.5
Barb.lat.4149,attribuzione,6.0,General Data,"1) 1r-v: Petti, Paolo, m. 1678. Opere spurie e dubbie 2) 193r-194r: Scarlatti, Alessandro, 1660-1725. Opere spurie e dubbie 3) 195r-196v: Scarlatti, Alessandro, 1660-1725. Opere spurie e dubbie 4) 197r-198v: Scarlatti, Alessandro, 1660-1725. Opere spurie e dubbie 5) 199r-202r: Scarlatti, Alessandro, 1660-1725. Opere spurie e dubbie 6) 215r-216r: Scarlatti, Alessandro, 1660-1725. Opere spurie e dubbie 7) 217r-220v: Scarlatti, Alessandro, 1660-1725. Opere spurie e dubbie 8) 221r-222r: Scarlatti, Alessandro, 1660-1725. Opere spurie e dubbie",https://digi.vatlib.it/mss/detail/Barb.lat.4149,https://digi.vatlib.it/view/MSS_Barb.lat.4149,6.0
Barb.lat.4151,attribuzione,6.0,General Data,"1) 108v-111r: Kapsperger, Johann Hieronymus, 1580-1651. Opere spurie e dubbie",https://digi.vatlib.it/mss/detail/Barb.lat.4151,https://digi.vatlib.it/view/MSS_Barb.lat.4151,7.5
Barb.lat.4152,attribuzione,6.0,General Data,"1) 27r-30r: De Luca, Severo, sec. XVII. Opere spurie e dubbie",https://digi.vatlib.it/mss/detail/Barb.lat.4152,https://digi.vatlib.it/view/MSS_Barb.lat.4152,7.5
Barb.lat.4158,attribuzione,6.0,General Data,"1) 57r-60v: Ziani, Marc'Antonio, 1653-1715. Opere spurie e dubbie 2) 87r-88v: Amadori, Luca, sec. XVII. Opere spurie e dubbie",https://digi.vatlib.it/mss/detail/Barb.lat.4158,https://digi.vatlib.it/view/MSS_Barb.lat.4158,7.5
Barb.lat.4159,attribuzione,6.0,General Data,"1) 91r-94r: Sabadini, Bernardo, sac., m. 1718. Opere spurie e dubbie 2) 101r-104v: Sabadini, Bernardo, sac., m. 1718. Opere spurie e dubbie",https://digi.vatlib.it/mss/detail/Barb.lat.4159,https://digi.vatlib.it/view/MSS_Barb.lat.4159,7.5
Barb.lat.4161,attribuzione,6.0,General Data,"1) 61r-69v: Bononcini, Giovanni, 1670-1747. Opere spurie e dubbie",https://digi.vatlib.it/mss/detail/Barb.lat.4161,https://digi.vatlib.it/view/MSS_Barb.lat.4161,7.5
Barb.lat.4162,attribuzione,6.0,General Data,"1) 114rbis-114rter: Sabadini, Bernardo, sac., m. 1718. Opere spurie e dubbie",https://digi.vatlib.it/mss/detail/Barb.lat.4162,https://digi.vatlib.it/view/MSS_Barb.lat.4162,7.5
Barb.lat.4164,attribuzione,6.0,General Data,"1) 15r-22v: Bononcini, Giovanni, 1670-1747. Opere spurie e dubbie",https://digi.vatlib.it/mss/detail/Barb.lat.4164,https://digi.vatlib.it/view/MSS_Barb.lat.4164,7.5
Barb.lat.4167,attribuzione,6.0,General Data,"1) 23r-26v: Bononcini, Giovanni, 1670-1747. Opere spurie e dubbie",https://digi.vatlib.it/mss/detail/Barb.lat.4167,https://digi.vatlib.it/view/MSS_Barb.lat.4167,7.5
Barb.lat.4175,attribuzione,6.0,General Data,"1) 63v-65r: Rossi, Luigi, 1597-1653. Opere spurie e dubbie 2) 79v-81r: Rossi, Luigi, 1597-1653. Opere spurie e dubbie 3) 81v-85r: Pasqualini, Marcantonio, 1614-1691. Opere spurie e dubbie",https://digi.vatlib.it/mss/detail/Barb.lat.4175,https://digi.vatlib.it/view/MSS_Barb.lat.4175,6.0
Barb.lat.4201,attribuzione,6.0,General Data,"1) 20v-22r: Pasqualini, Marcantonio, 1614-1691",https://digi.vatlib.it/mss/detail/Barb.lat.4201,https://digi.vatlib.it/view/MSS_Barb.lat.4201,7.5
Barb.lat.4205,attribuzione,6.0,General Data,"1) 168v-170v: Pasqualini, Marcantonio, 1614-1691",https://digi.vatlib.it/mss/detail/Barb.lat.4205,https://digi.vatlib.it/view/MSS_Barb.lat.4205,7.5
Barb.lat.4207,attribuzione,6.0,General Data,"1) 105r-110r: Cesti, Antonio, 1623-1669. Opere spurie e dubbie",https://digi.vatlib.it/mss/detail/Barb.lat.4207,https://digi.vatlib.it/view/MSS_Barb.lat.4207,7.5
Barb.lat.4220,attribuzione,6.0,General Data,"1) 59r-60v: Pasqualini, Marcantonio, 1614-1691. Opere spurie e dubbie",https://digi.vatlib.it/mss/detail/Barb.lat.4220,https://digi.vatlib.it/view/MSS_Barb.lat.4220,7.5
Barb.lat.4221,attribuzione,6.0,General Data,"1) 3v-6r: Pasqualini, Marcantonio, 1614-1691. Opere spurie e dubbie 2) 78r-v: Pasqualini, Marcantonio, 1614-1691 3) 103r-104v: Pasqualini, Marcantonio, 1614-1691",https://digi.vatlib.it/mss/detail/Barb.lat.4221,https://digi.vatlib.it/view/MSS_Barb.lat.4221,7.5
Barb.lat.4222,attribuzione,6.0,General Data,"1) 73v-74v: Pasqualini, Marcantonio, 1614-1691 2) 133r-v: Pasqualini, Marcantonio, 1614-1691",https://digi.vatlib.it/mss/detail/Barb.lat.4222,https://digi.vatlib.it/view/MSS_Barb.lat.4222,7.5
Barb.lat.4226,attribuzione,6.0,General Data,"1) 1r-198v: Bencini, Pietro Paolo, 1670-1755. Opere spurie e dubbie Dagl'Inganni alle nozze, Atto III.",https://digi.vatlib.it/mss/detail/Barb.lat.4226,https://digi.vatlib.it/view/MSS_Barb.lat.4226,7.5
Barb.lat.4229,attribuzione,6.0,General Data,"1) 165r-166v: Bencini, Pietro Paolo, 1670-1755. Opere spurie e dubbie",https://digi.vatlib.it/mss/detail/Barb.lat.4229,https://digi.vatlib.it/view/MSS_Barb.lat.4229,7.5
Barb.lat.4374,attribuzione,6.0,General Data,"1) 79v-82r: Pasqualini, Marcantonio, 1614-1691. Opere spurie e dubbie",https://digi.vatlib.it/mss/detail/Barb.lat.4374,https://digi.vatlib.it/view/MSS_Barb.lat.4374,7.5
Barb.lat.4434,attribuzione,6.0,Bibliographic References:,"Bibliographic References: 1) Benelli, Francesco Il cortile d’onore del Castello Brancaleoni di Piobbico. Storia, stile e tentativo di attribuzione , In Bollettino d’arte 2007",https://digi.vatlib.it/mss/detail/Barb.lat.4434,https://digi.vatlib.it/view/MSS_Barb.lat.4434,4.8
Borgh.205,attribuzione,6.0,Bibliographic References:,"Bibliographic References: 1) Perarnau, Josep, 1928- «Habent sua fata libelli». Sull' attribuzione ad Arnaldo di Villanova del Tractatus quidam in quo respondetur obiectionibus quae fiebant contra tractatum Arnaldi ""De Adventu antichritsti"", In Archivum franciscanum historicum 2005",https://digi.vatlib.it/mss/detail/Borgh.205,https://digi.vatlib.it/view/MSS_Borgh.205,3.3
Capp.Giulia.XII.4,attribuzione,6.0,General Data,"1) 3v-6r: Sermisy, Claudin de, c. 1490-1562. Opere spurie e dubbie Aspice domine quia facta est",https://digi.vatlib.it/mss/detail/Capp.Giulia.XII.4,https://digi.vatlib.it/view/MSS_Capp.Giulia.XII.4,7.5
Capp.Giulia.XIII.27,attribuzione,6.0,General Data,"1) 19v-20r: Mureau, Gilles, c. 1442-1512. Opere spurie e dubbie Je ne fay plus je ne dis ne escrips",https://digi.vatlib.it/mss/detail/Capp.Giulia.XIII.27,https://digi.vatlib.it/view/MSS_Capp.Giulia.XIII.27,7.5
Capp.Sist.24,attribuzione,6.0,General Data,"1) 92v-99r: Brunet, Johannes, f. 1510-1530. Opere spurie e dubbie Victime paschali laudes",https://digi.vatlib.it/mss/detail/Capp.Sist.24,https://digi.vatlib.it/view/MSS_Capp.Sist.24,7.5
Cappon.56,attribuzione,6.0,Bibliographic References:,"Bibliographic References: 1) Bertolini, Lucia L' attribuzione della ""Sfera"" del Dati nella tradizione manoscritta: In Studi offerti a Gianfranco Contini dagli allievi pisani, 1984",https://digi.vatlib.it/mss/detail/Cappon.56,https://digi.vatlib.it/view/MSS_Cappon.56,4.8
Cappon.248,attribuzione,6.0,General Data,"1) 1r-76v: Burchiello, 1404-1449 <Sonetti>",https://digi.vatlib.it/mss/detail/Cappon.248,https://digi.vatlib.it/view/MSS_Cappon.248,7.5
Chig.L.VIII.305,attribuzione,6.0,Bibliographic References:,"Bibliographic References: 1) Trovato, Paolo, 1952- Sull’ attribuzione di “Di ridere ò gran voglia” (Disperse CCXIII). Con una nuova edizione del testo, In Accademia Patavina di Scienze, lettere ed arti. Atti e memorie 1997-98 2) Barbi, Michele, 1867-1941 Intorno all' attribuzione del sonetto «E non è legno» a Dante In Studi danteschi 3) Debenedetti, Santorre, 1878-1948 Di alcune differenze di attribuzione tra il Vat. 3793 e il Laur. Red. 9 In Studj romanzi",https://digi.vatlib.it/mss/detail/Chig.L.VIII.305,https://digi.vatlib.it/view/MSS_Chig.L.VIII.305,3.3
Chig.Q.IV.18,attribuzione,6.0,General Data,"1) 125r-134r: De Santis, Giuseppe, sec. XVII",https://digi.vatlib.it/mss/detail/Chig.Q.IV.18,https://digi.vatlib.it/view/MSS_Chig.Q.IV.18,7.5
Chig.R.IV.7,attribuzione,6.0,Bibliographic References:,"Low Quality Bibliographic References: 1) Lucà, Santo, 1947- Italograeca, III. Reggio Calabria, Biblioteca Comunale «Pietro De Nava», Pergamene e Rari, perg. nr. 64: frammento di Lezionario del secolo XII (con un’appendice su qualche manoscritto greco di incerta attribuzione all’Italia meridionale), In Archivio storico per la Calabria e la Lucania 2023",https://digi.vatlib.it/mss/detail/Chig.R.IV.7,https://digi.vatlib.it/view/MSS_Chig.R.IV.7,3.3
Ott.gr.18,attribuzione,6.0,Bibliographic References:,"Bibliographic References: 1) Canart, Paul, sac., 1927-2017 L'ornamentazione nei manoscritti greci del Rinascimento: un criterio d' attribuzione da sfruttare?, In Rivista di studi bizantini e neoellenici 2005",https://digi.vatlib.it/mss/detail/Ott.gr.18,https://digi.vatlib.it/view/MSS_Ott.gr.18,3.3
Ott.gr.22,attribuzione,6.0,Bibliographic References:,"Bibliographic References: 1) Canart, Paul, sac., 1927-2017 L'ornamentazione nei manoscritti greci del Rinascimento: un criterio d' attribuzione da sfruttare?, In Rivista di studi bizantini e neoellenici 2005",https://digi.vatlib.it/mss/detail/Ott.gr.22,https://digi.vatlib.it/view/MSS_Ott.gr.22,3.3
Ott.gr.45,attribuzione,6.0,Bibliographic References:,"Bibliographic References: 1) Canart, Paul, sac., 1927-2017 L'ornamentazione nei manoscritti greci del Rinascimento: un criterio d' attribuzione da sfruttare?, In Rivista di studi bizantini e neoellenici 2005",https://digi.vatlib.it/mss/detail/Ott.gr.45,https://digi.vatlib.it/view/MSS_Ott.gr.45,3.3
Ott.gr.46,attribuzione,6.0,Bibliographic References:,"Bibliographic References: 1) Canart, Paul, sac., 1927-2017 L'ornamentazione nei manoscritti greci del Rinascimento: un criterio d' attribuzione da sfruttare?, In Rivista di studi bizantini e neoellenici 2005",https://digi.vatlib.it/mss/detail/Ott.gr.46,https://digi.vatlib.it/view/MSS_Ott.gr.46,3.3
Ott.gr.60,attribuzione,6.0,Bibliographic References:,"Bibliographic References: 1) Canart, Paul, sac., 1927-2017 L'ornamentazione nei manoscritti greci del Rinascimento: un criterio d' attribuzione da sfruttare?, In Rivista di studi bizantini e neoellenici 2005",https://digi.vatlib.it/mss/detail/Ott.gr.60,https://digi.vatlib.it/view/MSS_Ott.gr.60,3.3
Ott.gr.93,attribuzione,6.0,Bibliographic References:,"Bibliographic References: 1) Canart, Paul, sac., 1927-2017 L'ornamentazione nei manoscritti greci del Rinascimento: un criterio d' attribuzione da sfruttare?, In Rivista di studi bizantini e neoellenici 2005",https://digi.vatlib.it/mss/detail/Ott.gr.93,https://digi.vatlib.it/view/MSS_Ott.gr.93,3.3
Ott.gr.117,attribuzione,6.0,Bibliographic References:,"Bibliographic References: 1) Canart, Paul, sac., 1927-2017 L'ornamentazione nei manoscritti greci del Rinascimento: un criterio d' attribuzione da sfruttare?, In Rivista di studi bizantini e neoellenici 2005",https://digi.vatlib.it/mss/detail/Ott.gr.117,https://digi.vatlib.it/view/MSS_Ott.gr.117,3.3
Ott.gr.191,attribuzione,6.0,Bibliographic References:,"Bibliographic References: 1) Canart, Paul, sac., 1927-2017 L'ornamentazione nei manoscritti greci del Rinascimento: un criterio d' attribuzione da sfruttare?, In Rivista di studi bizantini e neoellenici 2005",https://digi.vatlib.it/mss/detail/Ott.gr.191,https://digi.vatlib.it/view/MSS_Ott.gr.191,3.3
Ott.gr.215,attribuzione,6.0,Bibliographic References:,"Bibliographic References: 1) Canart, Paul, sac., 1927-2017 L'ornamentazione nei manoscritti greci del Rinascimento: un criterio d' attribuzione da sfruttare?, In Rivista di studi bizantini e neoellenici 2005",https://digi.vatlib.it/mss/detail/Ott.gr.215,https://digi.vatlib.it/view/MSS_Ott.gr.215,3.3
Ott.gr.261,attribuzione,6.0,Bibliographic References:,"Bibliographic References: 1) Canart, Paul, sac., 1927-2017 L'ornamentazione nei manoscritti greci del Rinascimento: un criterio d' attribuzione da sfruttare?, In Rivista di studi bizantini e neoellenici 2005",https://digi.vatlib.it/mss/detail/Ott.gr.261,https://digi.vatlib.it/view/MSS_Ott.gr.261,3.3
Ott.gr.264,attribuzione,6.0,Bibliographic References:,"Bibliographic References: 1) Canart, Paul, sac., 1927-2017 L'ornamentazione nei manoscritti greci del Rinascimento: un criterio d' attribuzione da sfruttare?, In Rivista di studi bizantini e neoellenici 2005",https://digi.vatlib.it/mss/detail/Ott.gr.264,https://digi.vatlib.it/view/MSS_Ott.gr.264,3.3
Ott.gr.305,attribuzione,6.0,Bibliographic References:,"Bibliographic References: 1) Canart, Paul, sac., 1927-2017 L'ornamentazione nei manoscritti greci del Rinascimento: un criterio d' attribuzione da sfruttare?, In Rivista di studi bizantini e neoellenici 2005",https://digi.vatlib.it/mss/detail/Ott.gr.305,https://digi.vatlib.it/view/MSS_Ott.gr.305,3.3
Ott.gr.324,attribuzione,6.0,Bibliographic References:,"Bibliographic References: 1) Scognamiglio, Federica ""Ascolta, ragazzo, il mio consiglio"": l'acrostico parenetico di Ignazio Diacono, e un altro acrostico di incerta attribuzione , In Journal of Byzantine Studies 2022.",https://digi.vatlib.it/mss/detail/Ott.gr.324,https://digi.vatlib.it/view/MSS_Ott.gr.324,3.3
Ott.gr.329,attribuzione,6.0,Bibliographic References:,"Bibliographic References: 1) Canart, Paul, sac., 1927-2017 L'ornamentazione nei manoscritti greci del Rinascimento: un criterio d' attribuzione da sfruttare?, In Rivista di studi bizantini e neoellenici 2005",https://digi.vatlib.it/mss/detail/Ott.gr.329,https://digi.vatlib.it/view/MSS_Ott.gr.329,3.3
Ott.gr.350,attribuzione,6.0,Bibliographic References:,"Bibliographic References: 1) Canart, Paul, sac., 1927-2017 L'ornamentazione nei manoscritti greci del Rinascimento: un criterio d' attribuzione da sfruttare?, In Rivista di studi bizantini e neoellenici 2005",https://digi.vatlib.it/mss/detail/Ott.gr.350,https://digi.vatlib.it/view/MSS_Ott.gr.350,3.3
Ott.gr.361,attribuzione,6.0,Bibliographic References:,"Bibliographic References: 1) Canart, Paul, sac., 1927-2017 L'ornamentazione nei manoscritti greci del Rinascimento: un criterio d' attribuzione da sfruttare?, In Rivista di studi bizantini e neoellenici 2005",https://digi.vatlib.it/mss/detail/Ott.gr.361,https://digi.vatlib.it/view/MSS_Ott.gr.361,3.3
Pal.gr.51,attribuzione,6.0,Bibliographic References:,"Bibliographic References: 1) Canart, Paul, sac., 1927-2017 L'ornamentazione nei manoscritti greci del Rinascimento: un criterio d' attribuzione da sfruttare?, In Rivista di studi bizantini e neoellenici 2005 2) Canart, Paul, sac., 1927-2017 L'ornamentazione nei manoscritti greci del Rinascimento: un criterio d' attribuzione da sfruttare?, In Rivista di studi bizantini e neoellenici 2005",https://digi.vatlib.it/mss/detail/Pal.gr.51,https://digi.vatlib.it/view/MSS_Pal.gr.51,3.3
Pal.gr.173,attribuzione,6.0,Bibliographic References:,"Bibliographic References: 1) Perria, Lidia, 1950-2003 A proposito del codice L di Platone. Problemi di datazione e di attribuzione , In Studi su codici e papiri filosofici. Platone, Aristotele, Ierocle, 1992",https://digi.vatlib.it/mss/detail/Pal.gr.173,https://digi.vatlib.it/view/MSS_Pal.gr.173,3.3
Pal.gr.186,attribuzione,6.0,Bibliographic References:,"Bibliographic References: 1) Perria, Lidia, 1950-2003 A proposito del codice L di Platone. Problemi di datazione e di attribuzione , In Studi su codici e papiri filosofici. Platone, Aristotele, Ierocle, 1992",https://digi.vatlib.it/mss/detail/Pal.gr.186,https://digi.vatlib.it/view/MSS_Pal.gr.186,3.3
Pal.gr.394,attribuzione,6.0,Bibliographic References:,"Bibliographic References: 1) Canart, Paul, sac., 1927-2017 L'ornamentazione nei manoscritti greci del Rinascimento: un criterio d' attribuzione da sfruttare?, In Rivista di studi bizantini e neoellenici 2005",https://digi.vatlib.it/mss/detail/Pal.gr.394,https://digi.vatlib.it/view/MSS_Pal.gr.394,3.3
Pal.gr.406,attribuzione,6.0,Bibliographic References:,"Bibliographic References: 1) Canart, Paul, sac., 1927-2017 L'ornamentazione nei manoscritti greci del Rinascimento: un criterio d' attribuzione da sfruttare?, In Rivista di studi bizantini e neoellenici 2005",https://digi.vatlib.it/mss/detail/Pal.gr.406,https://digi.vatlib.it/view/MSS_Pal.gr.406,3.3
Pal.gr.407,attribuzione,6.0,Bibliographic References:,"Bibliographic References: 1) Canart, Paul, sac., 1927-2017 L'ornamentazione nei manoscritti greci del Rinascimento: un criterio d' attribuzione da sfruttare?, In Rivista di studi bizantini e neoellenici 2005",https://digi.vatlib.it/mss/detail/Pal.gr.407,https://digi.vatlib.it/view/MSS_Pal.gr.407,3.3
Pal.gr.413,attribuzione,6.0,Bibliographic References:,"Bibliographic References: 1) Canart, Paul, sac., 1927-2017 L'ornamentazione nei manoscritti greci del Rinascimento: un criterio d' attribuzione da sfruttare?, In Rivista di studi bizantini e neoellenici 2005",https://digi.vatlib.it/mss/detail/Pal.gr.413,https://digi.vatlib.it/view/MSS_Pal.gr.413,3.3
Pal.gr.416,attribuzione,6.0,Bibliographic References:,"Bibliographic References: 1) Canart, Paul, sac., 1927-2017 L'ornamentazione nei manoscritti greci del Rinascimento: un criterio d' attribuzione da sfruttare?, In Rivista di studi bizantini e neoellenici 2005 2) Canart, Paul, sac., 1927-2017 L'ornamentazione nei manoscritti greci del Rinascimento: un criterio d' attribuzione da sfruttare?, In Rivista di studi bizantini e neoellenici 2005",https://digi.vatlib.it/mss/detail/Pal.gr.416,https://digi.vatlib.it/view/MSS_Pal.gr.416,3.3
Pal.gr.422,attribuzione,6.0,Bibliographic References:,"Bibliographic References: 1) Canart, Paul, sac., 1927-2017 L'ornamentazione nei manoscritti greci del Rinascimento: un criterio d' attribuzione da sfruttare?, In Rivista di studi bizantini e neoellenici 2005",https://digi.vatlib.it/mss/detail/Pal.gr.422,https://digi.vatlib.it/view/MSS_Pal.gr.422,3.3
Pal.lat.243,attribuzione,6.0,Bibliographic References:,"Bibliographic References: 1) Todde, Paolo I Monosticha d’ attribuzione colombaniana: versione italiana con testo latino a fronte, In Archivum Bobiense 1999",https://digi.vatlib.it/mss/detail/Pal.lat.243,https://digi.vatlib.it/view/MSS_Pal.lat.243,4.8
Pal.lat.876,attribuzione,6.0,Bibliographic References:,"Bibliographic References: 1) Tanturli, Giuliano Volgarizzamenti e ricostruzione dell'antico. I casi della terza e quarta Deca di Livio e di Valerio Massimo, la parte di Boccaccio (a proposito di un' attribuzione ), In Studi medievali 1986",https://digi.vatlib.it/mss/detail/Pal.lat.876,https://digi.vatlib.it/view/MSS_Pal.lat.876,3.3
Pal.lat.1071,attribuzione,6.0,Bibliographic References:,"Bibliographic References: 1) Orofino, Giulia Albucasis, De Chirurgia, Cod. Vindob. S. N. 2641. Una proposta di attribuzione alla Napoli robertiana, In Miniatura. Lo sguardo e la parola. Studi in onore di Giordana Maria Canova, 2012",https://digi.vatlib.it/mss/detail/Pal.lat.1071,https://digi.vatlib.it/view/MSS_Pal.lat.1071,3.3
Reg.gr.135,attribuzione,6.0,Bibliographic References:,"Bibliographic References: 1) Canart, Paul, sac., 1927-2017 L'ornamentazione nei manoscritti greci del Rinascimento: un criterio d' attribuzione da sfruttare?, In Rivista di studi bizantini e neoellenici 2005",https://digi.vatlib.it/mss/detail/Reg.gr.135,https://digi.vatlib.it/view/MSS_Reg.gr.135,3.3
Reg.gr.136,attribuzione,6.0,Bibliographic References:,"Bibliographic References: 1) Canart, Paul, sac., 1927-2017 L'ornamentazione nei manoscritti greci del Rinascimento: un criterio d' attribuzione da sfruttare?, In Rivista di studi bizantini e neoellenici 2005",https://digi.vatlib.it/mss/detail/Reg.gr.136,https://digi.vatlib.it/view/MSS_Reg.gr.136,3.3
Reg.gr.141,attribuzione,6.0,Bibliographic References:,"Bibliographic References: 1) Canart, Paul, sac., 1927-2017 L'ornamentazione nei manoscritti greci del Rinascimento: un criterio d' attribuzione da sfruttare?, In Rivista di studi bizantini e neoellenici 2005",https://digi.vatlib.it/mss/detail/Reg.gr.141,https://digi.vatlib.it/view/MSS_Reg.gr.141,3.3
Reg.gr.159,attribuzione,6.0,Bibliographic References:,"Bibliographic References: 1) Canart, Paul, sac., 1927-2017 L'ornamentazione nei manoscritti greci del Rinascimento: un criterio d' attribuzione da sfruttare?, In Rivista di studi bizantini e neoellenici 2005",https://digi.vatlib.it/mss/detail/Reg.gr.159,https://digi.vatlib.it/view/MSS_Reg.gr.159,3.3
Reg.gr.165,attribuzione,6.0,Bibliographic References:,"Bibliographic References: 1) Canart, Paul, sac., 1927-2017 L'ornamentazione nei manoscritti greci del Rinascimento: un criterio d' attribuzione da sfruttare?, In Rivista di studi bizantini e neoellenici 2005",https://digi.vatlib.it/mss/detail/Reg.gr.165,https://digi.vatlib.it/view/MSS_Reg.gr.165,3.3
Reg.gr.Pio.II.2,attribuzione,6.0,Bibliographic References:,"Bibliographic References: 1) Canart, Paul, sac., 1927-2017 L'ornamentazione nei manoscritti greci del Rinascimento: un criterio d' attribuzione da sfruttare?, In Rivista di studi bizantini e neoellenici 2005",https://digi.vatlib.it/mss/detail/Reg.gr.Pio.II.2,https://digi.vatlib.it/view/MSS_Reg.gr.Pio.II.2,3.3
Reg.gr.Pio.II.3,attribuzione,6.0,Bibliographic References:,"Bibliographic References: 1) Canart, Paul, sac., 1927-2017 L'ornamentazione nei manoscritti greci del Rinascimento: un criterio d' attribuzione da sfruttare?, In Rivista di studi bizantini e neoellenici 2005",https://digi.vatlib.it/mss/detail/Reg.gr.Pio.II.3,https://digi.vatlib.it/view/MSS_Reg.gr.Pio.II.3,3.3
Reg.gr.Pio.II.11,attribuzione,6.0,Bibliographic References:,"Bibliographic References: 1) Canart, Paul, sac., 1927-2017 L'ornamentazione nei manoscritti greci del Rinascimento: un criterio d' attribuzione da sfruttare?, In Rivista di studi bizantini e neoellenici 2005",https://digi.vatlib.it/mss/detail/Reg.gr.Pio.II.11,https://digi.vatlib.it/view/MSS_Reg.gr.Pio.II.11,3.3
Reg.gr.Pio.II.12,attribuzione,6.0,Bibliographic References:,"Bibliographic References: 1) Canart, Paul, sac., 1927-2017 L'ornamentazione nei manoscritti greci del Rinascimento: un criterio d' attribuzione da sfruttare?, In Rivista di studi bizantini e neoellenici 2005",https://digi.vatlib.it/mss/detail/Reg.gr.Pio.II.12,https://digi.vatlib.it/view/MSS_Reg.gr.Pio.II.12,3.3
Reg.gr.Pio.II.13,attribuzione,6.0,Bibliographic References:,"Bibliographic References: 1) Canart, Paul, sac., 1927-2017 L'ornamentazione nei manoscritti greci del Rinascimento: un criterio d' attribuzione da sfruttare?, In Rivista di studi bizantini e neoellenici 2005",https://digi.vatlib.it/mss/detail/Reg.gr.Pio.II.13,https://digi.vatlib.it/view/MSS_Reg.gr.Pio.II.13,3.3
Reg.gr.Pio.II.34,attribuzione,6.0,Bibliographic References:,"Bibliographic References: 1) Canart, Paul, sac., 1927-2017 L'ornamentazione nei manoscritti greci del Rinascimento: un criterio d' attribuzione da sfruttare?, In Rivista di studi bizantini e neoellenici 2005",https://digi.vatlib.it/mss/detail/Reg.gr.Pio.II.34,https://digi.vatlib.it/view/MSS_Reg.gr.Pio.II.34,3.3
Reg.gr.Pio.II.35,attribuzione,6.0,Bibliographic References:,"Bibliographic References: 1) Lucà, Santo, 1947- Italograeca, III. Reggio Calabria, Biblioteca Comunale «Pietro De Nava», Pergamene e Rari, perg. nr. 64: frammento di Lezionario del secolo XII (con un’appendice su qualche manoscritto greco di incerta attribuzione all’Italia meridionale), In Archivio storico per la Calabria e la Lucania 2023",https://digi.vatlib.it/mss/detail/Reg.gr.Pio.II.35,https://digi.vatlib.it/view/MSS_Reg.gr.Pio.II.35,3.3
Reg.lat.118,attribuzione,6.0,Bibliographic References:,"Bibliographic References: 1) Isetta, Sandra «Carmen ad Flavium Felicem». Problemi di attribuzione e reminiscenze classiche, In Vetera Christianorum 1983",https://digi.vatlib.it/mss/detail/Reg.lat.118,https://digi.vatlib.it/view/MSS_Reg.lat.118,4.8
Reg.lat.582,attribuzione,6.0,Bibliographic References:,"Bibliographic References: 1) Petringa, Maria Rosaria L' attribuzione e la cronologia del poema dell'Heptateuchos: una questione di metodo, In Sileno 2007",https://digi.vatlib.it/mss/detail/Reg.lat.582,https://digi.vatlib.it/view/MSS_Reg.lat.582,4.8
Reg.lat.768,attribuzione,6.0,General Data,"1) 36r-62r: Manetti, Giannozzo, 1396-1459 Iannotii Manetti Florentini praefatio in vita Dantis et Francisci Petrarche et Iohannis Bocacii Florentini feliciter incipit. 2) 210v-213r: Donatus, Aelius, sec. IV Vita Virgilii per Donatum gramaticum composita incipit feliciter.",https://digi.vatlib.it/mss/detail/Reg.lat.768,https://digi.vatlib.it/view/MSS_Reg.lat.768,6.0
Reg.lat.846,attribuzione,6.0,General Data,1) Collectio canonum carolingia. sec. IX in.,https://digi.vatlib.it/mss/detail/Reg.lat.846,https://digi.vatlib.it/view/MSS_Reg.lat.846,7.5
Reg.lat.848,attribuzione,6.0,General Data,1) 116v-121r: Gesta Xysti et Polychronii. 2) 121r-126r: Gesta Marcellini.,https://digi.vatlib.it/mss/detail/Reg.lat.848,https://digi.vatlib.it/view/MSS_Reg.lat.848,7.5
Reg.lat.865,attribuzione,6.0,General Data,"1) Valerius Maximus, Dicta et facta memorabilia. sec. XV med.",https://digi.vatlib.it/mss/detail/Reg.lat.865,https://digi.vatlib.it/view/MSS_Reg.lat.865,7.5
Arch.Cap.S.Pietro.G.51,autografo,6.0,Bibliographic References:,"Bibliographic References: 1) Petoletti, Marco, 1972- Il Marziale autografo di Giovanni Boccaccio, In Italia medioevale e umanistica 2005",https://digi.vatlib.it/mss/detail/Arch.Cap.S.Pietro.G.51,https://digi.vatlib.it/view/MSS_Arch.Cap.S.Pietro.G.51,4.8
Barb.gr.98,autografo,6.0,Bibliographic References:,"Bibliographic References: 1) Formentin, Maria Rosa Un nuovo codice di Giovanni Lido, autografo di Aulo Giano Parrasio, In Alethes Philia. Studi in onore di Giancarlo Prato, II, 2010",https://digi.vatlib.it/mss/detail/Barb.gr.98,https://digi.vatlib.it/view/MSS_Barb.gr.98,3.3
Barb.gr.123,autografo,6.0,Bibliographic References:,"Bibliographic References: 1) Formentin, Maria Rosa Un nuovo codice di Giovanni Lido, autografo di Aulo Giano Parrasio, In Alethes Philia. Studi in onore di Giancarlo Prato, II, 2010",https://digi.vatlib.it/mss/detail/Barb.gr.123,https://digi.vatlib.it/view/MSS_Barb.gr.123,3.3
Barb.gr.144,autografo,6.0,Bibliographic References:,"Bibliographic References: 1) Formentin, Maria Rosa Un nuovo codice di Giovanni Lido, autografo di Aulo Giano Parrasio, In Alethes Philia. Studi in onore di Giancarlo Prato, II, 2010",https://digi.vatlib.it/mss/detail/Barb.gr.144,https://digi.vatlib.it/view/MSS_Barb.gr.144,3.3
Barb.gr.194,autografo,6.0,Bibliographic References:,"Bibliographic References: 1) Formentin, Maria Rosa Un nuovo codice di Giovanni Lido, autografo di Aulo Giano Parrasio, In Alethes Philia. Studi in onore di Giancarlo Prato, II, 2010",https://digi.vatlib.it/mss/detail/Barb.gr.194,https://digi.vatlib.it/view/MSS_Barb.gr.194,3.3
Barb.gr.214,autografo,6.0,Bibliographic References:,"Bibliographic References: 1) Formentin, Maria Rosa Un nuovo codice di Giovanni Lido, autografo di Aulo Giano Parrasio, In Alethes Philia. Studi in onore di Giancarlo Prato, II, 2010",https://digi.vatlib.it/mss/detail/Barb.gr.214,https://digi.vatlib.it/view/MSS_Barb.gr.214,3.3
Barb.gr.239,autografo,6.0,Bibliographic References:,"Bibliographic References: 1) Formentin, Maria Rosa Un nuovo codice di Giovanni Lido, autografo di Aulo Giano Parrasio, In Alethes Philia. Studi in onore di Giancarlo Prato, II, 2010",https://digi.vatlib.it/mss/detail/Barb.gr.239,https://digi.vatlib.it/view/MSS_Barb.gr.239,3.3
Barb.lat.5,autografo,6.0,Bibliographic References:,"Bibliographic References: 1) Tassano Oliveri, Luisa Notizie su Michele Fabrizio Ferrarini umanista e antiquario e sulle vicende del codice autografo di Reggio Emilia C 398, In Italia medioevale e umanistica 1979",https://digi.vatlib.it/mss/detail/Barb.lat.5,https://digi.vatlib.it/view/MSS_Barb.lat.5,3.3
Barb.lat.44,autografo,6.0,Bibliographic References:,"Bibliographic References: 1) Formentin, Maria Rosa Un nuovo codice di Giovanni Lido, autografo di Aulo Giano Parrasio, In Alethes Philia. Studi in onore di Giancarlo Prato, II, 2010",https://digi.vatlib.it/mss/detail/Barb.lat.44,https://digi.vatlib.it/view/MSS_Barb.lat.44,3.3
Barb.lat.148,autografo,6.0,Bibliographic References:,"Bibliographic References: 1) Formentin, Maria Rosa Un nuovo codice di Giovanni Lido, autografo di Aulo Giano Parrasio, In Alethes Philia. Studi in onore di Giancarlo Prato, II, 2010",https://digi.vatlib.it/mss/detail/Barb.lat.148,https://digi.vatlib.it/view/MSS_Barb.lat.148,3.3
Barb.lat.338,autografo,6.0,Bibliographic References:,"Bibliographic References: 1) Rinaldi, Michele 1906- Per gli studi astrologici del Pontano: un autografo inedito e quattro frammenti di traduzione dal greco nel Codice Ambrosiano G.109 inf., ff. 30r - 32v, In Atti dell’Accademia Pontaniana 2001",https://digi.vatlib.it/mss/detail/Barb.lat.338,https://digi.vatlib.it/view/MSS_Barb.lat.338,3.3
Barb.lat.627,autografo,6.0,Bibliographic References:,"Bibliographic References: 1) Troncarelli, Fabio, 1948- Osservazioni sull' autografo di Gioacchino da Fiore, In Gli autografi medievali. Problemi paleografici e filologici. Atti del convegno di Studio, Erice 25 sett.-2 ott. 1990, 1994",https://digi.vatlib.it/mss/detail/Barb.lat.627,https://digi.vatlib.it/view/MSS_Barb.lat.627,3.3
Barb.lat.1399,autografo,6.0,General Data,"1) 152r: Ubaldi, Angelo degli, 1327-1407 Consilium de societate fraterna et de dispositione bonorum societatis. 2) 194v: Ubaldi, Baldo degli, 1327?-1400 Notulae iuris super contentione de potestate.",https://digi.vatlib.it/mss/detail/Barb.lat.1399,https://digi.vatlib.it/view/MSS_Barb.lat.1399,6.0
Barb.lat.2195,autografo,6.0,Bibliographic References:,"Bibliographic References: 1) Carminati, Clizia L’autobiografia di Chiabrera secondo l’ autografo , In Studi secenteschi 2005",https://digi.vatlib.it/mss/detail/Barb.lat.2195,https://digi.vatlib.it/view/MSS_Barb.lat.2195,4.8
Barb.lat.2310,autografo,6.0,General Data,"1) 1r-18r: Ceccarelli, Alfonso, 1532-1583 De origine ac primordiis oppidi de Boschi [Bosco Marengo] et Ill.marum Familiarum de Ghisleriis et de Bonellis",https://digi.vatlib.it/mss/detail/Barb.lat.2310,https://digi.vatlib.it/view/MSS_Barb.lat.2310,7.5
Barb.lat.3640,autografo,6.0,Bibliographic References:,"Bibliographic References: 1) Carminati, Clizia L’autobiografia di Chiabrera secondo l’ autografo , In Studi secenteschi 2005",https://digi.vatlib.it/mss/detail/Barb.lat.3640,https://digi.vatlib.it/view/MSS_Barb.lat.3640,4.8
Barb.lat.4076,autografo,6.0,Bibliographic References:,"Bibliographic References: 1) Petrucci, Armando, 1932-2018 Minuta, autografo , libro d'autore, In Il libro e il testo. Atti del convegno internazionale, Urbino 20-23 sett. 1982, 1984",https://digi.vatlib.it/mss/detail/Barb.lat.4076,https://digi.vatlib.it/view/MSS_Barb.lat.4076,3.3
Barb.lat.4077,autografo,6.0,Bibliographic References:,"Bibliographic References: 1) Petrucci, Armando, 1932-2018 Minuta, autografo , libro d'autore, In Il libro e il testo. Atti del convegno internazionale, Urbino 20-23 sett. 1982, 1984",https://digi.vatlib.it/mss/detail/Barb.lat.4077,https://digi.vatlib.it/view/MSS_Barb.lat.4077,3.3
Barb.lat.4089,autografo,6.0,Bibliographic References:,"Low Quality Bibliographic References: 1) Doglio, Maria Luisa Sull' autografo di Torquato Tasso ""Del Giudicio sovra la sua Gerusalemme da Lui medesimo riformata"", In Lettere italiane 1981",https://digi.vatlib.it/mss/detail/Barb.lat.4089,https://digi.vatlib.it/view/MSS_Barb.lat.4089,3.3
Barb.lat.4136,autografo,6.0,Bibliographic References:,"Bibliographic References: 1) Witzenmann, Wolfgang Viene alla luce il primo autografo musicale di Domenico Mazzocchi, In Nuova rivista musicale italiana 1993",https://digi.vatlib.it/mss/detail/Barb.lat.4136,https://digi.vatlib.it/view/MSS_Barb.lat.4136,4.8
Barb.lat.4163,autografo,6.0,General Data,"1) 85v-90r: Marazzoli, Marco, 1619-1662",https://digi.vatlib.it/mss/detail/Barb.lat.4163,https://digi.vatlib.it/view/MSS_Barb.lat.4163,7.5
Barb.lat.6487,autografo,6.0,General Data,"Low Quality 1) 75r: Franzoni, Giacomo, card., c. 1612-1697 Chirografo colla nomina di Nunziato Baldocci a pagatore in occasione del viaggio di Cristina di Svezia attraverso lo Stato Pontificio. 2) 116r-122r: Holstenius, Lucas, 1596-1661 Note varie sul seguito della regina Cristina di Svezia, dei suoi gentiluomini e delle tappe del suo viaggio da Innsbruck a Roma. 3) 144r: Marcellini, Attilio, m. 1664 Lettera a mons. Luca Holste.",https://digi.vatlib.it/mss/detail/Barb.lat.6487,https://digi.vatlib.it/view/MSS_Barb.lat.6487,6.0
Borg.lat.144,autografo,6.0,General Data,"Low Quality 1) 113r-165r: Barsech, Basilio, sac., m. 1693 Annotazioni.",https://digi.vatlib.it/mss/detail/Borg.lat.144,https://digi.vatlib.it/view/MSS_Borg.lat.144,7.5
Borg.lat.182,autografo,6.0,General Data,Low Quality 1) 56r-57v: Instrumentum locationis.,https://digi.vatlib.it/mss/detail/Borg.lat.182,https://digi.vatlib.it/view/MSS_Borg.lat.182,7.5
Borg.lat.211,autografo,6.0,General Data,1) 13v-14r: Instrumentum locationis.,https://digi.vatlib.it/mss/detail/Borg.lat.211,https://digi.vatlib.it/view/MSS_Borg.lat.211,7.5
Capp.Giulia.II.4,autografo,6.0,General Data,"1) Giuseppe Ottavio Pitoni, Raccolta di messe. sec. XVIII/XX",https://digi.vatlib.it/mss/detail/Capp.Giulia.II.4,https://digi.vatlib.it/view/MSS_Capp.Giulia.II.4,7.5
Capp.Giulia.II.40,autografo,6.0,General Data,"Low Quality 1) Giuseppe Ottavio Pitoni, Messa S. Giacomo maggiore, Messa Benedetto papa XIII a 16 voci. sec. XVIII in.",https://digi.vatlib.it/mss/detail/Capp.Giulia.II.40,https://digi.vatlib.it/view/MSS_Capp.Giulia.II.40,7.5
Capp.Giulia.II.72,autografo,6.0,General Data,"1) Giuseppe Ottavio Pitoni, Raccolta di inni per le diverse feste dell'anno. sec. XVIII",https://digi.vatlib.it/mss/detail/Capp.Giulia.II.72,https://digi.vatlib.it/view/MSS_Capp.Giulia.II.72,7.5
Capp.Giulia.III.33,autografo,6.0,General Data,"1) Giuseppe Ottavio Pitoni, Raccolta di venti Magnificat. sec. XVIII in.",https://digi.vatlib.it/mss/detail/Capp.Giulia.III.33,https://digi.vatlib.it/view/MSS_Capp.Giulia.III.33,7.5
Capp.Giulia.III.49.pt.1,autografo,6.0,General Data,"1) Giuseppe Ottavio Pitoni, Responsori per il mattutino di Natale. sec. XVII/XVIII",https://digi.vatlib.it/mss/detail/Capp.Giulia.III.49.pt.1,https://digi.vatlib.it/view/MSS_Capp.Giulia.III.49.pt.1,7.5
Capp.Giulia.III.49.pt.2,autografo,6.0,General Data,"1) Giuseppe Ottavio Pitoni, Responsori per il mattutino dei santi Pietro e Paolo. sec. XVIII",https://digi.vatlib.it/mss/detail/Capp.Giulia.III.49.pt.2,https://digi.vatlib.it/view/MSS_Capp.Giulia.III.49.pt.2,7.5
Capp.Giulia.IV.16,autografo,6.0,General Data,"1) Orazio Benevoli, Quattro Messe. sec. XVII 2) 1r-36r: Benevoli, Orazio, 1605-1672 Missa Angelus Domini à 12.",https://digi.vatlib.it/mss/detail/Capp.Giulia.IV.16,https://digi.vatlib.it/view/MSS_Capp.Giulia.IV.16,7.5
Capp.Giulia.IV.23,autografo,6.0,General Data,"1) Giovanni Giacomo Branca, Tantum Ergo. sec. XVII ex.",https://digi.vatlib.it/mss/detail/Capp.Giulia.IV.23,https://digi.vatlib.it/view/MSS_Capp.Giulia.IV.23,7.5
Capp.Giulia.IV.115,autografo,6.0,General Data,"1) Matteo Simonelli, Ave Maria. sec. XVII ex. 2) 1r-9v: Simonelli, Matteo, 1618-1696 Offertorium Ave Maria.",https://digi.vatlib.it/mss/detail/Capp.Giulia.IV.115,https://digi.vatlib.it/view/MSS_Capp.Giulia.IV.115,7.5
Capp.Giulia.IV.166,autografo,6.0,General Data,"1) Lorenzo Perosi, Inno di San Pietro. sec. XX",https://digi.vatlib.it/mss/detail/Capp.Giulia.IV.166,https://digi.vatlib.it/view/MSS_Capp.Giulia.IV.166,7.5
Capp.Giulia.V.30,autografo,6.0,General Data,"1) Alessandro Scarlatti, Mottetto per l'Elevazione. sec. XVIII in. 2) 1r-4v: Scarlatti, Alessandro, 1660-1725 Caro mea. Mottetto per l’elevazione a 3 C. T. B. di Aless.o Scarlatti.",https://digi.vatlib.it/mss/detail/Capp.Giulia.V.30,https://digi.vatlib.it/view/MSS_Capp.Giulia.V.30,6.0
Capp.Giulia.V.63,autografo,6.0,General Data,"1) Giuseppe Ottavio Pitoni, Messa Psallite Deo nostro a 16 voci. sec. XVII ex.",https://digi.vatlib.it/mss/detail/Capp.Giulia.V.63,https://digi.vatlib.it/view/MSS_Capp.Giulia.V.63,7.5
Capp.Giulia.VII.13.pt.1,autografo,6.0,General Data,"1) Pietro Alessandro Guglielmi, Messa in Do maggiore concertata. sec. XIX in.",https://digi.vatlib.it/mss/detail/Capp.Giulia.VII.13.pt.1,https://digi.vatlib.it/view/MSS_Capp.Giulia.VII.13.pt.1,7.5
Capp.Giulia.VII.13.pt.2,autografo,6.0,General Data,"1) Pietro Alessandro Guglielmi, Messa in Pastorale. sec. XIX in.",https://digi.vatlib.it/mss/detail/Capp.Giulia.VII.13.pt.2,https://digi.vatlib.it/view/MSS_Capp.Giulia.VII.13.pt.2,7.5
Capp.Giulia.VII.13.pt.3,autografo,6.0,General Data,"1) Pietro Alessandro Guglielmi, Messa Solenne. sec. XVIII ex.",https://digi.vatlib.it/mss/detail/Capp.Giulia.VII.13.pt.3,https://digi.vatlib.it/view/MSS_Capp.Giulia.VII.13.pt.3,7.5
Capp.Giulia.VIII.30,autografo,6.0,General Data,"Low Quality 1) Niccolò Antonio Zingarelli, Diciassette composizioni vocali sacre. sec. XIX 2) 11r-14v: Zingarelli, Niccolò Antonio, 1752-1837 Prima Lamentazione del Giovedi Santo.",https://digi.vatlib.it/mss/detail/Capp.Giulia.VIII.30,https://digi.vatlib.it/view/MSS_Capp.Giulia.VIII.30,7.5
Capp.Giulia.X.27,autografo,6.0,General Data,"1) Pietro Raimondi, Inno e tre Antifone. sec. XIX med. 2) 1r-16v, 28r-368v: Raimondi, Pietro, 1786-1853 Inno per la festa dei S.S. Apostoli Pietro e Paolo Dedicato a S.E.R.ma Monsignor Giraud da Pietro Raimondi Maestro della V. Cappella Giulia Roma 1853. 3) 17r-27v: Raimondi, Pietro, 1786-1853 Feria VI. Post Domin: I. Quadragesimae ad Vesp.",https://digi.vatlib.it/mss/detail/Capp.Giulia.X.27,https://digi.vatlib.it/view/MSS_Capp.Giulia.X.27,6.0
Capp.Giulia.XV.70,autografo,6.0,General Data,"Low Quality 1) Vincenzo Ugolini, Composizioni vocali sacre. sec. XVII in. 2) 1r-v: Ugolini, Vincenzo, c. 1580-1638 Veni Creator Spiritus. 3) 2r-v: Ugolini, Vincenzo, c. 1580-1638 Jubilate Deo. 4) 3r: Ugolini, Vincenzo, c. 1580-1638 Illuminare his. 5) 3r-v: Ugolini, Vincenzo, c. 1580-1638 Omnes gentes. 6) 4r: Ugolini, Vincenzo, c. 1580-1638 Et tu puer propheta. 7) 4v: Ugolini, Vincenzo, c. 1580-1638 Petrus Apostolus. 8) 5r-6r: Ugolini, Vincenzo, c. 1580-1638 Litanie Lauretanae.",https://digi.vatlib.it/mss/detail/Capp.Giulia.XV.70,https://digi.vatlib.it/view/MSS_Capp.Giulia.XV.70,6.0
Capp.Giulia.XV.71,autografo,6.0,General Data,"Low Quality 1) Vincenzo Ugolini, Lauda Sion. sec. XVII in. 2) 1r-4v: Ugolini, Vincenzo, c. 1580-1638 Lauda Sion.",https://digi.vatlib.it/mss/detail/Capp.Giulia.XV.71,https://digi.vatlib.it/view/MSS_Capp.Giulia.XV.71,7.5
Capp.Sist.261,autografo,6.0,General Data,"1) Pasquale Pisari, Dixit Dominus. sec. XVIII",https://digi.vatlib.it/mss/detail/Capp.Sist.261,https://digi.vatlib.it/view/MSS_Capp.Sist.261,7.5
Capp.Sist.262,autografo,6.0,General Data,"1) Pasquale Pisari, Beatus vir. sec. XVIII",https://digi.vatlib.it/mss/detail/Capp.Sist.262,https://digi.vatlib.it/view/MSS_Capp.Sist.262,7.5
Capp.Sist.264,autografo,6.0,General Data,"1) Pasquale Pisari, messa. sec. XVIII ex.",https://digi.vatlib.it/mss/detail/Capp.Sist.264,https://digi.vatlib.it/view/MSS_Capp.Sist.264,7.5
Cappon.107.pt.1,autografo,6.0,Bibliographic References:,"Low Quality Bibliographic References: 1) Marchand, Jean-Jacques L' autografo del «Consulto per l'elezione del capitano delle fanterie» di Niccolò Machiavelli, In Bibliofilia. Rivista di storia del libro e di bibliografia",https://digi.vatlib.it/mss/detail/Cappon.107.pt.1,https://digi.vatlib.it/view/MSS_Cappon.107.pt.1,3.3
Cappon.107.pt.2,autografo,6.0,Bibliographic References:,"Bibliographic References: 1) Marchand, Jean-Jacques L' autografo del «Consulto per l'elezione del capitano delle fanterie» di Niccolò Machiavelli, In Bibliofilia. Rivista di storia del libro e di bibliografia",https://digi.vatlib.it/mss/detail/Cappon.107.pt.2,https://digi.vatlib.it/view/MSS_Cappon.107.pt.2,3.3
Cappon.139,autografo,6.0,General Data,1) Aetna travolta Sec. XVI,https://digi.vatlib.it/mss/detail/Cappon.139,https://digi.vatlib.it/view/MSS_Cappon.139,7.5
Cappon.147,autografo,6.0,General Data,"1) Salutati, Coluccio, 1331-1406 Coluccio Salutati, Pistole originale. sec. XIV ex. 2) p. 1: Salutati, Coluccio, 1331-1406 Comiti Harminiaci. 3) p. 7-8: Salutati, Coluccio, 1331-1406 Oratoribus Regis Francorum, Responsio facta per dominum Colucium pro parte Colligatorum et Communis Florentie. 4) p. 11: Salutati, Coluccio, 1331-1406 Regi Romanorum. 5) p. 15-17: Salutati, Coluccio, 1331-1406 Regi Francorum. 6) p. 19: Salutati, Coluccio, 1331-1406 Pape. 7) p. 23: Salutati, Coluccio, 1331-1406 Regina. 8) p. 29: Salutati, Coluccio, 1331-1406 Pape. 9) p. 47: Salutati, Coluccio, 1331-1406 Pape. 10) p. 47-48: Salutati, Coluccio, 1331-1406 <Pape.> 11) p. 49: Salutati, Coluccio, 1331-1406 Cardinali Florentino. 12) p. 51-53: Salutati, Coluccio, 1331-1406 Regi Francorum. 13) p. 55-56: Salutati, Coluccio, 1331-1406 Romanis. 14) p. 59-60: Salutati, Coluccio, 1331-1406 Regi Ungarie. 15) p. 63-64: Salutati, Coluccio, 1331-1406 Regi Navarre. 16) p. 65-66: Salutati, Coluccio, 1331-1406 Regi Francorum...",https://digi.vatlib.it/mss/detail/Cappon.147,https://digi.vatlib.it/view/MSS_Cappon.147,6.0
Cappon.257,autografo,6.0,General Data,"1) <Nicola Pio, Le vite di pittori scultori et architetti> Sec. XVIII in.",https://digi.vatlib.it/mss/detail/Cappon.257,https://digi.vatlib.it/view/MSS_Cappon.257,7.5
Cappon.283.pt.1,autografo,6.0,General Data,"1) 167r-168r: Voltaire, 1694-1778 <Lettera di François Marie Arouet de Voltaire>",https://digi.vatlib.it/mss/detail/Cappon.283.pt.1,https://digi.vatlib.it/view/MSS_Cappon.283.pt.1,7.5
Cappon.299,autografo,6.0,General Data,"1) Capponi, Alessandro Gregorio, marchese, 1683-1746 <Titolario> Sec. XVIII",https://digi.vatlib.it/mss/detail/Cappon.299,https://digi.vatlib.it/view/MSS_Cappon.299,7.5
Cappon.314,autografo,6.0,Bibliographic References:,"Bibliographic References: 1) Rossi, Aldo Un autografo ficiniano delle «Egloghe» alla Nazionale di Parigi In Studi danteschi",https://digi.vatlib.it/mss/detail/Cappon.314,https://digi.vatlib.it/view/MSS_Cappon.314,4.8
Chig.A.VIII.231,autografo,6.0,Bibliographic References:,"Bibliographic References: 1) Troncarelli, Fabio, 1948- Osservazioni sull' autografo di Gioacchino da Fiore, In Gli autografi medievali. Problemi paleografici e filologici. Atti del convegno di Studio, Erice 25 sett.-2 ott. 1990, 1994",https://digi.vatlib.it/mss/detail/Chig.A.VIII.231,https://digi.vatlib.it/view/MSS_Chig.A.VIII.231,3.3
Chig.I.VII.251,autografo,6.0,General Data,"1) 116r-117r, 237r-v: Pius PP. II, 1405-1464 Epistula ad Ludovicum [XI] Francorum regem 2) 133r-134r, 197r, 238r: Pius PP. II, 1405-1464 Epistula ad Philippum Ducem Burgundiae. Roma, 10 giugno 1464 3) 260r: Hieronymus, s., 342/347-419 Excerptum ex Hieronymi epistula 108 4) 263r-264v: Pius PP. II, 1405-1464 Fragmentum historicum de Iohanne V comite de Armagnac 5) 278r-281r: Pius PP. II, 1405-1464 Oratio ad Quirites pro bene recta Roma, Pio absente",https://digi.vatlib.it/mss/detail/Chig.I.VII.251,https://digi.vatlib.it/view/MSS_Chig.I.VII.251,6.0
Chig.L.V.176,autografo,6.0,Bibliographic References:,"1) Miscellanea di testi danteschi e petrarcheschi: il canone autografo di Giovanni Boccaccio. sec. XIV med. Bibliographic References: 2) Pakscher, Arthur Di un probabile autografo boccaccesco In Giornale storico della letteratura italiana 3) Bettarini Bruni, Anna Notizia di un autografo di Antonio Pucci, In Studi di filologia italiana",https://digi.vatlib.it/mss/detail/Chig.L.V.176,https://digi.vatlib.it/view/MSS_Chig.L.V.176,3.3
Chig.L.VIII.305,autografo,6.0,Bibliographic References:,"Bibliographic References: 1) Bianco, Monica Quarantena guittoniana in un autografo di Domenico Venier, In Medioevo romanzo 2008",https://digi.vatlib.it/mss/detail/Chig.L.VIII.305,https://digi.vatlib.it/view/MSS_Chig.L.VIII.305,4.8
Chig.Q.VIII.178,autografo,6.0,General Data,"1) Arie, ariette, canti e madrigali di Marco Marazzoli e anonimi su testo di diversi autori. sec. XVII 2) 8r-15r: Marazzoli, Marco, 1619-1662 Ode seconda. 3) 16r-21v: Marazzoli, Marco, 1619-1662 4) 22r-25r: Marazzoli, Marco, 1619-1662 5) 26r-33r: Marazzoli, Marco, 1619-1662 6) 52v-56r: Marazzoli, Marco, 1619-1662 Ecce Homo. 7) 56v-64r: Marazzoli, Marco, 1619-1662 8) 64v-80r: Marazzoli, Marco, 1619-1662 9) 93v-99v: Marazzoli, Marco, 1619-1662 Cantata, a una voce, con istromenti per la creazione di Papa Alessandro 7°. 10) 100r-110r: Marazzoli, Marco, 1619-1662 Il Maggio.",https://digi.vatlib.it/mss/detail/Chig.Q.VIII.178,https://digi.vatlib.it/view/MSS_Chig.Q.VIII.178,6.0
Chig.Q.VIII.182,autografo,6.0,General Data,"1) Marco Marazzoli, Il Capriccio. sec. XVII 2) 1r-74r: Marazzoli, Marco, 1619-1662 Il Capriccio.",https://digi.vatlib.it/mss/detail/Chig.Q.VIII.182,https://digi.vatlib.it/view/MSS_Chig.Q.VIII.182,7.5
Chig.Q.VIII.184,autografo,6.0,General Data,"1) 1r-254r: Marazzoli, Marco, 1619-1662 L'Armi e gl'Amori.",https://digi.vatlib.it/mss/detail/Chig.Q.VIII.184,https://digi.vatlib.it/view/MSS_Chig.Q.VIII.184,7.5
Chig.Q.VIII.185,autografo,6.0,General Data,"1) 1r-14v: Marazzoli, Marco, 1619-1662",https://digi.vatlib.it/mss/detail/Chig.Q.VIII.185,https://digi.vatlib.it/view/MSS_Chig.Q.VIII.185,7.5
Chig.Q.VIII.187,autografo,6.0,General Data,"1) Marco Marazzoli, L'Heresia. sec. XVII 2) 1r-10v: Marazzoli, Marco, 1619-1662 L'Heresia.",https://digi.vatlib.it/mss/detail/Chig.Q.VIII.187,https://digi.vatlib.it/view/MSS_Chig.Q.VIII.187,7.5
Chig.Q.VIII.189,autografo,6.0,General Data,"1) Marco Marazzoli, L'Armida. sec. XVII 2) Ir-94r: Marazzoli, Marco, 1619-1662 L'Armida.",https://digi.vatlib.it/mss/detail/Chig.Q.VIII.189,https://digi.vatlib.it/view/MSS_Chig.Q.VIII.189,7.5
Chig.Q.VIII.190,autografo,6.0,General Data,"1) 1r-43r: Marazzoli, Marco, 1619-1662 Intermezzo da La Fiera di Farfa.",https://digi.vatlib.it/mss/detail/Chig.Q.VIII.190,https://digi.vatlib.it/view/MSS_Chig.Q.VIII.190,7.5
Chig.Q.VIII.191,autografo,6.0,General Data,"1) 1r-36r: Marazzoli, Marco, 1619-1662 Dramma musicale.",https://digi.vatlib.it/mss/detail/Chig.Q.VIII.191,https://digi.vatlib.it/view/MSS_Chig.Q.VIII.191,7.5
Chig.R.IV.12,autografo,6.0,Bibliographic References:,"Low Quality Bibliographic References: 1) D'Aiuto, Francesco, 1967- Un parziale autografo di Marco monaco. Il manoscritto della Biblioteca Vaticana Chig. R.V.33 (gr. 27), In Byzantinoslavica",https://digi.vatlib.it/mss/detail/Chig.R.IV.12,https://digi.vatlib.it/view/MSS_Chig.R.IV.12,3.3
Chig.R.V.33,autografo,6.0,Bibliographic References:,"Bibliographic References: 1) D'Aiuto, Francesco, 1967- Un parziale autografo di Marco monaco. Il manoscritto della Biblioteca Vaticana Chig. R.V.33 (gr. 27), In Byzantinoslavica",https://digi.vatlib.it/mss/detail/Chig.R.V.33,https://digi.vatlib.it/view/MSS_Chig.R.V.33,4.8
Chig.R.VII.45,autografo,6.0,Bibliographic References:,"Bibliographic References: 1) D'Aiuto, Francesco, 1967- Un parziale autografo di Marco monaco. Il manoscritto della Biblioteca Vaticana Chig. R.V.33 (gr. 27), In Byzantinoslavica",https://digi.vatlib.it/mss/detail/Chig.R.VII.45,https://digi.vatlib.it/view/MSS_Chig.R.VII.45,4.8
Ferr.698,autografo,6.0,General Data,1) Sec. XVII <in.>,https://digi.vatlib.it/mss/detail/Ferr.698,https://digi.vatlib.it/view/MSS_Ferr.698,7.5
Ott.lat.1727,autografo,6.0,General Data,"Low Quality 1) 1r-4r: Sallustius Sallustii, m. 1448? Consilium. 2) 11v-12r: Perigli, Angelo de, m. 1453? Additio ad Iohannis Petruccii de Montesperello consilium quod inc. ""Ad cuius dubietatis determinationem"". 3) 20r-21v: Capra, Benedetto, m. 1470 Consilium. 4) 24r-25r: Capra, Benedetto, m. 1470 Additio [...] ad Iohannis Petruccii de Montesperello consilium, quod. inc.: ""Factum tale est, videlicet pro parte nobilis et magnifici viri Nelli de Balionibus"".",https://digi.vatlib.it/mss/detail/Ott.lat.1727,https://digi.vatlib.it/view/MSS_Ott.lat.1727,6.0
Ott.lat.1863,autografo,6.0,Bibliographic References:,"Bibliographic References: 1) Besomi, Ottavio, 1937- Un nuovo autografo di Giovanni Tortelli: uno schedario di umanista, In Italia medioevale e umanistica 1970",https://digi.vatlib.it/mss/detail/Ott.lat.1863,https://digi.vatlib.it/view/MSS_Ott.lat.1863,4.8
Ott.lat.2050,autografo,6.0,Bibliographic References:,"Bibliographic References: 1) Bottoni, Diego I Decembrio e la traduzione della «Repubblica» di Platone: dalle correzioni dell' autografo di Uberto alle integrazioni greche di Pier Candido, In Vestigia. Studi in onore di Giuseppe Billanovich I, 1984",https://digi.vatlib.it/mss/detail/Ott.lat.2050,https://digi.vatlib.it/view/MSS_Ott.lat.2050,3.3
Pal.gr.139,autografo,6.0,Bibliographic References:,"Bibliographic References: 1) Canart, Paul, sac., 1927-2017 Note sur l'écriture de Michel et Aristobule Apostolès et sur quelques manuscrits attribuables à ce dernier, In Un esemplare autografo di Arsenio e il «Florilegio» di Stobeo, 1970",https://digi.vatlib.it/mss/detail/Pal.gr.139,https://digi.vatlib.it/view/MSS_Pal.gr.139,3.3
Pal.gr.149,autografo,6.0,Bibliographic References:,"Bibliographic References: 1) Canart, Paul, sac., 1927-2017 Note sur l'écriture de Michel et Aristobule Apostolès et sur quelques manuscrits attribuables à ce dernier, In Un esemplare autografo di Arsenio e il «Florilegio» di Stobeo, 1970",https://digi.vatlib.it/mss/detail/Pal.gr.149,https://digi.vatlib.it/view/MSS_Pal.gr.149,3.3
Pal.gr.232,autografo,6.0,General Data,1) Sec. XIII,https://digi.vatlib.it/mss/detail/Pal.gr.232,https://digi.vatlib.it/view/MSS_Pal.gr.232,7.5
Pal.gr.278,autografo,6.0,Bibliographic References:,"Bibliographic References: 1) Speranzi, David Il metropolita e il cavaliere. Un ignoto autografo cortasmeniano alla Nazionale di Firenze, In Le livre manuscrit grec: écriture, materiaux, histoire (Actes du IXe Colloque international de Paléographie grecque, Paris, 10-15 septembre 2018, édités par Marie Cronier et Brigitte Mondrain), 2020",https://digi.vatlib.it/mss/detail/Pal.gr.278,https://digi.vatlib.it/view/MSS_Pal.gr.278,3.3
Pal.gr.316,autografo,6.0,Bibliographic References:,"Bibliographic References: 1) Canart, Paul, sac., 1927-2017 Note sur l'écriture de Michel et Aristobule Apostolès et sur quelques manuscrits attribuables à ce dernier, In Un esemplare autografo di Arsenio e il «Florilegio» di Stobeo, 1970",https://digi.vatlib.it/mss/detail/Pal.gr.316,https://digi.vatlib.it/view/MSS_Pal.gr.316,3.3
Pal.lat.1074,autografo,6.0,Bibliographic References:,"Bibliographic References: 1) Godi, Carlo Per il testo delle ""Novelle"" di Matteo Bandello, la 2, 37(96). I, il ms. autografo di Tolosa, In Aevum. Rassegna di scienze storiche, linguistiche e filologiche 1984",https://digi.vatlib.it/mss/detail/Pal.lat.1074,https://digi.vatlib.it/view/MSS_Pal.lat.1074,3.3
Pal.lat.1469,autografo,6.0,Bibliographic References:,"Bibliographic References: 1) Piacentini Scarcia, Paola, 1938- ""In Brunnecha absolvi"": un autografo di Giovanni Andrea Bussi nel manoscritto Vallicelliano B 61, In Scrittura, biblioteche e stampa a Roma nel Quattrocento, 1983",https://digi.vatlib.it/mss/detail/Pal.lat.1469,https://digi.vatlib.it/view/MSS_Pal.lat.1469,3.3
Pal.lat.1993,autografo,6.0,General Data,"1) Opicinus de Canistris, sac., 1296-c. 1352 Diario di Opicino de Canistris. sec. XIV med.",https://digi.vatlib.it/mss/detail/Pal.lat.1993,https://digi.vatlib.it/view/MSS_Pal.lat.1993,7.5
Reg.gr.48,autografo,6.0,Bibliographic References:,"Bibliographic References: 1) D'Aiuto, Francesco, 1967- Un parziale autografo di Marco monaco. Il manoscritto della Biblioteca Vaticana Chig. R.V.33 (gr. 27), In Byzantinoslavica",https://digi.vatlib.it/mss/detail/Reg.gr.48,https://digi.vatlib.it/view/MSS_Reg.gr.48,4.8
Reg.gr.124,autografo,6.0,Bibliographic References:,"Bibliographic References: 1) Bernardinello, Silvio Un autografo del Bessarione: Vindobonensis philosophicus graecus 46, In Miscellanea marciana di studi bessarionei (Medioevo e Umanesimo 24), 1976",https://digi.vatlib.it/mss/detail/Reg.gr.124,https://digi.vatlib.it/view/MSS_Reg.gr.124,3.3
Reg.lat.373,autografo,6.0,General Data,"Low Quality 1) 15r-17r: Crisolino, Flavio, f. 1535 Epistula vel autographum testimonium de fraude Benedicti Accolti card. S.R.E. in causa inter Henricum VIII regem Anglorum et Catherinam eius uxorem habita anno 1535.",https://digi.vatlib.it/mss/detail/Reg.lat.373,https://digi.vatlib.it/view/MSS_Reg.lat.373,6.0
Reg.lat.557,autografo,6.0,Bibliographic References:,"Bibliographic References: 1) Piacentini Scarcia, Paola, 1938- ""In Brunnecha absolvi"": un autografo di Giovanni Andrea Bussi nel manoscritto Vallicelliano B 61, In Scrittura, biblioteche e stampa a Roma nel Quattrocento, 1983",https://digi.vatlib.it/mss/detail/Reg.lat.557,https://digi.vatlib.it/view/MSS_Reg.lat.557,3.3
Reg.lat.710,autografo,6.0,Bibliographic References:,"Bibliographic References: 1) Piacentini Scarcia, Paola, 1938- ""In Brunnecha absolvi"": un autografo di Giovanni Andrea Bussi nel manoscritto Vallicelliano B 61, In Scrittura, biblioteche e stampa a Roma nel Quattrocento, 1983",https://digi.vatlib.it/mss/detail/Reg.lat.710,https://digi.vatlib.it/view/MSS_Reg.lat.710,3.3
Reg.lat.762,autografo,6.0,Bibliographic References:,"Bibliographic References: 1) Busonero, Paola Alcune osservazioni sul raporto tra autografo e apografo nella tradizione della Terza decade di Tito Livio, In Nuovi annali della Scuola speciale per archivisti e bibliotecari 2004",https://digi.vatlib.it/mss/detail/Reg.lat.762,https://digi.vatlib.it/view/MSS_Reg.lat.762,3.3
Reg.lat.1043,autografo,6.0,General Data,1) Collectio Dionysio-Hadriana. sec. IX in.,https://digi.vatlib.it/mss/detail/Reg.lat.1043,https://digi.vatlib.it/view/MSS_Reg.lat.1043,7.5
Reg.lat.1131,autografo,6.0,Bibliographic References:,"Bibliographic References: 1) Bottoni, Diego I Decembrio e la traduzione della «Repubblica» di Platone: dalle correzioni dell' autografo di Uberto alle integrazioni greche di Pier Candido, In Vestigia. Studi in onore di Giuseppe Billanovich I, 1984",https://digi.vatlib.it/mss/detail/Reg.lat.1131,https://digi.vatlib.it/view/MSS_Reg.lat.1131,3.3
Reg.lat.1321,autografo,6.0,Bibliographic References:,"Bibliographic References: 1) Giua, Elena Un nuovo codice autografo della “Disputatio egregia” di Angelo Decembrio (Caen, Bibl. Municipale 343), In Italia medioevale e umanistica 2004",https://digi.vatlib.it/mss/detail/Reg.lat.1321,https://digi.vatlib.it/view/MSS_Reg.lat.1321,3.3
Reg.lat.1370,autografo,6.0,Bibliographic References:,"Bibliographic References: 1) Gorni, Guglielmo, 1945- Atto di nascita d'un genere letterario: l' autografo dell'elegia «Mirzia», In Studi di filologia italiana",https://digi.vatlib.it/mss/detail/Reg.lat.1370,https://digi.vatlib.it/view/MSS_Reg.lat.1370,4.8
Reg.lat.1527,autografo,6.0,Bibliographic References:,"Bibliographic References: 1) Cerrati, Michele, vesc. tit. di Lidda, 1884-1925 Un autografo del Pontano In Giornale storico della letteratura italiana 2) Monti Sabia, Liliana Un autografo ignoto di G. Pontano (Contributo alla storia del testo dei Tumuli), In Accademia di archeologia, lettere ed arti di Napoli. Rendiconti 3) Monti Sabia, Liliana «Lyra» di Giovanni Pontano edita secondo l' autografo codice Redigense latino 1527, In Accademia di archeologia, lettere ed arti di Napoli. Rendiconti",https://digi.vatlib.it/mss/detail/Reg.lat.1527,https://digi.vatlib.it/view/MSS_Reg.lat.1527,3.3
Reg.lat.2023,autografo,6.0,General Data,"Low Quality 1) 1r: Castellesi, Adriano, card., 1458-1518 Ricevuta fatta a Felice Trofino, familiare del card. Pietro Accolti, dell'opera De differentia translationis nostrae ab Hebraicorum, di Niccolò da Lyra, già data in prestito a detto cardinale. 2) 7r: Albergati, Fabio, marchese, 1538-1606 Lettera a Federico Ranaldi. 3) 9r: Arlenius, Arnoldus Peraxylus, f. 1542-1574. Opere spurie e dubbie Epistola ad Federicum B. 4) 10r: Amaseo, Romolo, 1489-1552 Lettera a Giovanni Battista Egnazio (Cipelli). 5) 66r: Cardano, Girolamo, 1501-1576 Supplica al papa Gregorio XIII. 6) 69r: Gaetani, Ottavio, S.I., 1566-1620 Lettera al p. Tommaso Tamburini. 7) 75r: Calcia, Traiano, m. c. 1551 Lettera ad Angelo Colocci. 8) 84r-86r: Chacón, Alonso, O.P., 1540-1599 Descrizione e stima della biblioteca del card. Guglielmo Sirleto. 9) 106r: Cochlaeus, Johannes, 1479-1552 Lettera al card. Girolamo Aleandro. 10) 107r, 105r: Cochlaeus, Johannes, 1479-1552 Lettere (2) al card. Marcello Cervini, poi papa Marcell...",https://digi.vatlib.it/mss/detail/Reg.lat.2023,https://digi.vatlib.it/view/MSS_Reg.lat.2023,6.0
Ross.725,autografo,6.0,Bibliographic References:,"Bibliographic References: 1) Canart, Paul, sac., 1927-2017 Note sur l'écriture de Michel et Aristobule Apostolès et sur quelques manuscrits attribuables à ce dernier, In Un esemplare autografo di Arsenio e il «Florilegio» di Stobeo, 1970",https://digi.vatlib.it/mss/detail/Ross.725,https://digi.vatlib.it/view/MSS_Ross.725,3.3
Urb.gr.48,autografo,6.0,Bibliographic References:,"Bibliographic References: 1) Bernardinello, Silvio Un autografo del Bessarione: Vindobonensis philosophicus graecus 46, In Miscellanea marciana di studi bessarionei (Medioevo e Umanesimo 24), 1976",https://digi.vatlib.it/mss/detail/Urb.gr.48,https://digi.vatlib.it/view/MSS_Urb.gr.48,3.3
Urb.gr.80,autografo,6.0,Bibliographic References:,"Bibliographic References: 1) Prato, Giancarlo, 1950- Un autografo di Teodoro II Lascaris imperatore di Nicea?, In Jahrbuch der Österreichischen Byzantinistik 1981",https://digi.vatlib.it/mss/detail/Urb.gr.80,https://digi.vatlib.it/view/MSS_Urb.gr.80,4.8
Urb.gr.91,autografo,6.0,Bibliographic References:,"Bibliographic References: 1) Canart, Paul, sac., 1927-2017 Note sur l'écriture de Michel et Aristobule Apostolès et sur quelques manuscrits attribuables à ce dernier, In Un esemplare autografo di Arsenio e il «Florilegio» di Stobeo, 1970",https://digi.vatlib.it/mss/detail/Urb.gr.91,https://digi.vatlib.it/view/MSS_Urb.gr.91,3.3
Urb.gr.144,autografo,6.0,Bibliographic References:,"Bibliographic References: 1) Canart, Paul, sac., 1927-2017 Note sur l'écriture de Michel et Aristobule Apostolès et sur quelques manuscrits attribuables à ce dernier, In Un esemplare autografo di Arsenio e il «Florilegio» di Stobeo, 1970",https://digi.vatlib.it/mss/detail/Urb.gr.144,https://digi.vatlib.it/view/MSS_Urb.gr.144,3.3
Urb.lat.93,autografo,6.0,Bibliographic References:,"Bibliographic References: 1) Doglio, Maria Luisa Sull' autografo di Torquato Tasso ""Del Giudicio sovra la sua Gerusalemme da Lui medesimo riformata"", In Lettere italiane 1981",https://digi.vatlib.it/mss/detail/Urb.lat.93,https://digi.vatlib.it/view/MSS_Urb.lat.93,4.8
Arch.Cap.S.Pietro.A.76,minuta,6.0,General Data,1) IIIr: <Frammento di minuta privata>,https://digi.vatlib.it/mss/detail/Arch.Cap.S.Pietro.A.76,https://digi.vatlib.it/view/MSS_Arch.Cap.S.Pietro.A.76,7.5
Arch.Cap.S.Pietro.I.3,minuta,6.0,General Data,1) 1r-7r: Lettera e minuta sull'esecuzione di un'enfiteusi di una casa,https://digi.vatlib.it/mss/detail/Arch.Cap.S.Pietro.I.3,https://digi.vatlib.it/view/MSS_Arch.Cap.S.Pietro.I.3,7.5
Barb.lat.2402,minuta,6.0,General Data,1) Capita earum rerum quae continentur in minuta Bullae Clementis PP VIII. sec. XVII,https://digi.vatlib.it/mss/detail/Barb.lat.2402,https://digi.vatlib.it/view/MSS_Barb.lat.2402,7.5
Barb.lat.4076,minuta,6.0,Bibliographic References:,"Bibliographic References: 1) Petrucci, Armando, 1932-2018 Minuta , autografo, libro d'autore, In Il libro e il testo. Atti del convegno internazionale, Urbino 20-23 sett. 1982, 1984",https://digi.vatlib.it/mss/detail/Barb.lat.4076,https://digi.vatlib.it/view/MSS_Barb.lat.4076,3.3
Barb.lat.4077,minuta,6.0,Bibliographic References:,"Bibliographic References: 1) Petrucci, Armando, 1932-2018 Minuta , autografo, libro d'autore, In Il libro e il testo. Atti del convegno internazionale, Urbino 20-23 sett. 1982, 1984",https://digi.vatlib.it/mss/detail/Barb.lat.4077,https://digi.vatlib.it/view/MSS_Barb.lat.4077,3.3
Barb.lat.5370,minuta,6.0,General Data,"1) 267r-270v: Negoziato a Piacenza col serenissimo [Odoardo Farnese, duca di Parma e Piacenza].",https://digi.vatlib.it/mss/detail/Barb.lat.5370,https://digi.vatlib.it/view/MSS_Barb.lat.5370,7.5
Barb.lat.6487,minuta,6.0,General Data,"Low Quality 1) 110r-113r: Holstenius, Lucas, 1596-1661 Lettera a Giulio Rospigliosi, segretario di Stato, poi papa Clemente IX.",https://digi.vatlib.it/mss/detail/Barb.lat.6487,https://digi.vatlib.it/view/MSS_Barb.lat.6487,7.5
Barb.lat.9848,minuta,6.0,General Data,"1) 6v: Barberini, Francesco, card., 1597-1679 Lettera a Francesco Mancini.",https://digi.vatlib.it/mss/detail/Barb.lat.9848,https://digi.vatlib.it/view/MSS_Barb.lat.9848,7.5
Barb.lat.9860,minuta,6.0,General Data,"1) 7r: Barberini, Maffeo, principe di Palestrina, 1631-1685 Lettera a D. Pedro Antonio de Aragón, viceré di Napoli.",https://digi.vatlib.it/mss/detail/Barb.lat.9860,https://digi.vatlib.it/view/MSS_Barb.lat.9860,7.5
Borg.lat.32,minuta,6.0,General Data,"Low Quality 1) 1r-447v: Agucchi, Giovanni Battista, arciv. di Amasea, 1570-1632 Lettere a diversi e per conto di diversi, appunti e carte varie. 2) 32r: Aldobrandini, Pietro, card., 1571-1621 Lettera a Vincenzo Lombardi, governatore di Palazzo Adriano. 3) 34r: Aldobrandini, Pietro, card., 1571-1621 Lettera a Sigismondo Donati, vesc. di Ascoli Piceno, nunzio apostolico in Venezia. 4) 36r: Aldobrandini, Pietro, card., 1571-1621 Lettera a Fernando (?) Matute y Acevedo, scritta per mano di Giovanni Battista Agucchia. 5) 43r-v, 50v: Ludovisi, Ludovico, card., 1595-1632 Lettera a mons. Ascanio Gesualdo, patriarca di Costantinopoli, nunzio presso l'imperatore. 6) 44r-45v, 49v: Ludovisi, Ludovico, card., 1595-1632 Lettere (3) al card. Francesco Cennini, nunzio apostolico in Spagna. 7) 69r-v: Agucchi, Giovanni Battista, arciv. di Amasea, 1570-1632 Lettera a Sallustio Lupi. 8) 158r: Agucchi, Giovanni Battista, arciv. di Amasea, 1570-1632 Lettera a mons. Ottavio Corsini, arciv. di Tarso, nunzi...",https://digi.vatlib.it/mss/detail/Borg.lat.32,https://digi.vatlib.it/view/MSS_Borg.lat.32,6.0
Borg.lat.45,minuta,6.0,General Data,"Low Quality 1) 228r-229v: De Gregorio, Emanuele, card., 1758-1839 Lettera al card. Giuseppe Doria Pamphili.",https://digi.vatlib.it/mss/detail/Borg.lat.45,https://digi.vatlib.it/view/MSS_Borg.lat.45,7.5
Borg.lat.61,minuta,6.0,General Data,Low Quality 1) 253r: Memoria di incerto presentata alla Congregazione del Concilio.,https://digi.vatlib.it/mss/detail/Borg.lat.61,https://digi.vatlib.it/view/MSS_Borg.lat.61,7.5
Borg.lat.65,minuta,6.0,General Data,"Low Quality 1) 191r-192v: Congregatio de Propaganda Fide Memoriale. 2) 303r: D'Adda, Ferdinando, card., 1650-1719 Lettera breve a mons. Silvio de' Cavalieri, segretario di Propaganda Fide.",https://digi.vatlib.it/mss/detail/Borg.lat.65,https://digi.vatlib.it/view/MSS_Borg.lat.65,6.0
Borg.lat.94,minuta,6.0,General Data,"Low Quality 1) 1r-443v: Paštrić, Ivan, sac., 1636-1708 Lettere a diversi e per conto di diversi. 2) 13r, 245r: Paštrić, Ivan, sac., 1636-1708 Lettere (2) a Jean Broissia de Bretenière. 3) 13r-440v: Paštrić, Ivan, sac., 1636-1708 Lettere (166) a diversi. 4) 14r-15v, 150r, 345r-346: Paštrić, Ivan, sac., 1636-1708 Lettere (3) a Johann Friedrich Ignaz Karg, barone di Bebenburg 5) 16r-18v: Paštrić, Ivan, sac., 1636-1708 Lettera a Pietro Bosdari. 6) 19r: Bonvicini, Andrea, f. 1667-1695 Lettera a Pietro Codde, oratoriano, arcivescovo di Sebaste, vicario apostolico in Olanda. 7) 21r-v: Paštrić, Ivan, sac., 1636-1708 Lettera a mons. J. Neercassel, vicario apostolico in Olanda. 8) 22r: Paštrić, Ivan, sac., 1636-1708 Lettera alla Congregazione della Missione di Parigi. 9) 23r-24r: Paštrić, Ivan, sac., 1636-1708 Lettera all'abate di San Gallo, Celestino Sfondrati. 10) 25r-v: Paštrić, Ivan, sac., 1636-1708 Lettera a mons. Tommaso Saladini, vescovo di Parma. 11) 29r-34r, 37r, 317v: Maurokordatos,...",https://digi.vatlib.it/mss/detail/Borg.lat.94,https://digi.vatlib.it/view/MSS_Borg.lat.94,6.0
Borg.lat.285,minuta,6.0,General Data,"Low Quality 1) 164r-165v: Borgia, Stefano, card., 1731-1804 Lettera al card. Ignazio Boncompagni Ludovisi, Segretario di stato.",https://digi.vatlib.it/mss/detail/Borg.lat.285,https://digi.vatlib.it/view/MSS_Borg.lat.285,7.5
Borg.lat.480,minuta,6.0,General Data,"Low Quality 1) 3r-4v: Paštrić, Ivan, sac., 1636-1708 Quaeritur an tolerari possit ob gravem causam, quod archiepiscopus Philadelphiae [Meletius Tipaldus] Venetiis degens pro Graecis qui sunt ibi, mentionem Patriarchae Constantinopolitani in sacro faciat. 2) 77r-79r: Paštrić, Ivan, sac., 1636-1708 Quaeritur an tolerari possit ob gravem causam, quod archiepiscopus Philadelphiae [Meletius Tipaldus] Venetiis degens pro Graecis qui sunt ibi, mentionem Patriarchae Constantinopolitani in sacro faciat. 3) 293r: Paštrić, Ivan, sac., 1636-1708 Lettera ad incerto. 4) 329r-336r: Paštrić, Ivan, sac., 1636-1708 Responsio ad dubium an iudaea, quae iam sponsalibus contractis cum iudaeo, possit inscio illo iudaeo, et sine consensu illius, alteri nubere iuxta hebraeorum leges. 5) 353r-v: Paštrić, Ivan, sac., 1636-1708 Osservazioni sopra la scrittura in favor di S. Pietro contro i Canonici Lateranensi. 6) 380r-383r: Paštrić, Ivan, sac., 1636-1708 Per far la scrittura circa il mandar vescovi nuovi ne' ...",https://digi.vatlib.it/mss/detail/Borg.lat.480,https://digi.vatlib.it/view/MSS_Borg.lat.480,6.0
Borg.lat.481,minuta,6.0,General Data,"Low Quality 1) 38r-39v: Paštrić, Ivan, sac., 1636-1708 Lettera al card. Giacomo Cantelmi. 2) 40v: Paštrić, Ivan, sac., 1636-1708 Lettera a Carlo Maiello. 3) 422r-441r: Mantulia, Ludovico, sec. XVII Ars lapidis philosophorum.",https://digi.vatlib.it/mss/detail/Borg.lat.481,https://digi.vatlib.it/view/MSS_Borg.lat.481,6.0
Borg.lat.482,minuta,6.0,General Data,"Low Quality 1) 434r-439r: Paštrić, Ivan, sac., 1636-1708 Relazione sul concorso per la Scrittoria Greca della Biblioteca Vaticana.",https://digi.vatlib.it/mss/detail/Borg.lat.482,https://digi.vatlib.it/view/MSS_Borg.lat.482,7.5
Borg.lat.484,minuta,6.0,General Data,"Low Quality 1) 270r-273v: Paštrić, Ivan, sac., 1636-1708 Lettera al Seminario di Spalato.",https://digi.vatlib.it/mss/detail/Borg.lat.484,https://digi.vatlib.it/view/MSS_Borg.lat.484,7.5
Borg.lat.565,minuta,6.0,General Data,"Low Quality 1) 22v-23v, 91r: Foucquet, Jean-François, vesc. di Eleutheropolis, 1665-1741 Lettere (2) al P. Jean Joseph Guibert, assistente di Francia. 2) 85r: Foucquet, Jean-François, vesc. di Eleutheropolis, 1665-1741 Lettera al P. Claude Bertrand Tachereau de Linières. 3) 587r(2): Foucquet, Jean-François, vesc. di Eleutheropolis, 1665-1741 Lettera breve al card. Pier Marcellino Corradini. 4) 591r: Foucquet, Jean-François, vesc. di Eleutheropolis, 1665-1741 Lettera al papa Benedetto XIII.",https://digi.vatlib.it/mss/detail/Borg.lat.565,https://digi.vatlib.it/view/MSS_Borg.lat.565,6.0
Capp.Sist.658,minuta,6.0,General Data,"Low Quality 1) 73r-75r: Baini, Giuseppe, 1775-1844 Moduli per la nomina dei Maestri di musica. 2) 76r-96r: Baini, Giuseppe, 1775-1844 Decreti emanati dai Maestri esaminatori delle Congregazioni dei Musici a Roma, sotto l'invocazione di S. Cecilia.",https://digi.vatlib.it/mss/detail/Capp.Sist.658,https://digi.vatlib.it/view/MSS_Capp.Sist.658,6.0
Capp.Sist.682,minuta,6.0,General Data,"1) 1r-10r: Deliberazioni generali circa le persone e gli uffizi del Custode e Sottocustode dei libri della Cappella Pontificia. 2) 11r-12r: Baini, Giuseppe, 1775-1844 Relazione sull'intervento dei Cantori Pontifici nella Chiesa di S. Luigi dei Francesi per la festa di S. Ludovico, re di Francia.",https://digi.vatlib.it/mss/detail/Capp.Sist.682,https://digi.vatlib.it/view/MSS_Capp.Sist.682,6.0
Cappon.147,minuta,6.0,General Data,"1) p. 7-8: Salutati, Coluccio, 1331-1406 Oratoribus Regis Francorum, Responsio facta per dominum Colucium pro parte Colligatorum et Communis Florentie. 2) p. 400-402: Salutati, Coluccio, 1331-1406 Oratoribus Regis Francorum.",https://digi.vatlib.it/mss/detail/Cappon.147,https://digi.vatlib.it/view/MSS_Cappon.147,6.0
Cappon.177,minuta,6.0,General Data,1) Sec. XIV,https://digi.vatlib.it/mss/detail/Cappon.177,https://digi.vatlib.it/view/MSS_Cappon.177,7.5
Cappon.239,minuta,6.0,General Data,"1) 11rv: Clemens PP. VII, 1478-1534 <Lettera a Carlo V.>",https://digi.vatlib.it/mss/detail/Cappon.239,https://digi.vatlib.it/view/MSS_Cappon.239,7.5
Cappon.272,minuta,6.0,General Data,"Low Quality 1) 148r-149r: Capponi, Alessandro Gregorio, marchese, 1683-1746 Minuta di risposta ad Antonio Maria Salvini.",https://digi.vatlib.it/mss/detail/Cappon.272,https://digi.vatlib.it/view/MSS_Cappon.272,7.5
Cappon.273,minuta,6.0,General Data,"Low Quality 1) 84r: Capponi, Alessandro Gregorio, marchese, 1683-1746 Minuta di risposta a Giacomo Montesi.",https://digi.vatlib.it/mss/detail/Cappon.273,https://digi.vatlib.it/view/MSS_Cappon.273,7.5
Cappon.274,minuta,6.0,General Data,"1) 536r: Capponi, Alessandro Gregorio, marchese, 1683-1746 Lettera a Gaetano Lemer. 2) 583r: Capponi, Alessandro Gregorio, marchese, 1683-1746 Lettera a Francesco Cattaneo.",https://digi.vatlib.it/mss/detail/Cappon.274,https://digi.vatlib.it/view/MSS_Cappon.274,7.5
Cappon.275,minuta,6.0,General Data,"Low Quality 1) 170v: Capponi, Alessandro Gregorio, marchese, 1683-1746 Lettera a Carlo Lalli. 2) 334r: Capponi, Alessandro Gregorio, marchese, 1683-1746 Lettera a Filippo Argelati. 3) 427r-431v, 428r-429v, 558r-559r: Capponi, Alessandro Gregorio, marchese, 1683-1746 Lettere (3) all'abate di Rothelin, Carlo d'Orléans. 4) 466r-v, 465r: Capponi, Alessandro Gregorio, marchese, 1683-1746 Lettere (2) a Giuseppe Antonio Cinelli. 5) 487r-v: Capponi, Alessandro Gregorio, marchese, 1683-1746 Lettera a Francesco Pecci. 6) 672r: Capponi, Alessandro Gregorio, marchese, 1683-1746 Minuta per una iscrizione che avrebbe dovuto essere collocata in Campidoglio. 7) 672r-675v: Bianchini, Francesco, sac., 1662-1729 Minuta per una traduzione latina della epigrafe del marchese Alessandro Gregorio Capponi, che avrebbe dovuto essere collocata in Campidoglio. 8) 673r-675v: Bianchini, Francesco, sac., 1662-1729 Minuta per una traduzione latina della epigrafe del Marchese Alessandro Gregorio Capponi, che avrebb...",https://digi.vatlib.it/mss/detail/Cappon.275,https://digi.vatlib.it/view/MSS_Cappon.275,6.0
Cappon.281.pt.1,minuta,6.0,General Data,"1) f. 154r: Capponi, Alessandro Gregorio, marchese, 1683-1746 <Biglietto scritto dal marchese Alessandro Gregorio Capponi a Scipione Maffei>",https://digi.vatlib.it/mss/detail/Cappon.281.pt.1,https://digi.vatlib.it/view/MSS_Cappon.281.pt.1,7.5
Cappon.283.pt.2,minuta,6.0,General Data,"1) 234rv: Capponi, Alessandro Gregorio, marchese, 1683-1746 <Risposta del marchese Alessandro Gregorio Capponi a Carlo Francesco Zampiccoli>",https://digi.vatlib.it/mss/detail/Cappon.283.pt.2,https://digi.vatlib.it/view/MSS_Cappon.283.pt.2,7.5
Ott.lat.223,minuta,6.0,General Data,"1) 20r: Spinola, Andrea, 1562?-1631 Lettera a mons. Lelini.",https://digi.vatlib.it/mss/detail/Ott.lat.223,https://digi.vatlib.it/view/MSS_Ott.lat.223,7.5
Ott.lat.1853.pt.2,minuta,6.0,General Data,"Low Quality 1) 466r: Lettera indirizzata al duca di Parma Ottavio Farnese, al duca di Terranova Carlo d'Aragona Tagliavia, governatore di Milano, al duca di Ferrara Alfonso d'Este, al duca di Mantova, Guglielmo Gonzaga e a Danese Filordone, gran cancelliere di Milano.",https://digi.vatlib.it/mss/detail/Ott.lat.1853.pt.2,https://digi.vatlib.it/view/MSS_Ott.lat.1853.pt.2,6.0
Pal.lat.884,minuta,6.0,General Data,1) 232r: Tabula radicum Lunae ab A.D. 1405 usque ad A. 1525,https://digi.vatlib.it/mss/detail/Pal.lat.884,https://digi.vatlib.it/view/MSS_Pal.lat.884,7.5
Reg.lat.344,minuta,6.0,General Data,1) Alani de Insulis Anticlaudianus et carminum medii aevi quaedam sylloga. sec. XIII,https://digi.vatlib.it/mss/detail/Reg.lat.344,https://digi.vatlib.it/view/MSS_Reg.lat.344,7.5
Reg.lat.349,minuta,6.0,General Data,1) Florilegium quoddam Carthusianum et florilegium quoddam Graeco-Latino. sec. XV / XVI,https://digi.vatlib.it/mss/detail/Reg.lat.349,https://digi.vatlib.it/view/MSS_Reg.lat.349,7.5
Reg.lat.350,minuta,6.0,General Data,1) Miscellanea. sec. XV med. / XVII,https://digi.vatlib.it/mss/detail/Reg.lat.350,https://digi.vatlib.it/view/MSS_Reg.lat.350,7.5
Reg.lat.359,minuta,6.0,General Data,1) Ad officium presbyterorum colendum opuscula duo inperfecta. sec. XIII,https://digi.vatlib.it/mss/detail/Reg.lat.359,https://digi.vatlib.it/view/MSS_Reg.lat.359,7.5
Reg.lat.409,minuta,6.0,General Data,1) Guillelmi Peraldi summa quae dicitur de virtutibus. sec. XIII,https://digi.vatlib.it/mss/detail/Reg.lat.409,https://digi.vatlib.it/view/MSS_Reg.lat.409,7.5
Reg.lat.410,minuta,6.0,General Data,1) Stephani Gradii Disputatio de opinione probabili cum Honorato Fabri S.I. (qui Lugduni ann. 1670 librum inscriptum Apologeticus doctrinae moralis pervulgaverat). sec. XVII,https://digi.vatlib.it/mss/detail/Reg.lat.410,https://digi.vatlib.it/view/MSS_Reg.lat.410,7.5
Reg.lat.429,minuta,6.0,General Data,"1) Liber capituli vel chori ad usum fratrum Minorum, Thomae de Capua Summa dictaminis et Decretalium Gregorii papae IX particulae duae. sec. XIII",https://digi.vatlib.it/mss/detail/Reg.lat.429,https://digi.vatlib.it/view/MSS_Reg.lat.429,7.5
Reg.lat.430,minuta,6.0,General Data,1) 35r-v: Prophecie de aduentu domini nostri yhesu christi per infrascriptas XV[I] Sibillas.,https://digi.vatlib.it/mss/detail/Reg.lat.430,https://digi.vatlib.it/view/MSS_Reg.lat.430,7.5
Reg.lat.453,minuta,6.0,General Data,1) Variorum fragmentorum compositio. sec. IX-X/XVI,https://digi.vatlib.it/mss/detail/Reg.lat.453,https://digi.vatlib.it/view/MSS_Reg.lat.453,7.5
Reg.lat.471,minuta,6.0,General Data,1) Honori Augustidunensem De imagine mundi et Pauli Orosii Historiae. sec. XII,https://digi.vatlib.it/mss/detail/Reg.lat.471,https://digi.vatlib.it/view/MSS_Reg.lat.471,7.5
Reg.lat.1705,minuta,6.0,General Data,"1) Servius, Commentarius in Vergilium. sec. XV",https://digi.vatlib.it/mss/detail/Reg.lat.1705,https://digi.vatlib.it/view/MSS_Reg.lat.1705,7.5
Reg.lat.2023,minuta,6.0,General Data,"Low Quality 1) 420r: Sirleto, Guglielmo, card., 1514-1585 Lettera a Pompilio Amaseo.",https://digi.vatlib.it/mss/detail/Reg.lat.2023,https://digi.vatlib.it/view/MSS_Reg.lat.2023,7.5
Urb.lat.426,minuta,6.0,General Data,"1) Titus Livius, Ab Urbe condita (Decas IV). sec. XV med.",https://digi.vatlib.it/mss/detail/Urb.lat.426,https://digi.vatlib.it/view/MSS_Urb.lat.426,7.5
Urb.lat.427,minuta,6.0,General Data,"1) Curzio Rufo, Historiae Alexandri Magni. sec. XV",https://digi.vatlib.it/mss/detail/Urb.lat.427,https://digi.vatlib.it/view/MSS_Urb.lat.427,7.5
Urb.lat.1010,minuta,6.0,General Data,"1) 1r-118v: Paltroni, Pier Antonio, f. 1463 Commentari della vita et gesti dell'illustrissimo Federico duca d'Urbino (Paltroni, Pier Antonio, f. 1463) 2) 119r: Baldi, Bernardino, abate di Guastalla, 1553-1617 Lettera a Francesco Maria II della Rovere, duca di Urbino.",https://digi.vatlib.it/mss/detail/Urb.lat.1010,https://digi.vatlib.it/view/MSS_Urb.lat.1010,6.0
Urb.lat.1404,minuta,6.0,General Data,"1) 1r-99v: Iohannes Aegidius de Zamora, O.F.M., c. 1240- dopo il 1320 Liber contra venena et animalia venenosa et etiam contra minuta et vilia et tediosa vita nostre animalia ut sunt cimices, culices, cruci, lendes, pediculi et pulices et huiusmodi ad venerabilem fratrem R[aymundus Gualfredi] generalem ministrum.",https://digi.vatlib.it/mss/detail/Urb.lat.1404,https://digi.vatlib.it/view/MSS_Urb.lat.1404,6.0
Urb.lat.1629.pt.1,minuta,6.0,General Data,"1) 265v: Gaudenzi, Paganino, 1595-1649 Minuta di risposta a Ottavio Ferrari.",https://digi.vatlib.it/mss/detail/Urb.lat.1629.pt.1,https://digi.vatlib.it/view/MSS_Urb.lat.1629.pt.1,7.5
Urb.lat.1690,minuta,6.0,General Data,"1) 80r-86v: Innocentius PP. XI, b., 1611-1689 Minuta [...] della bolla che si pensa di fare per provvedere all'indennità della Sede e Camera Apostolica che si comunica al Sacro Collegio acciocché ciascuno dell'Em. Sig. cardinali intimi e suggerischi [...]",https://digi.vatlib.it/mss/detail/Urb.lat.1690,https://digi.vatlib.it/view/MSS_Urb.lat.1690,6.0
Vat.ar.52,minuta,6.0,General Data,1) Paléographie - Codicologie:,https://digi.vatlib.it/mss/detail/Vat.ar.52,https://digi.vatlib.it/view/MSS_Vat.ar.52,7.5
Vat.ar.454,minuta,6.0,General Data,Low Quality 1) 216r-217r:,https://digi.vatlib.it/mss/detail/Vat.ar.454,https://digi.vatlib.it/view/MSS_Vat.ar.454,7.5
Vat.gr.303.pt.1,minuta,6.0,General Data,1) sec. XIV,https://digi.vatlib.it/mss/detail/Vat.gr.303.pt.1,https://digi.vatlib.it/view/MSS_Vat.gr.303.pt.1,7.5
Vat.gr.303.pt.2,minuta,6.0,General Data,1) sec. XIV,https://digi.vatlib.it/mss/detail/Vat.gr.303.pt.2,https://digi.vatlib.it/view/MSS_Vat.gr.303.pt.2,7.5
Vat.gr.303.pt.3,minuta,6.0,General Data,"1) Theodorus Metochites, m. 1332 sec. XIV",https://digi.vatlib.it/mss/detail/Vat.gr.303.pt.3,https://digi.vatlib.it/view/MSS_Vat.gr.303.pt.3,7.5
Vat.gr.1209,minuta,6.0,General Data,1) sec. IV,https://digi.vatlib.it/mss/detail/Vat.gr.1209,https://digi.vatlib.it/view/MSS_Vat.gr.1209,7.5
Vat.gr.1830,minuta,6.0,General Data,1) sec. XIV-XV,https://digi.vatlib.it/mss/detail/Vat.gr.1830,https://digi.vatlib.it/view/MSS_Vat.gr.1830,7.5
Vat.lat.182,minuta,6.0,General Data,"1) 68r-72v, 120v-121v, 128v-131v: Tifernas, Lilius, 1417/18-1486 Epistulae Sixto PP IV in libros I-III Philonis De vita Mosis",https://digi.vatlib.it/mss/detail/Vat.lat.182,https://digi.vatlib.it/view/MSS_Vat.lat.182,7.5
Vat.lat.689,minuta,6.0,General Data,1) 96v(2): De peccatis minutis,https://digi.vatlib.it/mss/detail/Vat.lat.689,https://digi.vatlib.it/view/MSS_Vat.lat.689,7.5
Vat.lat.1579,minuta,6.0,General Data,"1) Vergilius, Operae. sec. XV med.",https://digi.vatlib.it/mss/detail/Vat.lat.1579,https://digi.vatlib.it/view/MSS_Vat.lat.1579,7.5
Vat.lat.3195,minuta,6.0,Bibliographic References:,"Bibliographic References: 1) Petrucci, Armando, 1932-2018 Minuta , autografo, libro d'autore, In Il libro e il testo. Atti del convegno internazionale, Urbino 20-23 sett. 1982, 1984 2) Petrucci, Armando, 1932-2018 Dalla minuta al manoscritto d’autore, In Lo spazio letterario nel medioevo. I. La produzione del testo, 1. Il Medioevo latino, 1992",https://digi.vatlib.it/mss/detail/Vat.lat.3195,https://digi.vatlib.it/view/MSS_Vat.lat.3195,3.3
Vat.lat.3196,minuta,6.0,Bibliographic References:,"Bibliographic References: 1) Petrucci, Armando, 1932-2018 Minuta , autografo, libro d'autore, In Il libro e il testo. Atti del convegno internazionale, Urbino 20-23 sett. 1982, 1984 2) Petrucci, Armando, 1932-2018 Dalla minuta al manoscritto d’autore, In Lo spazio letterario nel medioevo. I. La produzione del testo, 1. Il Medioevo latino, 1992",https://digi.vatlib.it/mss/detail/Vat.lat.3196,https://digi.vatlib.it/view/MSS_Vat.lat.3196,3.3
Vat.lat.3358,minuta,6.0,Bibliographic References:,"Bibliographic References: 1) Petrucci, Armando, 1932-2018 Minuta , autografo, libro d'autore, In Il libro e il testo. Atti del convegno internazionale, Urbino 20-23 sett. 1982, 1984",https://digi.vatlib.it/mss/detail/Vat.lat.3358,https://digi.vatlib.it/view/MSS_Vat.lat.3358,3.3
Vat.lat.5967,minuta,6.0,General Data,Low Quality 1) 35r-45v: Papi (1534-1549 : Paulus III) Breve ad Carolum V imperatorem post recessum Spirense. 2) 81r-83r: Papi (1534-1549 : Paulus III) Bulla suspensionem concilii revocans illudque denuo ad diem 15 Martii Tridentum indicens.,https://digi.vatlib.it/mss/detail/Vat.lat.5967,https://digi.vatlib.it/view/MSS_Vat.lat.5967,6.0
Vat.lat.5976,minuta,6.0,General Data,1) 85r-87v: Papi (1534-1549 : Paulus III) Breve ad Carolum V imperatorem post recessum Spirense. 1544. Altera forma.,https://digi.vatlib.it/mss/detail/Vat.lat.5976,https://digi.vatlib.it/view/MSS_Vat.lat.5976,7.5
Vat.lat.6180,minuta,6.0,General Data,"Low Quality 1) 127r-v, 128v: Sirleto, Guglielmo, card., 1514-1585 Lettera al re di Polonia. 2) 129r-v, 130v: Sirleto, Guglielmo, card., 1514-1585 Lettera al card. Radziwill.",https://digi.vatlib.it/mss/detail/Vat.lat.6180,https://digi.vatlib.it/view/MSS_Vat.lat.6180,7.5
Vat.lat.6416,minuta,6.0,General Data,"1) 9r: Lettera di incerto a Giuseppe Panfili, vesc. di Segni. 2) 46r: Lettera di incerto al card. di Granvelle. 3) 104r: Sirleto, Guglielmo, card., 1514-1585 Lettera a Murgatto.",https://digi.vatlib.it/mss/detail/Vat.lat.6416,https://digi.vatlib.it/view/MSS_Vat.lat.6416,7.5
Vat.lat.6946,minuta,6.0,General Data,"1) Sirleto, Guglielmo, card., 1514-1585 Lettere a diversi. sec. XVI 2) 2r, 116r, 182r, 315r, 330r, 376r, 381v, 401r, 412v: Sirleto, Guglielmo, card., 1514-1585 Lettere (9) a Camillo Savelli. 3) 2r, 46r: Sirleto, Guglielmo, card., 1514-1585 Lettere (2) a Tommaso Sirleto. 4) 2r-v: Sirleto, Guglielmo, card., 1514-1585 Lettera al card. Angelo Niccolini. 5) 2v(1): Sirleto, Guglielmo, card., 1514-1585 Lettera al card. Giulio Della Rovere. 6) 2v(2): Sirleto, Guglielmo, card., 1514-1585 Lettera a Felice de' Tiranni, arcivescovo di Urbino. 7) 3r(1): Sirleto, Guglielmo, card., 1514-1585 Lettera a Vincenzo Bellarmino. 8) 3r(2): Sirleto, Guglielmo, card., 1514-1585 Lettera a Biagio Cervini. 9) 3r(3): Sirleto, Guglielmo, card., 1514-1585 Lettera a Costanzo Cini. 10) 3v(1): Sirleto, Guglielmo, card., 1514-1585 Lettera al governatore di Camerino. 11) 3v(2): Sirleto, Guglielmo, card., 1514-1585 Lettera ad Antonio Giannotti, vescovo di Forlì. 12) 3v(3): Sirleto, Guglielmo, card., 1514-1585 Lettera a...",https://digi.vatlib.it/mss/detail/Vat.lat.6946,https://digi.vatlib.it/view/MSS_Vat.lat.6946,6.0
Vat.lat.7122,minuta,6.0,General Data,"Low Quality 1) 1r-289r: Ranaldi, Alessandro, 1578-1649 Minute dell'inventario delli libri manoscritti latini della libreria Palatina di mano di Alessandro Rainaldi e Donato Lilitilli, secondi custodi della libraria",https://digi.vatlib.it/mss/detail/Vat.lat.7122,https://digi.vatlib.it/view/MSS_Vat.lat.7122,6.0
Vat.lat.7124,minuta,6.0,General Data,"1) 162r-v: Leo PP. X, 1475-1521 Minuta brevis ad locumtenentem legati et ad thesaurarium Marchiae Anconitanae.",https://digi.vatlib.it/mss/detail/Vat.lat.7124,https://digi.vatlib.it/view/MSS_Vat.lat.7124,7.5
Vat.lat.7247,minuta,6.0,General Data,Low Quality 1) 1r-3v: Lettera in cui si espongono alcune ragioni in favore del Tribunale della S. Rota nella questione di precedenza tra i baroni e titolati Romani e gli uditori della Rota medesima.,https://digi.vatlib.it/mss/detail/Vat.lat.7247,https://digi.vatlib.it/view/MSS_Vat.lat.7247,6.0
Vat.lat.7283,minuta,6.0,General Data,"1) 75r-76r: Bruni, Leonardo, 1369-1444 Epistula ad Gerardum Landriani, card. Comensem",https://digi.vatlib.it/mss/detail/Vat.lat.7283,https://digi.vatlib.it/view/MSS_Vat.lat.7283,7.5
Vat.lat.7500,minuta,6.0,General Data,"1) 194r-196r: Astalli, Fulvio, card., 1655-1721. Opere spurie e dubbie Minute di risposte alla lettera scritta dal card. Vincenzo Grimani in risposta al breve pontificio del 1 settembre 1708. 2) 194r-196v: Astalli, Fulvio, card., 1655-1721 Minuta di lettera [...] data a Signori Capi d'Ordine [Gaspare Carpegna, Benedetto Pamphili e Galeazzo Marescotti] per risposta al Signor Cardinale [Vincenzo] Grimani e data nel concistoro del 3 ottobre 1708.",https://digi.vatlib.it/mss/detail/Vat.lat.7500,https://digi.vatlib.it/view/MSS_Vat.lat.7500,6.0
Vat.lat.7750,minuta,6.0,General Data,"1) 211v-213r: Alba, Fernando Alvarez de Toledo, duque de, 1507-1582‏ Minuta a Su Magestad [Filippo II] en Alva a 19 de sept. 1560 sobre lo que el enbajador de Francia Mons. de Limonges propuso",https://digi.vatlib.it/mss/detail/Vat.lat.7750,https://digi.vatlib.it/view/MSS_Vat.lat.7750,6.0
Vat.lat.8328,minuta,6.0,General Data,"1) 145r-148v: Trattamento dei cardinali in Madrid secondo quello che fu fatto al card. [Giorgio] Cornaro, giusta la presente minuta relazione nell'anno 1697",https://digi.vatlib.it/mss/detail/Vat.lat.8328,https://digi.vatlib.it/view/MSS_Vat.lat.8328,7.5
Vat.lat.8338,minuta,6.0,General Data,"1) 183v: Boccapaduli, Teodoro, f. 1741-1777 Supplica di Teodoro Boccapaduli al papa Benedetto XIV.",https://digi.vatlib.it/mss/detail/Vat.lat.8338,https://digi.vatlib.it/view/MSS_Vat.lat.8338,7.5
Vat.lat.8373.pt.1,minuta,6.0,General Data,"Low Quality 1) 48r: Benedictus PP. XIV, 1675-1758 Biglietto scritto dal papa [Benedetto XIV] a mons. de Thun [Giuseppe Maria] nel rimandargli la minuta della garanzia formata dal canonico [Pietro] Capello, segretario d'ordine del ministro suddetto. Casa, 9 feb. 1743. 2) 62r-85v: Minute (2) della memoria istorica del vicariato apostolico stabilito da papa Benedetto XIV nella parte austriaca della diocesi di Aquileia.",https://digi.vatlib.it/mss/detail/Vat.lat.8373.pt.1,https://digi.vatlib.it/view/MSS_Vat.lat.8373.pt.1,6.0
Vat.lat.8472.pt.1,minuta,6.0,General Data,"1) 1r: Filonardi, Mario, arciv. di Avignon, m. 1644 Lettera ad Anselm Casmir von Wambold, arciv. di Mainz. 2) 4r-231v passim: Filonardi, Mario, arciv. di Avignon, m. 1644 Lettere al card. Francesco Adriano Ceva. 3) 6r, 10v, 25r, 26r-27v, 142r-143v: Filonardi, Mario, arciv. di Avignon, m. 1644 Lettere (5) ad Antonio Ferragalli. 4) 6v-7r, 13r, 22v-23r, 178v: Filonardi, Mario, arciv. di Avignon, m. 1644 Lettere (4) a Decio Francesco Vitelli, vesc. di Terni, poi arciv. di Urbino. 5) 8r, 10v, 12r, 22v: Filonardi, Mario, arciv. di Avignon, m. 1644 Lettere (4) all'arcidiacono d'Arras Richard Pauli-Stravius. 6) 13r: Filonardi, Mario, arciv. di Avignon, m. 1644 Lettera al vescovo Lorenzo Campeggi, nunzio in Spagna. 7) 29r: Filonardi, Mario, arciv. di Avignon, m. 1644 Lettera a Cornelius Heinrich Motmans. 8) 48r, 52r, 63r, 66v, 89r-90r, 123r, 132v, 138v, 144v, 154r, 161r, 176v, 222v: Filonardi, Mario, arciv. di Avignon, m. 1644 Lettere (13) al card. Marzio Ginetti. 9) 53r: Filonardi, Mario, a...",https://digi.vatlib.it/mss/detail/Vat.lat.8472.pt.1,https://digi.vatlib.it/view/MSS_Vat.lat.8472.pt.1,6.0
Vat.lat.8472.pt.2,minuta,6.0,General Data,"1) 232r: Filonardi, Mario, arciv. di Avignon, m. 1644 Lettera a Benigno da Genova. 2) 232r-445r passim: Filonardi, Mario, arciv. di Avignon, m. 1644 Lettere al card. Francesco Adriano Ceva. 3) 234v-235v: Filonardi, Mario, arciv. di Avignon, m. 1644 Lettere (2) al conte palatino di Cracovia. 4) 238v: Filonardi, Mario, arciv. di Avignon, m. 1644 Lettera al card. Marzio Ginetti. 5) 257r: Filonardi, Mario, arciv. di Avignon, m. 1644 Lettera a Władysław IV Zygmunt, re di Polonia. 6) 303v-304r: Filonardi, Mario, arciv. di Avignon, m. 1644 Lettera a Claudia, arciduchessa d'Austria, moglie di Leopoldo, arciduca d'Austria e conte del Tirolo. 7) 335r: Filonardi, Mario, arciv. di Avignon, m. 1644 Lettera a Taddeo Collicola, medico di papa Urbano VIII. 8) 335v: Filonardi, Mario, arciv. di Avignon, m. 1644 Lettera a Fornari. 9) 335v, 403r, 420v: Filonardi, Mario, arciv. di Avignon, m. 1644 Lettere (3) ad Alonso Ibarra. 10) 358r, 373v, 390r-392r: Filonardi, Mario, arciv. di Avignon, m. 1644 Lette...",https://digi.vatlib.it/mss/detail/Vat.lat.8472.pt.2,https://digi.vatlib.it/view/MSS_Vat.lat.8472.pt.2,6.0
Vat.lat.9194,minuta,6.0,General Data,"1) 256v: Monacelli, Agostino, sec. XVIII Supplica inviata probabilmente al card. Leonardo Antonelli.",https://digi.vatlib.it/mss/detail/Vat.lat.9194,https://digi.vatlib.it/view/MSS_Vat.lat.9194,7.5
Vat.lat.9684,minuta,6.0,General Data,"Low Quality 1) 153r: Cancellieri, Francesco, 1751-1826 Lettera a Domenico Morosini.",https://digi.vatlib.it/mss/detail/Vat.lat.9684,https://digi.vatlib.it/view/MSS_Vat.lat.9684,7.5
Vat.lat.9895,minuta,6.0,General Data,"1) 143r-144v: Barberini, Francesco, card., 1597-1679 Lettera agli Uditori della S. Romana Rota.",https://digi.vatlib.it/mss/detail/Vat.lat.9895,https://digi.vatlib.it/view/MSS_Vat.lat.9895,7.5
Vat.lat.10005.pt.2,minuta,6.0,General Data,"1) 414r-415v: Calogerà, Angelo, O.S.B.Cam., 1699-1768 Lettera ad incerto.",https://digi.vatlib.it/mss/detail/Vat.lat.10005.pt.2,https://digi.vatlib.it/view/MSS_Vat.lat.10005.pt.2,7.5
Vat.lat.10018,minuta,6.0,General Data,"1) 10r-13r, 306r: Contratto stipulato tra il conte Giovanni Maria Mazzucchelli e Antonio Zatta, riguardante l'edizione del Museum Mazzuchellianum.",https://digi.vatlib.it/mss/detail/Vat.lat.10018,https://digi.vatlib.it/view/MSS_Vat.lat.10018,7.5
Vat.lat.10024,minuta,6.0,General Data,"1) 155r: Rodella, Giovanni Battista, sac., 1724-1794 Lettera in versi a Bobina Pluda. 2) 156r: Rodella, Giovanni Battista, sac., 1724-1794 [Lettera] a S.E. il Sig. Marchese Carlo Valenti Gonzaga.",https://digi.vatlib.it/mss/detail/Vat.lat.10024,https://digi.vatlib.it/view/MSS_Vat.lat.10024,6.0
Vat.lat.10025.pt.2,minuta,6.0,General Data,"1) 304r: Rodella, Giovanni Battista, sac., 1724-1794 Lettera a Giovanni Battista Guadagnini.",https://digi.vatlib.it/mss/detail/Vat.lat.10025.pt.2,https://digi.vatlib.it/view/MSS_Vat.lat.10025.pt.2,7.5
Vat.lat.10129,minuta,6.0,General Data,"1) 21r: Mattei, Gaspare, card., 1598-1650 Lettera a Giovanni Casimiro, card. di Polonia.",https://digi.vatlib.it/mss/detail/Vat.lat.10129,https://digi.vatlib.it/view/MSS_Vat.lat.10129,7.5
Vat.lat.10150,minuta,6.0,General Data,"1) 142r, 147v: Marietti, Pietro, f. 1870 Lettera a Pietro Antonio Uccelli.",https://digi.vatlib.it/mss/detail/Vat.lat.10150,https://digi.vatlib.it/view/MSS_Vat.lat.10150,7.5
Vat.lat.10307,minuta,6.0,General Data,"1) 34r-37r: Visconti, Ennio Quirino, 1751-1818 Lettera ad un cardinale. 2) 43r-49v: Visconti, Ennio Quirino, 1751-1818 Lettera ad un cardinale. 3) 75r-v: Visconti, Ennio Quirino, 1751-1818 Lettera forse al card. Alessandro Albani. 4) 83r-v: Visconti, Giovanni Battista, 1722-1784 Lettera all'avvocato Bargiellini. 5) 87v: Visconti, Ennio Quirino, 1751-1818 Lettera ad ignoto.",https://digi.vatlib.it/mss/detail/Vat.lat.10307,https://digi.vatlib.it/view/MSS_Vat.lat.10307,6.0
Vat.lat.10742,minuta,6.0,General Data,"Low Quality 1) 283r, 292r-v: Carli, Ferdinando, 1578-1641 Voti per la canonizzazione dei S. Filippo Neri, S. Teresa, S. Ignazio di Loyola e Isidoro agricola. 2) 288v: Carli, Ferdinando, 1578-1641 Lettera a Cassiano Dal Pozzo. 3) 403r-414v, 469r: Ferabosco, Martino, m. 1623 Lettere a Paolo V e a Giovanni Battista Costaguti, prefetto dei Sacri Palazzi Apostolici. 4) 403r-414v, 469r-v: Ferabosco, Martino, m. 1623 Lettere a Paolo V e a Giovanni Battista Costaguti prefetto dei Sacri Palazzi Apostolici.",https://digi.vatlib.it/mss/detail/Vat.lat.10742,https://digi.vatlib.it/view/MSS_Vat.lat.10742,6.0
Vat.lat.12285,minuta,6.0,General Data,Low Quality 1) 188r: Instrumentum pro creatione ill.mo et e.mo Taddaei Barberini Urbis Praefecti in militem deauratum sive de calcaribus auratis. 5 augusti 1631. Not. Paolo Alaleona,https://digi.vatlib.it/mss/detail/Vat.lat.12285,https://digi.vatlib.it/view/MSS_Vat.lat.12285,6.0
Vat.lat.12431,minuta,6.0,General Data,"Low Quality 1) 97r-107v: Cibo, Alderano, card., 1613-1700 Istruzione al nunzio straordinario in Germania Alfonso Litta incaricandolo di portare le fasce benedette al primogenito dell'Imperatore Leopoldo I, principe Giuseppe e di chiedere all'imperatore un appoggio per la riforma del clero cattolico in Ungheria e in Boemia 2) 108r-109v: Cibo, Alderano, card., 1613-1700 Istruzione al nunzio straordinario in Germania Alfonso Litta incaricandolo di portare le fasce benedette al primogenito dell'Imperatore Leopoldo I, principe Giuseppe, e di chiedere all'imperatore un appoggio per la riforma del clero cattolico in Ungheria e in Boemia 3) 121r-122v: Cibo, Alderano, card., 1613-1700 Istruzione circa il cerimoniale da seguire.",https://digi.vatlib.it/mss/detail/Vat.lat.12431,https://digi.vatlib.it/view/MSS_Vat.lat.12431,6.0
Vat.lat.12895,minuta,6.0,General Data,"1) 42r-bv: Leopardi, Giacomo, conte, 1798-1837 Lettera ad Angelo Mai.",https://digi.vatlib.it/mss/detail/Vat.lat.12895,https://digi.vatlib.it/view/MSS_Vat.lat.12895,7.5
Vat.lat.14146.pt.A,minuta,6.0,General Data,"1) 75r: Moreni, Domenico, sac., 1763-1835 Lettera al card. Antonio Felice Zondadari.",https://digi.vatlib.it/mss/detail/Vat.lat.14146.pt.A,https://digi.vatlib.it/view/MSS_Vat.lat.14146.pt.A,7.5
Vat.lat.14785,minuta,6.0,General Data,1) 13r-25v: Messale con sequenze.,https://digi.vatlib.it/mss/detail/Vat.lat.14785,https://digi.vatlib.it/view/MSS_Vat.lat.14785,7.5
Barb.lat.4151,bozza,6.0,General Data,"1) 45v-46r: Pasqualini, Marcantonio, 1614-1691 2) 79v: Pasqualini, Marcantonio, 1614-1691 3) 80r-82r: Pasqualini, Marcantonio, 1614-1691 4) 89v-91r: Pasqualini, Marcantonio, 1614-1691 5) 91v-92v: Pasqualini, Marcantonio, 1614-1691 6) 93v-94v: Pasqualini, Marcantonio, 1614-1691 7) 95v-96r: Pasqualini, Marcantonio, 1614-1691 8) 96v-99r: Pasqualini, Marcantonio, 1614-1691 9) 100r-101v: Pasqualini, Marcantonio, 1614-1691 10) 103v-106r: Pasqualini, Marcantonio, 1614-1691 11) 110v-112v: Pasqualini, Marcantonio, 1614-1691 12) 113v-114r: Pasqualini, Marcantonio, 1614-1691 13) 119v-121v: Pasqualini, Marcantonio, 1614-1691 14) 123v-126v: Pasqualini, Marcantonio, 1614-1691 15) 128v-131r: Pasqualini, Marcantonio, 1614-1691",https://digi.vatlib.it/mss/detail/Barb.lat.4151,https://digi.vatlib.it/view/MSS_Barb.lat.4151,6.0
Barb.lat.4175,bozza,6.0,General Data,"1) 143v-145r: Pasqualini, Marcantonio, 1614-1691",https://digi.vatlib.it/mss/detail/Barb.lat.4175,https://digi.vatlib.it/view/MSS_Barb.lat.4175,7.5
Barb.lat.4179,bozza,6.0,General Data,"1) 19r-96v: Bencini, Pietro Paolo, 1670-1755 Le Gare festive in applauso alla real casa di Francia.",https://digi.vatlib.it/mss/detail/Barb.lat.4179,https://digi.vatlib.it/view/MSS_Barb.lat.4179,7.5
Barb.lat.4200,bozza,6.0,General Data,"1) 185r-186r: Pasqualini, Marcantonio, 1614-1691",https://digi.vatlib.it/mss/detail/Barb.lat.4200,https://digi.vatlib.it/view/MSS_Barb.lat.4200,7.5
Barb.lat.4201,bozza,6.0,General Data,"1) 1r-3r: Pasqualini, Marcantonio, 1614-1691 2) 3v-6r: Pasqualini, Marcantonio, 1614-1691 3) 6v-7v: Pasqualini, Marcantonio, 1614-1691 4) 7v-8r: Pasqualini, Marcantonio, 1614-1691 5) 8v-12r: Pasqualini, Marcantonio, 1614-1691 6) 12v-13r: Pasqualini, Marcantonio, 1614-1691 7) 15v-16r: Pasqualini, Marcantonio, 1614-1691 8) 18v-19r: Pasqualini, Marcantonio, 1614-1691 9) 25v-26r: Pasqualini, Marcantonio, 1614-1691 10) 27r-28v: Pasqualini, Marcantonio, 1614-1691 11) 29r-30r: Pasqualini, Marcantonio, 1614-1691 12) 34r-37r: Pasqualini, Marcantonio, 1614-1691 13) 37v-39r: Pasqualini, Marcantonio, 1614-1691 14) 39v-41v: Pasqualini, Marcantonio, 1614-1691 15) 42r-43r: Pasqualini, Marcantonio, 1614-1691 16) 47v-48r: Pasqualini, Marcantonio, 1614-1691 17) 49r-51v: Pasqualini, Marcantonio, 1614-1691 18) 52r-v: Pasqualini, Marcantonio, 1614-1691 19) 55v-56r: Pasqualini, Marcantonio, 1614-1691 20) 63v-65v: Pasqualini, Marcantonio, 1614-1691. Opere spurie e dubbie 21) 113v: Pasqualini, Marcantonio,...",https://digi.vatlib.it/mss/detail/Barb.lat.4201,https://digi.vatlib.it/view/MSS_Barb.lat.4201,6.0
Barb.lat.4204,bozza,6.0,General Data,"1) 12r-14r: Pasqualini, Marcantonio, 1614-1691 2) 29r-30v: Pasqualini, Marcantonio, 1614-1691 3) 32v-34v: Pasqualini, Marcantonio, 1614-1691 4) 55r-57r: Pasqualini, Marcantonio, 1614-1691 5) 57v-68r: Pasqualini, Marcantonio, 1614-1691 6) 73v-74v: Pasqualini, Marcantonio, 1614-1691 7) 75r-76v: Pasqualini, Marcantonio, 1614-1691 8) 77r-78r: Pasqualini, Marcantonio, 1614-1691 9) 84v-85v: Pasqualini, Marcantonio, 1614-1691 10) 86r-v: Pasqualini, Marcantonio, 1614-1691 11) 87r: Pasqualini, Marcantonio, 1614-1691 12) 87v-89v: Pasqualini, Marcantonio, 1614-1691 13) 96r-98r: Pasqualini, Marcantonio, 1614-1691 14) 104r-105r: Pasqualini, Marcantonio, 1614-1691 15) 105r-106r: Pasqualini, Marcantonio, 1614-1691 16) 109r-110v: Pasqualini, Marcantonio, 1614-1691 17) 115v-116v: Pasqualini, Marcantonio, 1614-1691 18) 118r-120r: Pasqualini, Marcantonio, 1614-1691 19) 121r: Pasqualini, Marcantonio, 1614-1691 20) 121v-126r: Pasqualini, Marcantonio, 1614-1691 21) 123v: Pasqualini, Marcantonio, 1614-169...",https://digi.vatlib.it/mss/detail/Barb.lat.4204,https://digi.vatlib.it/view/MSS_Barb.lat.4204,6.0
Barb.lat.4205,bozza,6.0,General Data,"1) 21r-v: Pasqualini, Marcantonio, 1614-1691. Opere spurie e dubbie 2) 21v-23r: Pasqualini, Marcantonio, 1614-1691. Opere spurie e dubbie 3) 28r-31r: Pasqualini, Marcantonio, 1614-1691 4) 40v-43v: Pasqualini, Marcantonio, 1614-1691 5) 98r-100v: Pasqualini, Marcantonio, 1614-1691 6) 128v-132r: Pasqualini, Marcantonio, 1614-1691 7) 132v-134v: Pasqualini, Marcantonio, 1614-1691 8) 135r-138r: Pasqualini, Marcantonio, 1614-1691 9) 143r-146v: Pasqualini, Marcantonio, 1614-1691 10) 147r-148r: Pasqualini, Marcantonio, 1614-1691 11) 148v-150r: Pasqualini, Marcantonio, 1614-1691 12) 150v-154r: Pasqualini, Marcantonio, 1614-1691 13) 154v-160r: Pasqualini, Marcantonio, 1614-1691 14) 160v-163r: Pasqualini, Marcantonio, 1614-1691 15) 164v-165r: Pasqualini, Marcantonio, 1614-1691 16) 166v-167v: Pasqualini, Marcantonio, 1614-1691 17) 168v-170v: Pasqualini, Marcantonio, 1614-1691 18) 171r-176r: Pasqualini, Marcantonio, 1614-1691 19) 176v: Pasqualini, Marcantonio, 1614-1691 20) 177r-184v: Pasqualini,...",https://digi.vatlib.it/mss/detail/Barb.lat.4205,https://digi.vatlib.it/view/MSS_Barb.lat.4205,6.0
Barb.lat.4220,bozza,6.0,General Data,"1) 37r-38r: Pasqualini, Marcantonio, 1614-1691 2) 85r-87r: Pasqualini, Marcantonio, 1614-1691",https://digi.vatlib.it/mss/detail/Barb.lat.4220,https://digi.vatlib.it/view/MSS_Barb.lat.4220,7.5
Barb.lat.4221,bozza,6.0,General Data,"1) 35v-37v: Pasqualini, Marcantonio, 1614-1691 2) 83r-84r: Pasqualini, Marcantonio, 1614-1691 3) 137r-138v: Pasqualini, Marcantonio, 1614-1691",https://digi.vatlib.it/mss/detail/Barb.lat.4221,https://digi.vatlib.it/view/MSS_Barb.lat.4221,7.5
Barb.lat.4228,bozza,6.0,General Data,"1) Pietro Paolo Bencini, Le Gare festive in applauso alla real casa di Francia. sec. XVIII 2) 1r-278v: Bencini, Pietro Paolo, 1670-1755 Le Gare festive in applauso alla real casa di Francia.",https://digi.vatlib.it/mss/detail/Barb.lat.4228,https://digi.vatlib.it/view/MSS_Barb.lat.4228,6.0
Barb.lat.4231,bozza,6.0,General Data,"Low Quality 1) 145r-v: Pasqualini, Marcantonio, 1614-1691",https://digi.vatlib.it/mss/detail/Barb.lat.4231,https://digi.vatlib.it/view/MSS_Barb.lat.4231,7.5
Reg.lat.1133,bozza,6.0,General Data,"1) 1r-352v: Boesius, Ioannes, sec. XVI Parangelmaton id est praeceptiones Pharmaceuticae. Liber I, De materia medica.",https://digi.vatlib.it/mss/detail/Reg.lat.1133,https://digi.vatlib.it/view/MSS_Reg.lat.1133,7.5
Vat.lat.9850,bozza,6.0,General Data,"1) Thomas Aquinas, s., c. 1225-1274 Opere di san Tommaso d'Aquino. sec. XIII",https://digi.vatlib.it/mss/detail/Vat.lat.9850,https://digi.vatlib.it/view/MSS_Vat.lat.9850,7.5
Vat.lat.10627,bozza,6.0,General Data,"Low Quality 1) 407r-411v: Fornici, Giovanni, sac., m. 1828 Maestri delle cerimonie pontificie. Quale istanza umiliarono al Sommo pontefice perché i vescovi spedivano il Breve per l'assistenza al soglio senza la patente.",https://digi.vatlib.it/mss/detail/Vat.lat.10627,https://digi.vatlib.it/view/MSS_Vat.lat.10627,6.0
Barb.gr.223,cancellato,6.0,General Data,"1) 113r-126v: Aspasius, f. 110 Εὐστρατίου Νικαίας ἐξήγησις εἰς τὸ β´ τῶν ἠθικῶν νικομαχείων Ἀριστοτέλους.",https://digi.vatlib.it/mss/detail/Barb.gr.223,https://digi.vatlib.it/view/MSS_Barb.gr.223,7.5
Barb.gr.276,cancellato,6.0,General Data,1) sec. XI,https://digi.vatlib.it/mss/detail/Barb.gr.276,https://digi.vatlib.it/view/MSS_Barb.gr.276,7.5
Barb.lat.598,cancellato,6.0,General Data,1) Messale. sec. XV med.,https://digi.vatlib.it/mss/detail/Barb.lat.598,https://digi.vatlib.it/view/MSS_Barb.lat.598,7.5
Cappon.183,cancellato,6.0,General Data,"1) 1r-2v: Petrarca, Francesco, 1304-1374. Opere spurie e dubbie <Sonetti>",https://digi.vatlib.it/mss/detail/Cappon.183,https://digi.vatlib.it/view/MSS_Cappon.183,7.5
Ott.gr.85,cancellato,6.0,Bibliographic References:,"Bibliographic References: 1) Voicu, Sever J., 1945- Il nome cancellato : la trasmissione delle omelie di Severiano di Gabala, In Revue d’histoire des textes",https://digi.vatlib.it/mss/detail/Ott.gr.85,https://digi.vatlib.it/view/MSS_Ott.gr.85,4.8
Urb.lat.349,cancellato,6.0,General Data,"1) Omero, Iliade, nella traduzione di Lorenzo Valla e Francesco Griffolini. sec. XV ex.",https://digi.vatlib.it/mss/detail/Urb.lat.349,https://digi.vatlib.it/view/MSS_Urb.lat.349,7.5
Vat.ar.37,cancellato,6.0,General Data,1) Paléographie - Codicologie:,https://digi.vatlib.it/mss/detail/Vat.ar.37,https://digi.vatlib.it/view/MSS_Vat.ar.37,7.5
Vat.gr.1990,cancellato,6.0,Bibliographic References:,"Bibliographic References: 1) Voicu, Sever J., 1945- Il nome cancellato : la trasmissione delle omelie di Severiano di Gabala, In Revue d’histoire des textes",https://digi.vatlib.it/mss/detail/Vat.gr.1990,https://digi.vatlib.it/view/MSS_Vat.gr.1990,4.8
Vat.lat.642,cancellato,6.0,General Data,"1) 97v, 100v:",https://digi.vatlib.it/mss/detail/Vat.lat.642,https://digi.vatlib.it/view/MSS_Vat.lat.642,7.5
Vat.lat.1145,cancellato,6.0,General Data,1) Pontificale. sec. XV med.,https://digi.vatlib.it/mss/detail/Vat.lat.1145,https://digi.vatlib.it/view/MSS_Vat.lat.1145,7.5
Vat.lat.9948,cancellato,6.0,General Data,"1) 80v: Aretino, Pietro, 1492-1556 Sonetto",https://digi.vatlib.it/mss/detail/Vat.lat.9948,https://digi.vatlib.it/view/MSS_Vat.lat.9948,7.5
Vat.lat.15127,cancellato,6.0,General Data,"1) Papi (1730-1740 : Clemens XII) Breve di approvazione e conferma delle costituzioni dell'Ospizio dell'Immacolata Concezione di Maria Vergine e di San Luigi Gonzaga, Roma. sec. XVIII med",https://digi.vatlib.it/mss/detail/Vat.lat.15127,https://digi.vatlib.it/view/MSS_Vat.lat.15127,6.0
Arch.Cap.S.Pietro.A.26,rasura,7.0,General Data,"1) Decretum (Gratianus, sec. XII) Sec. XIII ex.",https://digi.vatlib.it/mss/detail/Arch.Cap.S.Pietro.A.26,https://digi.vatlib.it/view/MSS_Arch.Cap.S.Pietro.A.26,8.5
Arch.Cap.S.Pietro.D.146,rasura,7.0,General Data,1) Novum Testamentum Sec. XII in.,https://digi.vatlib.it/mss/detail/Arch.Cap.S.Pietro.D.146,https://digi.vatlib.it/view/MSS_Arch.Cap.S.Pietro.D.146,8.5
Arch.Cap.S.Pietro.F.34,rasura,7.0,General Data,1) Ir-IIv: Fragmentum Acta s. Caeciliae,https://digi.vatlib.it/mss/detail/Arch.Cap.S.Pietro.F.34,https://digi.vatlib.it/view/MSS_Arch.Cap.S.Pietro.F.34,8.5
Barb.gr.103,rasura,7.0,General Data,1) 116v-117v: Excerpta tria homiletica.,https://digi.vatlib.it/mss/detail/Barb.gr.103,https://digi.vatlib.it/view/MSS_Barb.gr.103,8.5
Barb.gr.164,rasura,7.0,General Data,1) sec. XIII ex,https://digi.vatlib.it/mss/detail/Barb.gr.164,https://digi.vatlib.it/view/MSS_Barb.gr.164,8.5
Barb.gr.186,rasura,7.0,General Data,1) sec. XV,https://digi.vatlib.it/mss/detail/Barb.gr.186,https://digi.vatlib.it/view/MSS_Barb.gr.186,8.5
Barb.gr.194,rasura,7.0,General Data,1) sec. XV ex,https://digi.vatlib.it/mss/detail/Barb.gr.194,https://digi.vatlib.it/view/MSS_Barb.gr.194,8.5
Barb.gr.214,rasura,7.0,General Data,1) sec. XV ex,https://digi.vatlib.it/mss/detail/Barb.gr.214,https://digi.vatlib.it/view/MSS_Barb.gr.214,8.5
Barb.gr.239,rasura,7.0,General Data,1) sec. XIV,https://digi.vatlib.it/mss/detail/Barb.gr.239,https://digi.vatlib.it/view/MSS_Barb.gr.239,8.5
Barb.lat.32,rasura,7.0,General Data,"1) 9r, 18v: Ioulianos, Scholastikos, f. 535-555 Epitome novellarum Iustiniani 2) 9r-12v: Cicero, Marcus Tullius, 106-43 a.C. Somnium Scipionis.",https://digi.vatlib.it/mss/detail/Barb.lat.32,https://digi.vatlib.it/view/MSS_Barb.lat.32,8.5
Barb.lat.3953,rasura,7.0,General Data,"1) Raccolta antologica di lirica italiana delle origini, nota anche come Canzoniere di Nicolò de’ Rossi. sec. XIV med.",https://digi.vatlib.it/mss/detail/Barb.lat.3953,https://digi.vatlib.it/view/MSS_Barb.lat.3953,8.5
Borgh.33,rasura,7.0,General Data,1) 123r(2):,https://digi.vatlib.it/mss/detail/Borgh.33,https://digi.vatlib.it/view/MSS_Borgh.33,8.5
Borgh.71,rasura,7.0,General Data,"1) 1r-157r: Iohannes Faventinus, m. 1187? Summa decretorum.",https://digi.vatlib.it/mss/detail/Borgh.71,https://digi.vatlib.it/view/MSS_Borgh.71,8.5
Borgh.217,rasura,7.0,General Data,"1) 1r-232v: Guibertus Tornacensis,‏ ‎‏ O.F.M., m. 1284‏ Sermones ad status diversos.",https://digi.vatlib.it/mss/detail/Borgh.217,https://digi.vatlib.it/view/MSS_Borgh.217,8.5
Borgh.237,rasura,7.0,General Data,1) 221v:,https://digi.vatlib.it/mss/detail/Borgh.237,https://digi.vatlib.it/view/MSS_Borgh.237,8.5
Borgh.291,rasura,7.0,General Data,"1) 1r-59v: Guido de Cumis, f. 1234-1263 Incerti auctoris Casus Institutionum.",https://digi.vatlib.it/mss/detail/Borgh.291,https://digi.vatlib.it/view/MSS_Borgh.291,8.5
Borgh.331,rasura,7.0,General Data,1) 516v:,https://digi.vatlib.it/mss/detail/Borgh.331,https://digi.vatlib.it/view/MSS_Borgh.331,8.5
Capp.Giulia.IV.16,rasura,7.0,General Data,"1) 1r-33v: Benevoli, Orazio, 1605-1672 Messa à 8 voci detta La Cristiniana. 2) 1r-70v: Benevoli, Orazio, 1605-1672 Messa à 9 voci detta Marsilia.",https://digi.vatlib.it/mss/detail/Capp.Giulia.IV.16,https://digi.vatlib.it/view/MSS_Capp.Giulia.IV.16,8.5
Capp.Giulia.IV.33,rasura,7.0,General Data,"1) Gino Angelo Capponi, Magnificat a nove voci, concertato. sec. XVIII med.",https://digi.vatlib.it/mss/detail/Capp.Giulia.IV.33,https://digi.vatlib.it/view/MSS_Capp.Giulia.IV.33,8.5
Capp.Giulia.VIII.30,rasura,7.0,General Data,"Low Quality 1) 72r-85v: Zingarelli, Niccolò Antonio, 1752-1837 Lezione 2.a a due tenori e basso. 2) 124r-131v: Zingarelli, Niccolò Antonio, 1752-1837 Improperia a 4, Per Venerdi Santo del M.o Niccolò Zingarelli.",https://digi.vatlib.it/mss/detail/Capp.Giulia.VIII.30,https://digi.vatlib.it/view/MSS_Capp.Giulia.VIII.30,7.0
Ott.gr.86,rasura,7.0,General Data,1) sec. X/XI,https://digi.vatlib.it/mss/detail/Ott.gr.86,https://digi.vatlib.it/view/MSS_Ott.gr.86,8.5
Ott.gr.298,rasura,7.0,General Data,1) 79v-86v: Incipit Ep.la lACOBI Ap.li.,https://digi.vatlib.it/mss/detail/Ott.gr.298,https://digi.vatlib.it/view/MSS_Ott.gr.298,8.5
Ott.gr.381,rasura,7.0,General Data,1) sec. XII ex,https://digi.vatlib.it/mss/detail/Ott.gr.381,https://digi.vatlib.it/view/MSS_Ott.gr.381,8.5
Ott.lat.2358,rasura,7.0,General Data,"1) Dante Alighieri, Divina Commedia, con commento di Iacopo Della Lana. sec. XIV med.",https://digi.vatlib.it/mss/detail/Ott.lat.2358,https://digi.vatlib.it/view/MSS_Ott.lat.2358,8.5
Pal.lat.762,rasura,7.0,General Data,"1) 8r: Iustinianus I, imperatore d'Oriente, 482-565 Glossula ad Codicem Iust., lib. I-IX, cum glossa ordinaria Accursii. 2) 19r, 30r: Accursius, Franciscus, padre, c. 1182-1263 Glossulae ad Codicem Iustiniani, cum glossa ordinaria Accursii.",https://digi.vatlib.it/mss/detail/Pal.lat.762,https://digi.vatlib.it/view/MSS_Pal.lat.762,7.0
Pal.lat.1459,rasura,7.0,General Data,1) 58v(1):,https://digi.vatlib.it/mss/detail/Pal.lat.1459,https://digi.vatlib.it/view/MSS_Pal.lat.1459,8.5
Pal.lat.1538,rasura,7.0,General Data,"1) Seneca, Opere filosofiche. sec. XIV-XV",https://digi.vatlib.it/mss/detail/Pal.lat.1538,https://digi.vatlib.it/view/MSS_Pal.lat.1538,8.5
Reg.lat.6,rasura,7.0,General Data,1) 1r-2r: Praefatio Iohannis.,https://digi.vatlib.it/mss/detail/Reg.lat.6,https://digi.vatlib.it/view/MSS_Reg.lat.6,8.5
Reg.lat.78,rasura,7.0,General Data,"1) Soliloquia animae ad deum, falso s. Augustino adscripta. sec. XV",https://digi.vatlib.it/mss/detail/Reg.lat.78,https://digi.vatlib.it/view/MSS_Reg.lat.78,8.5
Reg.lat.86,rasura,7.0,General Data,1) Enchiridion quoddam de diversis. sec. XV,https://digi.vatlib.it/mss/detail/Reg.lat.86,https://digi.vatlib.it/view/MSS_Reg.lat.86,8.5
Reg.lat.188,rasura,7.0,General Data,"1) 1r: Quattuor hymni ad diurnas horas Quadragesimae,",https://digi.vatlib.it/mss/detail/Reg.lat.188,https://digi.vatlib.it/view/MSS_Reg.lat.188,8.5
Reg.lat.344,rasura,7.0,General Data,1) Alani de Insulis Anticlaudianus et carminum medii aevi quaedam sylloga. sec. XIII,https://digi.vatlib.it/mss/detail/Reg.lat.344,https://digi.vatlib.it/view/MSS_Reg.lat.344,8.5
Reg.lat.831,rasura,7.0,General Data,"1) Marcus Iunianus Iustinus, Historiae Philippicae. sec. XV",https://digi.vatlib.it/mss/detail/Reg.lat.831,https://digi.vatlib.it/view/MSS_Reg.lat.831,8.5
Urb.lat.2,rasura,7.0,General Data,1) sec. XV ex.,https://digi.vatlib.it/mss/detail/Urb.lat.2,https://digi.vatlib.it/view/MSS_Urb.lat.2,8.5
Urb.lat.356,rasura,7.0,General Data,"1) Seneca, Tragoediae. sec. XIV ex.",https://digi.vatlib.it/mss/detail/Urb.lat.356,https://digi.vatlib.it/view/MSS_Urb.lat.356,8.5
Urb.lat.1146,rasura,7.0,General Data,"1) Apicius, De re coquinaria. sec. IX med.",https://digi.vatlib.it/mss/detail/Urb.lat.1146,https://digi.vatlib.it/view/MSS_Urb.lat.1146,8.5
Vat.ar.29,rasura,7.0,General Data,1) Paléographie - Codicologie:,https://digi.vatlib.it/mss/detail/Vat.ar.29,https://digi.vatlib.it/view/MSS_Vat.ar.29,8.5
Vat.gr.124,rasura,7.0,General Data,1) Polybii historiarum. sec. X ex,https://digi.vatlib.it/mss/detail/Vat.gr.124,https://digi.vatlib.it/view/MSS_Vat.gr.124,8.5
Vat.gr.1754,rasura,7.0,General Data,"1) 23r-177r: Iohannes Climacus, s., c. 525-c. 606 Scala Paradisi",https://digi.vatlib.it/mss/detail/Vat.gr.1754,https://digi.vatlib.it/view/MSS_Vat.gr.1754,8.5
Vat.lat.268,rasura,7.0,General Data,1) sec. XII in.,https://digi.vatlib.it/mss/detail/Vat.lat.268,https://digi.vatlib.it/view/MSS_Vat.lat.268,8.5
Vat.lat.575,rasura,7.0,General Data,"1) 3r-216v: Gregorius PP. I, Magnus, s., c. 540-604 Moralium in lob libri XI-XXVI.",https://digi.vatlib.it/mss/detail/Vat.lat.575,https://digi.vatlib.it/view/MSS_Vat.lat.575,8.5
Vat.lat.1382,rasura,7.0,General Data,1) 289v:,https://digi.vatlib.it/mss/detail/Vat.lat.1382,https://digi.vatlib.it/view/MSS_Vat.lat.1382,8.5
Vat.lat.1395,rasura,7.0,General Data,1) Ir(2):,https://digi.vatlib.it/mss/detail/Vat.lat.1395,https://digi.vatlib.it/view/MSS_Vat.lat.1395,8.5
Vat.lat.1439,rasura,7.0,General Data,1) 224v(2): Fragmentum iuridicum de emphyteusi.,https://digi.vatlib.it/mss/detail/Vat.lat.1439,https://digi.vatlib.it/view/MSS_Vat.lat.1439,8.5
Vat.lat.1446,rasura,7.0,General Data,1) 325v:,https://digi.vatlib.it/mss/detail/Vat.lat.1446,https://digi.vatlib.it/view/MSS_Vat.lat.1446,8.5
Vat.lat.1579,rasura,7.0,General Data,"1) Vergilius, Operae. sec. XV med.",https://digi.vatlib.it/mss/detail/Vat.lat.1579,https://digi.vatlib.it/view/MSS_Vat.lat.1579,8.5
Vat.lat.1612,rasura,7.0,General Data,1) 78r(2):,https://digi.vatlib.it/mss/detail/Vat.lat.1612,https://digi.vatlib.it/view/MSS_Vat.lat.1612,8.5
Vat.lat.2070,rasura,7.0,General Data,"1) Aristotelis opera logica quattuor (Topica, Analytica priora, Analytica posteriora et Sophistici elenchis) a Manlio Severino Boethio et Iacobo Venetico in Laitnum sermonem translata, quae Logica nova dicuntur. sec. XIV",https://digi.vatlib.it/mss/detail/Vat.lat.2070,https://digi.vatlib.it/view/MSS_Vat.lat.2070,7.0
Vat.lat.2103,rasura,7.0,General Data,"1) Aristotelis Ethicorum liber et Politica, Leonardi Bruno Aretino interprete. Pseudo-Aristotelis Oeconomicorum lib. I ac III, Leonardo Bruno interprete. Leonardi Bruni Vita Aristotelis. Pseudo-Bernardi Claraevallensis Epistola ad Raymundum. sec. XV",https://digi.vatlib.it/mss/detail/Vat.lat.2103,https://digi.vatlib.it/view/MSS_Vat.lat.2103,7.0
Vat.lat.2114,rasura,7.0,General Data,"1) Aristotelis opera logica sex ac Porphyrii Isagoge Latino sermone translata nec non Anonymi Liber sex principiorum (quae omnia Logica vetus et Logica nova vocabantur), Manlio Severino Boethio, Iacobo Venetico necnon aliis ignotis interpretibus. Euclidis Geometriae fragmentum, in Latinum sermonem ab Adelardo Bathoniense translatum. sec. XIV",https://digi.vatlib.it/mss/detail/Vat.lat.2114,https://digi.vatlib.it/view/MSS_Vat.lat.2114,7.0
Vat.lat.2880,rasura,7.0,General Data,"1) 21v-24r: Cicero, Marcus Tullius, 106-43 a.C. Paradoxa stoicorum.",https://digi.vatlib.it/mss/detail/Vat.lat.2880,https://digi.vatlib.it/view/MSS_Vat.lat.2880,8.5
Vat.lat.2907,rasura,7.0,General Data,"1) IIr: Iustinianus I, imperatore d'Oriente, 482-565 Pauca Iustiniani Digesti Veteris lib. 17,1,34 in rasura . 2) Ir: Iustinianus I, imperatore d'Oriente, 482-565 Digestum Vetus cum Accursii glossa",https://digi.vatlib.it/mss/detail/Vat.lat.2907,https://digi.vatlib.it/view/MSS_Vat.lat.2907,7.0
Vat.lat.3255,rasura,7.0,General Data,"1) Vergilius, Georgica; Appendix Vergiliana. sec. XV ex.",https://digi.vatlib.it/mss/detail/Vat.lat.3255,https://digi.vatlib.it/view/MSS_Vat.lat.3255,8.5
Barb.gr.95,postille,5.0,Bibliographic References:,"Bibliographic References: 1) Pade, Marianne La fortuna della traduzione di Tucidide di Lorenzo Valla con una edizione delle postille al testo, In Niccolò V nel sesto centenario della nascita. Atti del Convegno internazionale, Sarzana 8-10 ott. 1998, 2000",https://digi.vatlib.it/mss/detail/Barb.gr.95,https://digi.vatlib.it/view/MSS_Barb.gr.95,2.75
Barb.gr.371,postille,5.0,Bibliographic References:,"Bibliographic References: 1) Parenti, Stefano, 1959- Gli eucologi del Grottaferrata γ.β.xx. Osservazioni e postille , In Philodōros eumeneias: Miscellanea di studi in ricordo di mons. Paul Canart, a cura di Marco D’Agostino e Luca Pieralli (Littera antiqua 21) 2021.",https://digi.vatlib.it/mss/detail/Barb.gr.371,https://digi.vatlib.it/view/MSS_Barb.gr.371,2.75
Barb.gr.393,postille,5.0,Bibliographic References:,"Low Quality Bibliographic References: 1) Parenti, Stefano, 1959- Gli eucologi del Grottaferrata γ.β.xx. Osservazioni e postille , In Philodōros eumeneias: Miscellanea di studi in ricordo di mons. Paul Canart, a cura di Marco D’Agostino e Luca Pieralli (Littera antiqua 21) 2021.",https://digi.vatlib.it/mss/detail/Barb.gr.393,https://digi.vatlib.it/view/MSS_Barb.gr.393,2.75
Barb.gr.428,postille,5.0,Bibliographic References:,"Low Quality Bibliographic References: 1) Parenti, Stefano, 1959- Gli eucologi del Grottaferrata γ.β.xx. Osservazioni e postille , In Philodōros eumeneias: Miscellanea di studi in ricordo di mons. Paul Canart, a cura di Marco D’Agostino e Luca Pieralli (Littera antiqua 21) 2021.",https://digi.vatlib.it/mss/detail/Barb.gr.428,https://digi.vatlib.it/view/MSS_Barb.gr.428,2.75
Barb.gr.443,postille,5.0,Bibliographic References:,"Bibliographic References: 1) Parenti, Stefano, 1959- Gli eucologi del Grottaferrata γ.β.xx. Osservazioni e postille , In Philodōros eumeneias: Miscellanea di studi in ricordo di mons. Paul Canart, a cura di Marco D’Agostino e Luca Pieralli (Littera antiqua 21) 2021.",https://digi.vatlib.it/mss/detail/Barb.gr.443,https://digi.vatlib.it/view/MSS_Barb.gr.443,2.75
Barb.lat.143,postille,5.0,Bibliographic References:,"Bibliographic References: 1) Rinaldi, Michele 1906- Pontano e le tradizioni astrologiche latine medievali: le postille dell’umanista nel codice Clm 234 della Bayerische Staatsbibliothek di Monaco e nel Barberiniano Latino 172 della Biblioteca Apostolica Vaticana, In Atti dell’Accademia Pontaniana 2003",https://digi.vatlib.it/mss/detail/Barb.lat.143,https://digi.vatlib.it/view/MSS_Barb.lat.143,2.75
Barb.lat.144,postille,5.0,Bibliographic References:,"Bibliographic References: 1) Rinaldi, Michele 1906- Pontano e le tradizioni astrologiche latine medievali: le postille dell’umanista nel codice Clm 234 della Bayerische Staatsbibliothek di Monaco e nel Barberiniano Latino 172 della Biblioteca Apostolica Vaticana, In Atti dell’Accademia Pontaniana 2003",https://digi.vatlib.it/mss/detail/Barb.lat.144,https://digi.vatlib.it/view/MSS_Barb.lat.144,2.75
Barb.lat.146,postille,5.0,Bibliographic References:,"Bibliographic References: 1) Rinaldi, Michele 1906- Pontano e le tradizioni astrologiche latine medievali: le postille dell’umanista nel codice Clm 234 della Bayerische Staatsbibliothek di Monaco e nel Barberiniano Latino 172 della Biblioteca Apostolica Vaticana, In Atti dell’Accademia Pontaniana 2003",https://digi.vatlib.it/mss/detail/Barb.lat.146,https://digi.vatlib.it/view/MSS_Barb.lat.146,2.75
Barb.lat.172,postille,5.0,Bibliographic References:,"Bibliographic References: 1) Rinaldi, Michele 1906- Pontano e le tradizioni astrologiche latine medievali: le postille dell’umanista nel codice Clm 234 della Bayerische Staatsbibliothek di Monaco e nel Barberiniano Latino 172 della Biblioteca Apostolica Vaticana, In Atti dell’Accademia Pontaniana 2003",https://digi.vatlib.it/mss/detail/Barb.lat.172,https://digi.vatlib.it/view/MSS_Barb.lat.172,2.75
Barb.lat.631,postille,5.0,Bibliographic References:,"Bibliographic References: 1) Manfredi, Antonio, 1961- I Vat.lat.1202 e 1203 da Montecassino alla Vaticana delle origini con alcune postille di Biondo Flavio, In ""Quod ore cantas corde credas"". Studi in onore di Giacomo Baroffio Dahnk, a cura di L. Scappaticci (Monumenta studia instrumenta liturgica, 70), 2013.",https://digi.vatlib.it/mss/detail/Barb.lat.631,https://digi.vatlib.it/view/MSS_Barb.lat.631,2.75
Barb.lat.3185,postille,5.0,Bibliographic References:,"Low Quality Bibliographic References: 1) Baldi, Davide Il palinsesto Laur. Plut. 57.26. Studio codicologico e paleografico. Con una postille su alcuni codici Laurenziani di origine salentina, In Byzantion 2007",https://digi.vatlib.it/mss/detail/Barb.lat.3185,https://digi.vatlib.it/view/MSS_Barb.lat.3185,2.75
Barb.lat.3999,postille,5.0,Bibliographic References:,"Low Quality Bibliographic References: 1) Bianchi, Natascia Con Tasso attraverso Dante. Cronologia, storia ed analisi delle postille edite alla “Commedia”, In Bergomum 1997",https://digi.vatlib.it/mss/detail/Barb.lat.3999,https://digi.vatlib.it/view/MSS_Barb.lat.3999,4.25
Barb.lat.4036,postille,5.0,Bibliographic References:,"Low Quality Bibliographic References: 1) Bettarini Bruni, Anna Postille ai poeti perugini del Trecento, In Studi di filologia italiana 1971",https://digi.vatlib.it/mss/detail/Barb.lat.4036,https://digi.vatlib.it/view/MSS_Barb.lat.4036,4.25
Barb.lat.4050,postille,5.0,Bibliographic References:,"Low Quality Bibliographic References: 1) Ciociola, Claudio, 1955- Rassegna stabiliana ( postille agli atti del convegno del 1969), In Lettere italiane 1978",https://digi.vatlib.it/mss/detail/Barb.lat.4050,https://digi.vatlib.it/view/MSS_Barb.lat.4050,4.25
Barb.lat.4332,postille,5.0,Bibliographic References:,"Bibliographic References: 1) Becchi, Antonio Il biberon di Leonardo. Le postille al Trattato di architettura di Francesco Giorgio Martini (ms. Ashb. 361): Leonardo da Vinci, Guglielmo Libri e i loro interpreti, Sussidi eruditi 2024.",https://digi.vatlib.it/mss/detail/Barb.lat.4332,https://digi.vatlib.it/view/MSS_Barb.lat.4332,2.75
Barb.lat.5351,postille,5.0,General Data,"Low Quality 1) 188r-196r: Incartamento relativo al processo con lettere di e a Emilio Zambeccari, Pompeo Ercolani, Grassi Paris Maria (come autore, f. 188v, 199r, datate 1695; come destinatario, ff. 189r, 193r, datate 1695) e Achille Maria (come autore, f. 188v datate 1695; come destinatario, ff. 193v-195r, datate 18 aprile- 18 agosto 1695), Angelo Michele Guastavillani (come autore, ff. 189r, 192r, datate 1695; come destinatario, ff. 188v, 192r, datate 1695), Francesco Maria e Andrea Segni, Girolamo Sanpieri (autore, ff. 190r-195r; come destinatario, ff. 189r-196r) e Giovanni Battista Sanpieri (ff. 188v, 189r).",https://digi.vatlib.it/mss/detail/Barb.lat.5351,https://digi.vatlib.it/view/MSS_Barb.lat.5351,5.0
Borg.gr.7,postille,5.0,Bibliographic References:,"Bibliographic References: 1) Parenti, Stefano, 1959- Gli eucologi del Grottaferrata γ.β.xx. Osservazioni e postille , In Philodōros eumeneias: Miscellanea di studi in ricordo di mons. Paul Canart, a cura di Marco D’Agostino e Luca Pieralli (Littera antiqua 21) 2021.",https://digi.vatlib.it/mss/detail/Borg.gr.7,https://digi.vatlib.it/view/MSS_Borg.gr.7,2.75
Borgh.294,postille,5.0,Bibliographic References:,"Bibliographic References: 1) Piana, Celestino, O.F.M., 1911-1992 Postille al ""Chartularium Studii Bononiensis S. Francisci"", In Archivum franciscanum historicum 1986",https://digi.vatlib.it/mss/detail/Borgh.294,https://digi.vatlib.it/view/MSS_Borgh.294,4.25
Cappon.60,postille,5.0,General Data,"1) Geber, Liber super Almagesti Sec. XV",https://digi.vatlib.it/mss/detail/Cappon.60,https://digi.vatlib.it/view/MSS_Cappon.60,6.5
Cappon.108,postille,5.0,General Data,"1) 246r-247v: Relazione della venuta in Roma della maestà di Carlo III, re delle Due Sicilie",https://digi.vatlib.it/mss/detail/Cappon.108,https://digi.vatlib.it/view/MSS_Cappon.108,6.5
Cappon.147,postille,5.0,General Data,"1) p. 15-17: Salutati, Coluccio, 1331-1406 Regi Francorum. 2) p. 51-53: Salutati, Coluccio, 1331-1406 Regi Francorum.",https://digi.vatlib.it/mss/detail/Cappon.147,https://digi.vatlib.it/view/MSS_Cappon.147,6.5
Cappon.153,postille,5.0,General Data,1) Statuta Universitatis mercatorum Bononie Sec. XV,https://digi.vatlib.it/mss/detail/Cappon.153,https://digi.vatlib.it/view/MSS_Cappon.153,6.5
Cappon.175,postille,5.0,General Data,"1) <Bernardo Ilicino, Commento sopra i Trionfi di Francesco Petrarca> Sec. XV",https://digi.vatlib.it/mss/detail/Cappon.175,https://digi.vatlib.it/view/MSS_Cappon.175,6.5
Cappon.178,postille,5.0,General Data,"1) Mugnoni, Francesco, 1426/7-1502 <Mugnoni, Francesco, Annali> <XV-XVIII>",https://digi.vatlib.it/mss/detail/Cappon.178,https://digi.vatlib.it/view/MSS_Cappon.178,6.5
Chig.B.VIII.137,postille,5.0,Bibliographic References:,"Bibliographic References: 1) Piana, Celestino, O.F.M., 1911-1992 Postille al ""Chartularium Studii Bononiensis S. Francisci"", In Archivum franciscanum historicum 1986",https://digi.vatlib.it/mss/detail/Chig.B.VIII.137,https://digi.vatlib.it/view/MSS_Chig.B.VIII.137,4.25
Chig.E.V.161,postille,5.0,Bibliographic References:,"Low Quality Bibliographic References: 1) Piana, Celestino, O.F.M., 1911-1992 Postille al ""Chartularium Studii Bononiensis S. Francisci"", In Archivum franciscanum historicum 1986",https://digi.vatlib.it/mss/detail/Chig.E.V.161,https://digi.vatlib.it/view/MSS_Chig.E.V.161,4.25
Chig.I.VI.209,postille,5.0,Bibliographic References:,"Low Quality Bibliographic References: 1) Bianca, Concetta Una ‘finestra’ sulle postille di Valla a Quintiliano, In Interpres. Rivista di studi quattrocenteschi 1997",https://digi.vatlib.it/mss/detail/Chig.I.VI.209,https://digi.vatlib.it/view/MSS_Chig.I.VI.209,4.25
Chig.L.V.176,postille,5.0,General Data,1) Miscellanea di testi danteschi e petrarcheschi: il canone autografo di Giovanni Boccaccio. sec. XIV med.,https://digi.vatlib.it/mss/detail/Chig.L.V.176,https://digi.vatlib.it/view/MSS_Chig.L.V.176,6.5
Ott.gr.344,postille,5.0,Bibliographic References:,"Bibliographic References: 1) Parenti, Stefano, 1959- Gli eucologi del Grottaferrata γ.β.xx. Osservazioni e postille , In Philodōros eumeneias: Miscellanea di studi in ricordo di mons. Paul Canart, a cura di Marco D’Agostino e Luca Pieralli (Littera antiqua 21) 2021.",https://digi.vatlib.it/mss/detail/Ott.gr.344,https://digi.vatlib.it/view/MSS_Ott.gr.344,2.75
Ott.lat.318,postille,5.0,Bibliographic References:,"Low Quality Bibliographic References: 1) Piana, Celestino, O.F.M., 1911-1992 Postille al ""Chartularium Studii Bononiensis S. Francisci"", In Archivum franciscanum historicum 1986",https://digi.vatlib.it/mss/detail/Ott.lat.318,https://digi.vatlib.it/view/MSS_Ott.lat.318,4.25
Ott.lat.505,postille,5.0,Bibliographic References:,"Bibliographic References: 1) Piana, Celestino, O.F.M., 1911-1992 Postille al ""Chartularium Studii Bononiensis S. Francisci"", In Archivum franciscanum historicum 1986",https://digi.vatlib.it/mss/detail/Ott.lat.505,https://digi.vatlib.it/view/MSS_Ott.lat.505,4.25
Ott.lat.1766,postille,5.0,Bibliographic References:,"Bibliographic References: 1) Ciociola, Claudio, 1955- Rassegna stabiliana ( postille agli atti del convegno del 1969), In Lettere italiane 1978",https://digi.vatlib.it/mss/detail/Ott.lat.1766,https://digi.vatlib.it/view/MSS_Ott.lat.1766,4.25
Ott.lat.1829,postille,5.0,Bibliographic References:,"Bibliographic References: 1) Tristano, Caterina, 1951- Le postille del Petrarca nel Vaticano Lat. 2193 (Apuleio, Frontino, Vegezio, Palladio), In Italia medioevale e umanistica 1974 2) Billanovich, Guido Abbozzi e postille del Mussato nel Vaticano lat. 1769, In Italia medioevale e umanistica 1985",https://digi.vatlib.it/mss/detail/Ott.lat.1829,https://digi.vatlib.it/view/MSS_Ott.lat.1829,2.75
Ott.lat.2091,postille,5.0,Bibliographic References:,"Bibliographic References: 1) Tristano, Caterina, 1951- Le postille del Petrarca nel Vaticano Lat. 2193 (Apuleio, Frontino, Vegezio, Palladio), In Italia medioevale e umanistica 1974",https://digi.vatlib.it/mss/detail/Ott.lat.2091,https://digi.vatlib.it/view/MSS_Ott.lat.2091,2.75
Ott.lat.2369,postille,5.0,Bibliographic References:,"Low Quality Bibliographic References: 1) Manfredi, Antonio, 1961- I Vat.lat.1202 e 1203 da Montecassino alla Vaticana delle origini con alcune postille di Biondo Flavio, In ""Quod ore cantas corde credas"". Studi in onore di Giacomo Baroffio Dahnk, a cura di L. Scappaticci (Monumenta studia instrumenta liturgica, 70), 2013.",https://digi.vatlib.it/mss/detail/Ott.lat.2369,https://digi.vatlib.it/view/MSS_Ott.lat.2369,2.75
Ott.lat.2977,postille,5.0,Bibliographic References:,"Bibliographic References: 1) Vannugli, Antonio, 1959- Le postille di Sebastiano Resta al Baglione e al Vasari, al Sandrart e all’Orlandi: un’introduzione storico-bibliografica, In Bollettino d’arte 1991",https://digi.vatlib.it/mss/detail/Ott.lat.2977,https://digi.vatlib.it/view/MSS_Ott.lat.2977,2.75
Pal.gr.29,postille,5.0,Bibliographic References:,"Bibliographic References: 1) Pade, Marianne La fortuna della traduzione di Tucidide di Lorenzo Valla con una edizione delle postille al testo, In Niccolò V nel sesto centenario della nascita. Atti del Convegno internazionale, Sarzana 8-10 ott. 1998, 2000",https://digi.vatlib.it/mss/detail/Pal.gr.29,https://digi.vatlib.it/view/MSS_Pal.gr.29,2.75
Pal.gr.84,postille,5.0,Bibliographic References:,"Bibliographic References: 1) Pade, Marianne La fortuna della traduzione di Tucidide di Lorenzo Valla con una edizione delle postille al testo, In Niccolò V nel sesto centenario della nascita. Atti del Convegno internazionale, Sarzana 8-10 ott. 1998, 2000",https://digi.vatlib.it/mss/detail/Pal.gr.84,https://digi.vatlib.it/view/MSS_Pal.gr.84,2.75
Pal.gr.133,postille,5.0,Bibliographic References:,"Bibliographic References: 1) Pade, Marianne La fortuna della traduzione di Tucidide di Lorenzo Valla con una edizione delle postille al testo, In Niccolò V nel sesto centenario della nascita. Atti del Convegno internazionale, Sarzana 8-10 ott. 1998, 2000",https://digi.vatlib.it/mss/detail/Pal.gr.133,https://digi.vatlib.it/view/MSS_Pal.gr.133,2.75
Pal.gr.185,postille,5.0,Bibliographic References:,"Bibliographic References: 1) Pade, Marianne La fortuna della traduzione di Tucidide di Lorenzo Valla con una edizione delle postille al testo, In Niccolò V nel sesto centenario della nascita. Atti del Convegno internazionale, Sarzana 8-10 ott. 1998, 2000",https://digi.vatlib.it/mss/detail/Pal.gr.185,https://digi.vatlib.it/view/MSS_Pal.gr.185,2.75
Pal.gr.287,postille,5.0,Bibliographic References:,"Bibliographic References: 1) Tartari Chersoni, Marinella Sui choliambi di Persio: alcune postille , In Prometheus. Rivista quadrimestrale di studi classici 2005",https://digi.vatlib.it/mss/detail/Pal.gr.287,https://digi.vatlib.it/view/MSS_Pal.gr.287,4.25
Pal.gr.305,postille,5.0,Bibliographic References:,"Bibliographic References: 1) Pade, Marianne La fortuna della traduzione di Tucidide di Lorenzo Valla con una edizione delle postille al testo, In Niccolò V nel sesto centenario della nascita. Atti del Convegno internazionale, Sarzana 8-10 ott. 1998, 2000",https://digi.vatlib.it/mss/detail/Pal.gr.305,https://digi.vatlib.it/view/MSS_Pal.gr.305,2.75
Pal.gr.428,postille,5.0,Bibliographic References:,"Bibliographic References: 1) Pontani, Filippo Maria, 1913-1983 Demetrio Mosco e Alessandro Fortis (Rettifiche e postille ), In Medioevo e Rinascimento veneto con altri studi in onore di Lino Lazzarini (Medioevo e Umanesimo 35), 1979",https://digi.vatlib.it/mss/detail/Pal.gr.428,https://digi.vatlib.it/view/MSS_Pal.gr.428,2.75
Pal.gr.431.pt.A,postille,5.0,Bibliographic References:,"Bibliographic References: 1) Pontani, Anna, 1949-2021 Postille a Niccolò Leonico Tomeo e Giovanni Ettore Maria Lascaris, In Filologia Umanistica greca IV. Epigrammi e dintorni: Musuro, Bonamico e altri, a cura di F. Pontani e introduzione di L. Ferreri, Opuscula collecta 2023.",https://digi.vatlib.it/mss/detail/Pal.gr.431.pt.A,https://digi.vatlib.it/view/MSS_Pal.gr.431.pt.A,2.75
Pal.gr.431.pt.B,postille,5.0,Bibliographic References:,"Bibliographic References: 1) Pontani, Anna, 1949-2021 Postille a Niccolò Leonico Tomeo e Giovanni Ettore Maria Lascaris, In Filologia Umanistica greca IV. Epigrammi e dintorni: Musuro, Bonamico e altri, a cura di F. Pontani e introduzione di L. Ferreri, Opuscula collecta 2023.",https://digi.vatlib.it/mss/detail/Pal.gr.431.pt.B,https://digi.vatlib.it/view/MSS_Pal.gr.431.pt.B,2.75
Pal.lat.895,postille,5.0,General Data,"1) Florus, Epitoma de Tito Livio; Titus Livius, Ab Urbe condita (Periochae I-CXLI). sec. XIV ex",https://digi.vatlib.it/mss/detail/Pal.lat.895,https://digi.vatlib.it/view/MSS_Pal.lat.895,6.5
Pal.lat.899,postille,5.0,Bibliographic References:,"Bibliographic References: 1) Bosco, Umberto, 1900-1987 Il Petrarca e l'Umanesimo filologico ( Postille al Nolhac e al Sabbadini) In Giornale storico della letteratura italiana 2) Petoletti, Marco, 1972- “Signa manus mee”. Percorso tra postille e opere di Francesco Petrarca, In L’antiche e le moderne carte. Studi in memoria di Giuseppe Billanovich, a c. di Antonio Manfredi e Carla Maria Monti (Medioevo e Umanesimo, 112), 2007",https://digi.vatlib.it/mss/detail/Pal.lat.899,https://digi.vatlib.it/view/MSS_Pal.lat.899,2.75
Pal.lat.940,postille,5.0,General Data,1) sec. XIV ex,https://digi.vatlib.it/mss/detail/Pal.lat.940,https://digi.vatlib.it/view/MSS_Pal.lat.940,6.5
Pal.lat.1820,postille,5.0,Bibliographic References:,"Bibliographic References: 1) Petoletti, Marco, 1972- “Signa manus mee”. Percorso tra postille e opere di Francesco Petrarca, In L’antiche e le moderne carte. Studi in memoria di Giuseppe Billanovich, a c. di Antonio Manfredi e Carla Maria Monti (Medioevo e Umanesimo, 112), 2007",https://digi.vatlib.it/mss/detail/Pal.lat.1820,https://digi.vatlib.it/view/MSS_Pal.lat.1820,2.75
Pal.lat.1921,postille,5.0,Bibliographic References:,"Bibliographic References: 1) Pontani, Anna, 1949-2021 Postille a Niccolò Leonico Tomeo e Giovanni Ettore Maria Lascaris, In Filologia Umanistica greca IV. Epigrammi e dintorni: Musuro, Bonamico e altri, a cura di F. Pontani e introduzione di L. Ferreri, Opuscula collecta 2023.",https://digi.vatlib.it/mss/detail/Pal.lat.1921,https://digi.vatlib.it/view/MSS_Pal.lat.1921,2.75
Reg.gr.Pio.II.35,postille,5.0,Bibliographic References:,"Bibliographic References: 1) Parenti, Stefano, 1959- Gli eucologi del Grottaferrata γ.β.xx. Osservazioni e postille , In Philodōros eumeneias: Miscellanea di studi in ricordo di mons. Paul Canart, a cura di Marco D’Agostino e Luca Pieralli (Littera antiqua 21) 2021.",https://digi.vatlib.it/mss/detail/Reg.gr.Pio.II.35,https://digi.vatlib.it/view/MSS_Reg.gr.Pio.II.35,2.75
Reg.lat.168,postille,5.0,Bibliographic References:,"Bibliographic References: 1) Piana, Celestino, O.F.M., 1911-1992 Postille al ""Chartularium Studii Bononiensis S. Francisci"", In Archivum franciscanum historicum 1986",https://digi.vatlib.it/mss/detail/Reg.lat.168,https://digi.vatlib.it/view/MSS_Reg.lat.168,4.25
Reg.lat.1977,postille,5.0,Bibliographic References:,"Bibliographic References: 1) Finazzi, Silvia Boccaccio lettore di Giuseppe Flavio. Le postille alle Antiquitates Iudaicae nel ms. Firenze, BML, Plut. 66.1, In Giovanni Boccaccio. Testi e studi 2025.",https://digi.vatlib.it/mss/detail/Reg.lat.1977,https://digi.vatlib.it/view/MSS_Reg.lat.1977,2.75
Ross.997,postille,5.0,Bibliographic References:,"Bibliographic References: 1) Pontani, Anna, 1949-2021 Postille a Niccolò Leonico Tomeo e Giovanni Ettore Maria Lascaris, In Bollettino della Badia greca di Grottaferrata 2000 2) Pontani, Anna, 1949-2021 Postille a Niccolò Leonico Tomeo e Giovanni Ettore Maria Lascaris, In Filologia Umanistica greca IV. Epigrammi e dintorni: Musuro, Bonamico e altri, a cura di F. Pontani e introduzione di L. Ferreri, Opuscula collecta 2023.",https://digi.vatlib.it/mss/detail/Ross.997,https://digi.vatlib.it/view/MSS_Ross.997,2.75
Urb.gr.89,postille,5.0,Bibliographic References:,"Bibliographic References: 1) Pade, Marianne In La fortuna della traduzione di Tucidide di Lorenzo Valla con una edizione delle postille al testo, Niccolò V nel sesto centenario della nascita. Atti del Convegno internazionale, Sarzana 8-10 ott. 1998, 2000",https://digi.vatlib.it/mss/detail/Urb.gr.89,https://digi.vatlib.it/view/MSS_Urb.gr.89,2.75
Urb.gr.90,postille,5.0,Bibliographic References:,"Bibliographic References: 1) Pade, Marianne In La fortuna della traduzione di Tucidide di Lorenzo Valla con una edizione delle postille al testo, Nicolò V nel sesto centenario della nascita. Atti del Convegno internazionale, Sarzana 8-10 ott. 1998, 2000",https://digi.vatlib.it/mss/detail/Urb.gr.90,https://digi.vatlib.it/view/MSS_Urb.gr.90,2.75
Urb.gr.92,postille,5.0,Bibliographic References:,"Bibliographic References: 1) Pade, Marianne In La fortuna della traduzione di Tucidide di Lorenzo Valla con una edizione delle postille al testo, Nicolò V nel sesto centenario della nascita. Atti del Convegno internazionale, Sarzana 8-10 ott. 1998, 2000",https://digi.vatlib.it/mss/detail/Urb.gr.92,https://digi.vatlib.it/view/MSS_Urb.gr.92,2.75
Urb.gr.129,postille,5.0,Bibliographic References:,"Bibliographic References: 1) Dell'Era, Antonio Postille sinesiane, In Maia. Rivista di letterature classiche",https://digi.vatlib.it/mss/detail/Urb.gr.129,https://digi.vatlib.it/view/MSS_Urb.gr.129,4.25
Urb.lat.46,postille,5.0,Bibliographic References:,"Bibliographic References: 1) Perosa, Alessandro, 1910-1998 Un codice della Badia Fiesolana con postille del Poliziano, In Rinascimento. Rivista dell’Istituto di studi sul Rinascimento 1981",https://digi.vatlib.it/mss/detail/Urb.lat.46,https://digi.vatlib.it/view/MSS_Urb.lat.46,2.75
Urb.lat.219,postille,5.0,Bibliographic References:,"Bibliographic References: 1) Tristano, Caterina, 1951- Le postille del Petrarca nel Vaticano Lat. 2193 (Apuleio, Frontino, Vegezio, Palladio), In Italia medioevale e umanistica",https://digi.vatlib.it/mss/detail/Urb.lat.219,https://digi.vatlib.it/view/MSS_Urb.lat.219,4.25
Urb.lat.293,postille,5.0,Bibliographic References:,"Bibliographic References: 1) Becchi, Antonio Il biberon di Leonardo. Le postille al Trattato di architettura di Francesco Giorgio Martini (ms. Ashb. 361): Leonardo da Vinci, Guglielmo Libri e i loro interpreti, Sussidi eruditi 2024.",https://digi.vatlib.it/mss/detail/Urb.lat.293,https://digi.vatlib.it/view/MSS_Urb.lat.293,2.75
Urb.lat.429,postille,5.0,Bibliographic References:,"Bibliographic References: 1) Pade, Marianne In La fortuna della traduzione di Tucidide di Lorenzo Valla con una edizione delle postille al testo, Nicolò V nel sesto centenario della nascita. Atti del Convegno internazionale, Sarzana 8-10 ott. 1998, 2000",https://digi.vatlib.it/mss/detail/Urb.lat.429,https://digi.vatlib.it/view/MSS_Urb.lat.429,2.75
Urb.lat.595,postille,5.0,Bibliographic References:,"Bibliographic References: 1) Manfredi, Antonio, 1961- Nuove postille autografe di Lorenzo Valla alle epistole di s. Girolamo (Vaticani lat. 355-356), In Italia medioevale e umanistica 1992",https://digi.vatlib.it/mss/detail/Urb.lat.595,https://digi.vatlib.it/view/MSS_Urb.lat.595,2.75
Urb.lat.681,postille,5.0,General Data,"1) 197r-v: Petrarca, Francesco, 1304-1374 Memoria di Laura.",https://digi.vatlib.it/mss/detail/Urb.lat.681,https://digi.vatlib.it/view/MSS_Urb.lat.681,6.5
Urb.lat.1010,postille,5.0,General Data,"1) 1r-118v: Paltroni, Pier Antonio, f. 1463 Commentari della vita et gesti dell'illustrissimo Federico duca d'Urbino (Paltroni, Pier Antonio, f. 1463)",https://digi.vatlib.it/mss/detail/Urb.lat.1010,https://digi.vatlib.it/view/MSS_Urb.lat.1010,6.5
Urb.lat.1270,postille,5.0,Bibliographic References:,"Bibliographic References: 1) Becchi, Antonio Il biberon di Leonardo. Le postille al Trattato di architettura di Francesco Giorgio Martini (ms. Ashb. 361): Leonardo da Vinci, Guglielmo Libri e i loro interpreti, Sussidi eruditi 2024.",https://digi.vatlib.it/mss/detail/Urb.lat.1270,https://digi.vatlib.it/view/MSS_Urb.lat.1270,2.75
Urb.lat.1754,postille,5.0,Bibliographic References:,"Bibliographic References: 1) Ciociola, Claudio, 1955- Rassegna stabiliana ( postille agli atti del convegno del 1969), In Lettere italiane 1978",https://digi.vatlib.it/mss/detail/Urb.lat.1754,https://digi.vatlib.it/view/MSS_Urb.lat.1754,4.25
Vat.gr.122,postille,5.0,Bibliographic References:,"Low Quality Bibliographic References: 1) Manfredi, Antonio, 1961- Nuove postille autografe di Lorenzo Valla alle epistole di s. Girolamo (Vaticani lat. 355-356) In Italia medioevale e umanistica 1992",https://digi.vatlib.it/mss/detail/Vat.gr.122,https://digi.vatlib.it/view/MSS_Vat.gr.122,2.75
Vat.gr.573,postille,5.0,Bibliographic References:,"Low Quality Bibliographic References: 1) Toniolo, Ermanno M., O.S.M. Nuove postille alla «Bibliotheca hagiographica graeca», In Marianum 1970",https://digi.vatlib.it/mss/detail/Vat.gr.573,https://digi.vatlib.it/view/MSS_Vat.gr.573,4.25
Vat.gr.770,postille,5.0,Bibliographic References:,"Bibliographic References: 1) Parenti, Stefano, 1959- Gli eucologi del Grottaferrata γ.β.xx. Osservazioni e postille , In Philodōros eumeneias: Miscellanea di studi in ricordo di mons. Paul Canart, a cura di Marco D’Agostino e Luca Pieralli (Littera antiqua 21) 2021.",https://digi.vatlib.it/mss/detail/Vat.gr.770,https://digi.vatlib.it/view/MSS_Vat.gr.770,2.75
Vat.gr.938,postille,5.0,Bibliographic References:,"Low Quality Bibliographic References: 1) Pade, Marianne La fortuna della traduzione di Tucidide di Lorenzo Valla con una edizione delle postille al testo, In Niccolò V nel sesto centenario della nascita. Atti del Convegno internazionale, Sarzana 8-10 ott. 1998, 2000",https://digi.vatlib.it/mss/detail/Vat.gr.938,https://digi.vatlib.it/view/MSS_Vat.gr.938,2.75
Vat.gr.1228,postille,5.0,Bibliographic References:,"Low Quality Bibliographic References: 1) Parenti, Stefano, 1959- Gli eucologi del Grottaferrata γ.β.xx. Osservazioni e postille , In Philodōros eumeneias: Miscellanea di studi in ricordo di mons. Paul Canart, a cura di Marco D’Agostino e Luca Pieralli (Littera antiqua 21) 2021.",https://digi.vatlib.it/mss/detail/Vat.gr.1228,https://digi.vatlib.it/view/MSS_Vat.gr.1228,2.75
Vat.gr.1298.pt.1,postille,5.0,Bibliographic References:,"Bibliographic References: 1) Pontani, Anna, 1949-2021 Postille a Niccolò Leonico Tomeo e Giovanni Ettore Maria Lascaris, In Filologia Umanistica greca IV. Epigrammi e dintorni: Musuro, Bonamico e altri, a cura di F. Pontani e introduzione di L. Ferreri, Opuscula collecta 2023.",https://digi.vatlib.it/mss/detail/Vat.gr.1298.pt.1,https://digi.vatlib.it/view/MSS_Vat.gr.1298.pt.1,2.75
Vat.gr.1298.pt.2,postille,5.0,Bibliographic References:,"Bibliographic References: 1) Pontani, Anna, 1949-2021 Postille a Niccolò Leonico Tomeo e Giovanni Ettore Maria Lascaris, In Filologia Umanistica greca IV. Epigrammi e dintorni: Musuro, Bonamico e altri, a cura di F. Pontani e introduzione di L. Ferreri, Opuscula collecta 2023.",https://digi.vatlib.it/mss/detail/Vat.gr.1298.pt.2,https://digi.vatlib.it/view/MSS_Vat.gr.1298.pt.2,2.75
Vat.gr.1456,postille,5.0,General Data,1) Miscellanea grammaticale. sec. X/XI,https://digi.vatlib.it/mss/detail/Vat.gr.1456,https://digi.vatlib.it/view/MSS_Vat.gr.1456,6.5
Vat.gr.1554,postille,5.0,Bibliographic References:,"Low Quality Bibliographic References: 1) Parenti, Stefano, 1959- Gli eucologi del Grottaferrata γ.β.xx. Osservazioni e postille , In Philodōros eumeneias: Miscellanea di studi in ricordo di mons. Paul Canart, a cura di Marco D’Agostino e Luca Pieralli (Littera antiqua 21) 2021.",https://digi.vatlib.it/mss/detail/Vat.gr.1554,https://digi.vatlib.it/view/MSS_Vat.gr.1554,2.75
Vat.gr.1811,postille,5.0,Bibliographic References:,"Bibliographic References: 1) Parenti, Stefano, 1959- Gli eucologi del Grottaferrata γ.β.xx. Osservazioni e postille , In Philodōros eumeneias: Miscellanea di studi in ricordo di mons. Paul Canart, a cura di Marco D’Agostino e Luca Pieralli (Littera antiqua 21) 2021.",https://digi.vatlib.it/mss/detail/Vat.gr.1811,https://digi.vatlib.it/view/MSS_Vat.gr.1811,2.75
Vat.gr.1836,postille,5.0,Bibliographic References:,"Bibliographic References: 1) Parenti, Stefano, 1959- Gli eucologi del Grottaferrata γ.β.xx. Osservazioni e postille , In Philodōros eumeneias: Miscellanea di studi in ricordo di mons. Paul Canart, a cura di Marco D’Agostino e Luca Pieralli (Littera antiqua 21) 2021.",https://digi.vatlib.it/mss/detail/Vat.gr.1836,https://digi.vatlib.it/view/MSS_Vat.gr.1836,2.75
Vat.gr.1970,postille,5.0,Bibliographic References:,"Low Quality Bibliographic References: 1) Parenti, Stefano, 1959- Gli eucologi del Grottaferrata γ.β.xx. Osservazioni e postille , In Philodōros eumeneias: Miscellanea di studi in ricordo di mons. Paul Canart, a cura di Marco D’Agostino e Luca Pieralli (Littera antiqua 21) 2021.",https://digi.vatlib.it/mss/detail/Vat.gr.1970,https://digi.vatlib.it/view/MSS_Vat.gr.1970,2.75
Vat.gr.1973,postille,5.0,Bibliographic References:,"Bibliographic References: 1) Parenti, Stefano, 1959- Gli eucologi del Grottaferrata γ.β.xx. Osservazioni e postille , In Philodōros eumeneias: Miscellanea di studi in ricordo di mons. Paul Canart, a cura di Marco D’Agostino e Luca Pieralli (Littera antiqua 21) 2021.",https://digi.vatlib.it/mss/detail/Vat.gr.1973,https://digi.vatlib.it/view/MSS_Vat.gr.1973,2.75
Vat.gr.2005,postille,5.0,Bibliographic References:,"Low Quality Bibliographic References: 1) Parenti, Stefano, 1959- Gli eucologi del Grottaferrata γ.β.xx. Osservazioni e postille , In Philodōros eumeneias: Miscellanea di studi in ricordo di mons. Paul Canart, a cura di Marco D’Agostino e Luca Pieralli (Littera antiqua 21) 2021.",https://digi.vatlib.it/mss/detail/Vat.gr.2005,https://digi.vatlib.it/view/MSS_Vat.gr.2005,2.75
Vat.gr.2115,postille,5.0,Bibliographic References:,"Bibliographic References: 1) Parenti, Stefano, 1959- Gli eucologi del Grottaferrata γ.β.xx. Osservazioni e postille , In Philodōros eumeneias: Miscellanea di studi in ricordo di mons. Paul Canart, a cura di Marco D’Agostino e Luca Pieralli (Littera antiqua 21) 2021.",https://digi.vatlib.it/mss/detail/Vat.gr.2115,https://digi.vatlib.it/view/MSS_Vat.gr.2115,2.75
Vat.gr.2324,postille,5.0,Bibliographic References:,"Bibliographic References: 1) Parenti, Stefano, 1959- Gli eucologi del Grottaferrata γ.β.xx. Osservazioni e postille , In Philodōros eumeneias: Miscellanea di studi in ricordo di mons. Paul Canart, a cura di Marco D’Agostino e Luca Pieralli (Littera antiqua 21) 2021.",https://digi.vatlib.it/mss/detail/Vat.gr.2324,https://digi.vatlib.it/view/MSS_Vat.gr.2324,2.75
Vat.lat.51,postille,5.0,General Data,"1) 414v, 415r-437v: S. Ioannis Apocalypsis.",https://digi.vatlib.it/mss/detail/Vat.lat.51,https://digi.vatlib.it/view/MSS_Vat.lat.51,6.5
Vat.lat.170,postille,5.0,Bibliographic References:,"Bibliographic References: 1) Manfredi, Antonio, 1961- Nuove postille autografe di Lorenzo Valla alle epistole di s. Girolamo (Vaticani lat. 355-356), In Italia medioevale e umanistica 1992",https://digi.vatlib.it/mss/detail/Vat.lat.170,https://digi.vatlib.it/view/MSS_Vat.lat.170,2.75
Vat.lat.171,postille,5.0,Bibliographic References:,"Bibliographic References: 1) Manfredi, Antonio, 1961- Nuove postille autografe di Lorenzo Valla alle epistole di s. Girolamo (Vaticani lat. 355-356), In Italia medioevale e umanistica 1992",https://digi.vatlib.it/mss/detail/Vat.lat.171,https://digi.vatlib.it/view/MSS_Vat.lat.171,2.75
Vat.lat.172,postille,5.0,Bibliographic References:,"Bibliographic References: 1) Manfredi, Antonio, 1961- Nuove postille autografe di Lorenzo Valla alle epistole di s. Girolamo (Vaticani lat. 355-356), In Italia medioevale e umanistica 1992",https://digi.vatlib.it/mss/detail/Vat.lat.172,https://digi.vatlib.it/view/MSS_Vat.lat.172,2.75
Vat.lat.262,postille,5.0,General Data,1) sec. XV med.,https://digi.vatlib.it/mss/detail/Vat.lat.262,https://digi.vatlib.it/view/MSS_Vat.lat.262,6.5
Vat.lat.280,postille,5.0,General Data,1) S. Ambrosii opera complura. sec. XV med.,https://digi.vatlib.it/mss/detail/Vat.lat.280,https://digi.vatlib.it/view/MSS_Vat.lat.280,6.5
Vat.lat.286,postille,5.0,General Data,1) S. Ambrosii opera complura sec. IX ex.,https://digi.vatlib.it/mss/detail/Vat.lat.286,https://digi.vatlib.it/view/MSS_Vat.lat.286,6.5
Vat.lat.314,postille,5.0,General Data,"1) Didymi Alexandrini, s. Ambrosii et aliorum opera complura. sec. XV med.",https://digi.vatlib.it/mss/detail/Vat.lat.314,https://digi.vatlib.it/view/MSS_Vat.lat.314,6.5
Vat.lat.413,postille,5.0,General Data,1) S. Ioannis Chrysostomi opera quattuor in latinum versa Sec. XV med.,https://digi.vatlib.it/mss/detail/Vat.lat.413,https://digi.vatlib.it/view/MSS_Vat.lat.413,6.5
Vat.lat.422,postille,5.0,General Data,1) Sec. XII in.,https://digi.vatlib.it/mss/detail/Vat.lat.422,https://digi.vatlib.it/view/MSS_Vat.lat.422,6.5
Vat.lat.458,postille,5.0,General Data,1) Sec. XIII-XIV,https://digi.vatlib.it/mss/detail/Vat.lat.458,https://digi.vatlib.it/view/MSS_Vat.lat.458,6.5
Vat.lat.475,postille,5.0,General Data,1) S. Augustini sermones Sec. XII med.,https://digi.vatlib.it/mss/detail/Vat.lat.475,https://digi.vatlib.it/view/MSS_Vat.lat.475,6.5
Vat.lat.526,postille,5.0,General Data,1) sec. XV med.,https://digi.vatlib.it/mss/detail/Vat.lat.526,https://digi.vatlib.it/view/MSS_Vat.lat.526,6.5
Vat.lat.528,postille,5.0,General Data,1) sec. XV med.,https://digi.vatlib.it/mss/detail/Vat.lat.528,https://digi.vatlib.it/view/MSS_Vat.lat.528,6.5
Vat.lat.713,postille,5.0,General Data,1) 146v: Testis acquisitionum Martini ep. Ulixbonensis.,https://digi.vatlib.it/mss/detail/Vat.lat.713,https://digi.vatlib.it/view/MSS_Vat.lat.713,6.5
Vat.lat.745,postille,5.0,General Data,1) Sec. XIV in.,https://digi.vatlib.it/mss/detail/Vat.lat.745,https://digi.vatlib.it/view/MSS_Vat.lat.745,6.5
Vat.lat.997,postille,5.0,Bibliographic References:,"Bibliographic References: 1) Stirnemann, Patricia Les manuscrits de la Postille , In Hugues de Saint-Cher († 1263). Bibliste et théologien, 2004",https://digi.vatlib.it/mss/detail/Vat.lat.997,https://digi.vatlib.it/view/MSS_Vat.lat.997,4.25
Barb.gr.4,marginalia,5.0,General Data,"1) 30r: Sophocles, sec. V a.C. Sophoclis Acrisii fragm. n. 61 2) 36v: Euripides, 480-407 a.C. Fragm. Euripidis Antiopae. 3) 166v: Theognis Megareus, sec. VI a.C. Theognidis Elegiae, I, 963-968 4) 167v, 168v: Anth. Palat., XI, 193, 251, 252, 292 verss. 3-4, Φιλωνος...μὲν χρὴ...- ἐπελαφρίζειν τὰ πταίσματα. 5) 186av, 1r-3v: Theognis Megareus, sec. VI a.C. στίχοι Θεόγνιδος, i.e. Ἐλεγείων α´, 173-182, Σωκράτους fragmentum.",https://digi.vatlib.it/mss/detail/Barb.gr.4,https://digi.vatlib.it/view/MSS_Barb.gr.4,5.0
Barb.gr.20,marginalia,5.0,General Data,"1) 23r: Pindarus, 518-438 a.C. <Pindar., Pyth., III, 1-2>.",https://digi.vatlib.it/mss/detail/Barb.gr.20,https://digi.vatlib.it/view/MSS_Barb.gr.20,6.5
Barb.gr.63,marginalia,5.0,Bibliographic References:,"Bibliographic References: 1) Ucciardello, Giuseppe Il Vall. E 11 e i suoi marginalia : sondaggi per la storia del codice in età bizantina, In Del manuscrito antiguo a la edición crítica de textos griegos. Homenaje a la Prof.a Elsa García Novo, 2019.",https://digi.vatlib.it/mss/detail/Barb.gr.63,https://digi.vatlib.it/view/MSS_Barb.gr.63,2.75
Barb.gr.70,marginalia,5.0,General Data,"1) sec. XI (ff. 6-9, min. mod., sec. XIV; ff. 149-155 sec. XII)",https://digi.vatlib.it/mss/detail/Barb.gr.70,https://digi.vatlib.it/view/MSS_Barb.gr.70,6.5
Barb.gr.81,marginalia,5.0,General Data,"1) 1r-136r: Synesius Cyrenensis, vesc. di Ptolemais, c. 370-c. 414 Synesii opera. Epistulae, Catastasis, Catastasis minor, Encomium calvitii, De regno, Dio, Homilia I, Homilia II, De providentia, De dono astrolabii, De insomniis, Hymni.",https://digi.vatlib.it/mss/detail/Barb.gr.81,https://digi.vatlib.it/view/MSS_Barb.gr.81,5.0
Barb.gr.98,marginalia,5.0,Bibliographic References:,"Bibliographic References: 1) Ucciardello, Giuseppe Il Vall. E 11 e i suoi marginalia : sondaggi per la storia del codice in età bizantina, In Del manuscrito antiguo a la edición crítica de textos griegos. Homenaje a la Prof.a Elsa García Novo, 2019.",https://digi.vatlib.it/mss/detail/Barb.gr.98,https://digi.vatlib.it/view/MSS_Barb.gr.98,2.75
Barb.gr.123,marginalia,5.0,Bibliographic References:,"Bibliographic References: 1) Pontani, Anna, 1949-2021 Per l'esegesi umanistica greca dell'antologia planudea: i Marginalia dell'edizione del 1494, In Filologia Umanistica greca IV. Epigrammi e dintorni: Musuro, Bonamico e altri, a cura di F. Pontani e introduzione di L. Ferreri, Opuscula collecta 2023.",https://digi.vatlib.it/mss/detail/Barb.gr.123,https://digi.vatlib.it/view/MSS_Barb.gr.123,2.75
Barb.gr.161,marginalia,5.0,Bibliographic References:,"Bibliographic References: 1) Ucciardello, Giuseppe Il Vall. E 11 e i suoi marginalia : sondaggi per la storia del codice in età bizantina, In Del manuscrito antiguo a la edición crítica de textos griegos. Homenaje a la Prof.a Elsa García Novo, 2019.",https://digi.vatlib.it/mss/detail/Barb.gr.161,https://digi.vatlib.it/view/MSS_Barb.gr.161,2.75
Barb.gr.182,marginalia,5.0,Bibliographic References:,"Bibliographic References: 1) Martinelli Tempesta, Stefano, 1967- Marginalia Plutarchea (A systematic inquiry about marginal notes in certain exemplaria of the 16th century printed editions of Plutarch’s De tranquillitate animi: first results), In Bollettino dei Classici 2004",https://digi.vatlib.it/mss/detail/Barb.gr.182,https://digi.vatlib.it/view/MSS_Barb.gr.182,2.75
Barb.gr.232,marginalia,5.0,Bibliographic References:,"Bibliographic References: 1) Serventi, Stefano Il Vat. gr. 167, testimone della Continuatio Theophanis, e i marginalia di un anonimo lettore bizantino, In Aevum. Rassegna di scienze storiche, linguistiche e filologiche 2001",https://digi.vatlib.it/mss/detail/Barb.gr.232,https://digi.vatlib.it/view/MSS_Barb.gr.232,2.75
Barb.gr.264,marginalia,5.0,Bibliographic References:,"Low Quality Bibliographic References: 1) Serventi, Stefano Il Vat. gr. 167, testimone della Continuatio Theophanis, e i marginalia di un anonimo lettore bizantino, In Aevum. Rassegna di scienze storiche, linguistiche e filologiche 2001",https://digi.vatlib.it/mss/detail/Barb.gr.264,https://digi.vatlib.it/view/MSS_Barb.gr.264,2.75
Barb.gr.482,marginalia,5.0,Bibliographic References:,"Bibliographic References: 1) Serventi, Stefano Il Vat. gr. 167, testimone della Continuatio Theophanis, e i marginalia di un anonimo lettore bizantino, In Aevum. Rassegna di scienze storiche, linguistiche e filologiche 2001",https://digi.vatlib.it/mss/detail/Barb.gr.482,https://digi.vatlib.it/view/MSS_Barb.gr.482,2.75
Barb.gr.501,marginalia,5.0,Bibliographic References:,"Bibliographic References: 1) Serventi, Stefano Il Vat. gr. 167, testimone della Continuatio Theophanis, e i marginalia di un anonimo lettore bizantino, In Aevum. Rassegna di scienze storiche, linguistiche e filologiche 2001",https://digi.vatlib.it/mss/detail/Barb.gr.501,https://digi.vatlib.it/view/MSS_Barb.gr.501,2.75
Barb.gr.548,marginalia,5.0,General Data,"1) 14r-372v, 384r-454v ( marginalia ): Evagrius Ponticus, c. 346-399 Scholia in Psalmos (Evagrius Ponticus, c. 346-399)",https://digi.vatlib.it/mss/detail/Barb.gr.548,https://digi.vatlib.it/view/MSS_Barb.gr.548,6.5
Barb.lat.34,marginalia,5.0,Bibliographic References:,"Bibliographic References: 1) Rodríguez Herrera, Gregorio Comentarios subjetivos en los marginalia a propercio del Vaticans Ottobonianus 1514, In Scriptorium 2007",https://digi.vatlib.it/mss/detail/Barb.lat.34,https://digi.vatlib.it/view/MSS_Barb.lat.34,4.25
Barb.lat.64,marginalia,5.0,General Data,1) 1r-27v(2): Scholia marginalia aut inter lineas in Ciceronis Laelium de amicitia.,https://digi.vatlib.it/mss/detail/Barb.lat.64,https://digi.vatlib.it/view/MSS_Barb.lat.64,6.5
Borgh.124,marginalia,5.0,Bibliographic References:,"Bibliographic References: 1) Macken, Raymond Quelques « Marginalia » de manuscrits médiévaux, In Scriptorium",https://digi.vatlib.it/mss/detail/Borgh.124,https://digi.vatlib.it/view/MSS_Borgh.124,4.25
Borgh.300,marginalia,5.0,Bibliographic References:,"Bibliographic References: 1) Macken, Raymond Quelques « Marginalia » de manuscrits médiévaux, In Scriptorium",https://digi.vatlib.it/mss/detail/Borgh.300,https://digi.vatlib.it/view/MSS_Borgh.300,4.25
Ott.gr.85,marginalia,5.0,Bibliographic References:,"Bibliographic References: 1) Ucciardello, Giuseppe Il Vall. E 11 e i suoi marginalia : sondaggi per la storia del codice in età bizantina, In Del manuscrito antiguo a la edición crítica de textos griegos. Homenaje a la Prof.a Elsa García Novo, 2019.",https://digi.vatlib.it/mss/detail/Ott.gr.85,https://digi.vatlib.it/view/MSS_Ott.gr.85,2.75
Ott.gr.214,marginalia,5.0,Bibliographic References:,"Bibliographic References: 1) Ucciardello, Giuseppe Il Vall. E 11 e i suoi marginalia : sondaggi per la storia del codice in età bizantina, In Del manuscrito antiguo a la edición crítica de textos griegos. Homenaje a la Prof.a Elsa García Novo, 2019.",https://digi.vatlib.it/mss/detail/Ott.gr.214,https://digi.vatlib.it/view/MSS_Ott.gr.214,2.75
Ott.gr.226,marginalia,5.0,Bibliographic References:,"Bibliographic References: 1) Lucà, Santo, 1947- Le diocesi di Gerace e Squillace tra manoscritti e marginalia , In Calabria bizantina: civiltà bizantina nei territori di Gerace e Stilo. Atti dell'11. Incontro di studi bizantini (Locri - Stilo - Gerace 6-9 maggio 1993), 1998",https://digi.vatlib.it/mss/detail/Ott.gr.226,https://digi.vatlib.it/view/MSS_Ott.gr.226,2.75
Ott.gr.251,marginalia,5.0,Bibliographic References:,"Bibliographic References: 1) Battezzato, Luigi Livineius' unpublished Euripidean marginalia , In Revue d’histoire des textes 2000",https://digi.vatlib.it/mss/detail/Ott.gr.251,https://digi.vatlib.it/view/MSS_Ott.gr.251,4.25
Ott.gr.252,marginalia,5.0,Bibliographic References:,"Low Quality Bibliographic References: 1) Ucciardello, Giuseppe Il Vall. E 11 e i suoi marginalia : sondaggi per la storia del codice in età bizantina, In Del manuscrito antiguo a la edición crítica de textos griegos. Homenaje a la Prof.a Elsa García Novo, 2019.",https://digi.vatlib.it/mss/detail/Ott.gr.252,https://digi.vatlib.it/view/MSS_Ott.gr.252,2.75
Ott.lat.225,marginalia,5.0,Bibliographic References:,"Bibliographic References: 1) Coste, Florent ""Cette lesgende auree est a moy..."" marginalia et approbations de la légende dorée (Reg.lat.534), In Miscellanea Bibliothecae Apostolicae Vaticanae XVIII, 2011",https://digi.vatlib.it/mss/detail/Ott.lat.225,https://digi.vatlib.it/view/MSS_Ott.lat.225,2.75
Ott.lat.1463,marginalia,5.0,Bibliographic References:,"Low Quality Bibliographic References: 1) De Marco, Maria, 1922- Marginalia alla Declamatio in L. Sergium Catilinam, In Giornale italiano di filologia 1970",https://digi.vatlib.it/mss/detail/Ott.lat.1463,https://digi.vatlib.it/view/MSS_Ott.lat.1463,4.25
Ott.lat.1514,marginalia,5.0,Bibliographic References:,"Bibliographic References: 1) Rodríguez Herrera, Gregorio Comentarios subjetivos en los marginalia a propercio del Vaticans Ottobonianus 1514, In Scriptorium 2007",https://digi.vatlib.it/mss/detail/Ott.lat.1514,https://digi.vatlib.it/view/MSS_Ott.lat.1514,4.25
Ott.lat.1599,marginalia,5.0,Bibliographic References:,"Bibliographic References: 1) De Marco, Maria, 1922- Marginalia alla Declamatio in L. Sergium Catilinam, In Giornale italiano di filologia 1970",https://digi.vatlib.it/mss/detail/Ott.lat.1599,https://digi.vatlib.it/view/MSS_Ott.lat.1599,4.25
Ott.lat.2838,marginalia,5.0,Bibliographic References:,"Bibliographic References: 1) Abbamonte, Giancarlo Un manoscritto di Servio con marginalia di Niccolò Perotti (Vat. lat. 1507), In Miscellanea Bibliothecae Apostolicae Vaticanae VII, 2000.",https://digi.vatlib.it/mss/detail/Ott.lat.2838,https://digi.vatlib.it/view/MSS_Ott.lat.2838,2.75
Pal.gr.98,marginalia,5.0,Bibliographic References:,"Bibliographic References: 1) Battezzato, Luigi Livineius’ unpublished Euripidean marginalia , In Revue d’histoire des textes 2000",https://digi.vatlib.it/mss/detail/Pal.gr.98,https://digi.vatlib.it/view/MSS_Pal.gr.98,4.25
Pal.gr.117,marginalia,5.0,Bibliographic References:,"Bibliographic References: 1) Hosoi, Atsuko Les éditions de Lysias du 16e siècle et leur marginalia , In Bulletin of the Faculty of Humanities, Seikei University 1983",https://digi.vatlib.it/mss/detail/Pal.gr.117,https://digi.vatlib.it/view/MSS_Pal.gr.117,4.25
Pal.gr.135,marginalia,5.0,Bibliographic References:,"Bibliographic References: 1) Martinelli Tempesta, Stefano, 1967- Marginalia Plutarchea (A systematic inquiry about marginal notes in certain « exemplaria » of the 16th century printed editions of Plutarch’s « De tranquillitate animi »: first results), In Bollettino dei Classici 2004",https://digi.vatlib.it/mss/detail/Pal.gr.135,https://digi.vatlib.it/view/MSS_Pal.gr.135,2.75
Pal.gr.159,marginalia,5.0,Bibliographic References:,"Bibliographic References: 1) Martinelli Tempesta, Stefano, 1967- Marginalia Plutarchea (A systematic inquiry about marginal notes in certain « exemplaria » of the 16th century printed editions of Plutarch’s « De tranquillitate animi »: first results), In Bollettino dei Classici 2004",https://digi.vatlib.it/mss/detail/Pal.gr.159,https://digi.vatlib.it/view/MSS_Pal.gr.159,2.75
Pal.gr.160,marginalia,5.0,Bibliographic References:,"Bibliographic References: 1) Martinelli Tempesta, Stefano, 1967- Marginalia Plutarchea (A systematic inquiry about marginal notes in certain « exemplaria » of the 16th century printed editions of Plutarch’s « De tranquillitate animi »: first results), In Bollettino dei Classici 2004",https://digi.vatlib.it/mss/detail/Pal.gr.160,https://digi.vatlib.it/view/MSS_Pal.gr.160,2.75
Pal.gr.187,marginalia,5.0,Bibliographic References:,"Bibliographic References: 1) Martinelli Tempesta, Stefano, 1967- Marginalia Plutarchea (A systematic inquiry about marginal notes in certain « exemplaria » of the 16th century printed editions of Plutarch’s « De tranquillitate animi »: first results), In Bollettino dei Classici 2004",https://digi.vatlib.it/mss/detail/Pal.gr.187,https://digi.vatlib.it/view/MSS_Pal.gr.187,2.75
Pal.lat.830,marginalia,5.0,Bibliographic References:,"Bibliographic References: 1) Ó Cuív, Brian The Irish Marginalia in the Codex Palatino-Vaticanus 830 In Éigse 1990.",https://digi.vatlib.it/mss/detail/Pal.lat.830,https://digi.vatlib.it/view/MSS_Pal.lat.830,4.25
Reg.gr.105,marginalia,5.0,Bibliographic References:,"Bibliographic References: 1) Serventi, Stefano Il Vat. gr. 167, testimone della Continuatio Theophanis, e i marginalia di un anonimo lettore bizantino, In Aevum. Rassegna di scienze storiche, linguistiche e filologiche 2001",https://digi.vatlib.it/mss/detail/Reg.gr.105,https://digi.vatlib.it/view/MSS_Reg.gr.105,2.75
Reg.lat.268,marginalia,5.0,General Data,"1) 1r-132v: Lactantius Firmianus, Lucius Caecilius, c. 245-c. 323 Divinae institutiones (Lactantius Firmianus, Lucius Caecilius, c. 245-c. 323)",https://digi.vatlib.it/mss/detail/Reg.lat.268,https://digi.vatlib.it/view/MSS_Reg.lat.268,6.5
Reg.lat.534,marginalia,5.0,Bibliographic References:,"Bibliographic References: 1) Coste, Florent ""Cette lesgende auree est a moy..."" marginalia et approbations de la légende dorée (Reg.lat.534), In Miscellanea Bibliothecae Apostolicae Vaticanae XVIII, 2011",https://digi.vatlib.it/mss/detail/Reg.lat.534,https://digi.vatlib.it/view/MSS_Reg.lat.534,2.75
Reg.lat.766,marginalia,5.0,General Data,"1) Valerius Maximus, Factorum et dictorum memorabilium (Valerius Maximus, f. 14-31); Victorius Aquitanus, Liber calculi (Victorius Aquitanus, sec. V); Quot horis luna luceat. sec. X-XIV",https://digi.vatlib.it/mss/detail/Reg.lat.766,https://digi.vatlib.it/view/MSS_Reg.lat.766,5.0
Reg.lat.814,marginalia,5.0,General Data,"1) Sallustius, Opera. sec. XII",https://digi.vatlib.it/mss/detail/Reg.lat.814,https://digi.vatlib.it/view/MSS_Reg.lat.814,6.5
Reg.lat.980,marginalia,5.0,General Data,1) Miscellanea. sec. IX/XV,https://digi.vatlib.it/mss/detail/Reg.lat.980,https://digi.vatlib.it/view/MSS_Reg.lat.980,6.5
Reg.lat.1495,marginalia,5.0,Bibliographic References:,"Bibliographic References: 1) Abbamonte, Giancarlo Un manoscritto di Servio con marginalia di Niccolò Perotti (Vat. Lat. 1507), In Miscellanea Bibliothecae Apostolicae Vaticanae VII, 2000",https://digi.vatlib.it/mss/detail/Reg.lat.1495,https://digi.vatlib.it/view/MSS_Reg.lat.1495,2.75
Reg.lat.1544,marginalia,5.0,General Data,"1) Lucius Annaeus Seneca, Epistulae ad Lucilium (12-82); Lucius Annaeus Seneca, De remediis fortuitorum. sec. XII ex.",https://digi.vatlib.it/mss/detail/Reg.lat.1544,https://digi.vatlib.it/view/MSS_Reg.lat.1544,6.5
Reg.lat.1547,marginalia,5.0,General Data,"1) Marcus Tullius Cicero, Rhetorica; Anicius Manlius Torquatus Severinus Boethius, De differentiis topicis (liber IV); Rhetorica ad Herennium; De philosophia. sec. XII",https://digi.vatlib.it/mss/detail/Reg.lat.1547,https://digi.vatlib.it/view/MSS_Reg.lat.1547,6.5
Reg.lat.2120,marginalia,5.0,Bibliographic References:,"Bibliographic References: 1) Rodríguez Herrera, Gregorio Comentarios subjetivos en los marginalia a propercio del Vaticans Ottobonianus 1514, In Scriptorium 2007",https://digi.vatlib.it/mss/detail/Reg.lat.2120,https://digi.vatlib.it/view/MSS_Reg.lat.2120,4.25
Ross.169,marginalia,5.0,Bibliographic References:,"Bibliographic References: 1) Serventi, Stefano Il Vat. gr. 167, testimone della Continuatio Theophanis, e i marginalia di un anonimo lettore bizantino, In Aevum. Rassegna di scienze storiche, linguistiche e filologiche 2001",https://digi.vatlib.it/mss/detail/Ross.169,https://digi.vatlib.it/view/MSS_Ross.169,2.75
Urb.gr.98,marginalia,5.0,Bibliographic References:,"Bibliographic References: 1) Martinelli Tempesta, Stefano, 1967- Marginalia Plutarchea (A systematic inquiry about marginal notes in certain exemplaria of the 16th century printed editions of Plutarch’s « De tranquillitate animi »: first results), In Bollettino dei Classici 2004",https://digi.vatlib.it/mss/detail/Urb.gr.98,https://digi.vatlib.it/view/MSS_Urb.gr.98,2.75
Urb.gr.100,marginalia,5.0,Bibliographic References:,"Bibliographic References: 1) Martinelli Tempesta, Stefano, 1967- Marginalia Plutarchea (A systematic inquiry about marginal notes in certain exemplaria of the 16th century printed editions of Plutarch’s « De tranquillitate animi »: first results), In Bollettino dei Classici 2004",https://digi.vatlib.it/mss/detail/Urb.gr.100,https://digi.vatlib.it/view/MSS_Urb.gr.100,2.75
Urb.gr.117,marginalia,5.0,Bibliographic References:,"Bibliographic References: 1) Hosoi, Atsuko Les éditions de Lysias du 16e siècle et leur marginalia , In Bulletin of the Faculty of Humanities, Seikei University 1983",https://digi.vatlib.it/mss/detail/Urb.gr.117,https://digi.vatlib.it/view/MSS_Urb.gr.117,4.25
Urb.lat.1,marginalia,5.0,General Data,1) sec. XV ex.,https://digi.vatlib.it/mss/detail/Urb.lat.1,https://digi.vatlib.it/view/MSS_Urb.lat.1,6.5
Urb.lat.2,marginalia,5.0,General Data,1) sec. XV ex.,https://digi.vatlib.it/mss/detail/Urb.lat.2,https://digi.vatlib.it/view/MSS_Urb.lat.2,6.5
Urb.lat.301,marginalia,5.0,Bibliographic References:,"Bibliographic References: 1) Abbamonte, Giancarlo Un manoscritto di Servio con marginalia di Niccolò Perotti (Vat. lat. 1507), In in Miscellanea Bibliothecae Apostolicae Vaticanae VII, 2000",https://digi.vatlib.it/mss/detail/Urb.lat.301,https://digi.vatlib.it/view/MSS_Urb.lat.301,2.75
Urb.lat.314,marginalia,5.0,Bibliographic References:,"Bibliographic References: 1) Battezzato, Luigi Livineius’ unpublished Euripidean marginalia , In Revue d’histoire des textes 2000",https://digi.vatlib.it/mss/detail/Urb.lat.314,https://digi.vatlib.it/view/MSS_Urb.lat.314,4.25
Urb.lat.602,marginalia,5.0,Bibliographic References:,"Bibliographic References: 1) Planchart, Alejandro Enrique Fragments, Palimpsests, and Marginalia , In The Journal of Musicology 1988",https://digi.vatlib.it/mss/detail/Urb.lat.602,https://digi.vatlib.it/view/MSS_Urb.lat.602,4.25
Urb.lat.641,marginalia,5.0,Bibliographic References:,"Bibliographic References: 1) Rodríguez Herrera, Gregorio Comentarios subjetivos en los marginalia a propercio del Vaticans Ottobonianus 1514, In Scriptorium 2007",https://digi.vatlib.it/mss/detail/Urb.lat.641,https://digi.vatlib.it/view/MSS_Urb.lat.641,4.25
Vat.ar.13,marginalia,5.0,Bibliographic References:,"Bibliographic References: 1) Monferrer Sala, Juan Pedro Marginalia semitica. II: entre la traditión y la lingüística Aula Orientalis 2007",https://digi.vatlib.it/mss/detail/Vat.ar.13,https://digi.vatlib.it/view/MSS_Vat.ar.13,4.25
Vat.ar.29,marginalia,5.0,General Data,1) Paléographie - Codicologie:,https://digi.vatlib.it/mss/detail/Vat.ar.29,https://digi.vatlib.it/view/MSS_Vat.ar.29,6.5
Vat.ar.55,marginalia,5.0,General Data,Low Quality 1) Paléographie - Codicologie:,https://digi.vatlib.it/mss/detail/Vat.ar.55,https://digi.vatlib.it/view/MSS_Vat.ar.55,6.5
Vat.ar.103,marginalia,5.0,General Data,1) Paléographie - Codicologie:,https://digi.vatlib.it/mss/detail/Vat.ar.103,https://digi.vatlib.it/view/MSS_Vat.ar.103,6.5
Vat.ar.111,marginalia,5.0,General Data,Low Quality 1) Paléographie - Codicologie:,https://digi.vatlib.it/mss/detail/Vat.ar.111,https://digi.vatlib.it/view/MSS_Vat.ar.111,6.5
Vat.ar.518,marginalia,5.0,General Data,Low Quality 1) Paléographie - Codicologie:,https://digi.vatlib.it/mss/detail/Vat.ar.518,https://digi.vatlib.it/view/MSS_Vat.ar.518,6.5
Vat.gr.10,marginalia,5.0,Bibliographic References:,"Low Quality Bibliographic References: 1) Ucciardello, Giuseppe Il Vall. E 11 e i suoi marginalia : sondaggi per la storia del codice in età bizantina, In Del manuscrito antiguo a la edición crítica de textos griegos. Homenaje a la Prof.a Elsa García Novo, 2019.",https://digi.vatlib.it/mss/detail/Vat.gr.10,https://digi.vatlib.it/view/MSS_Vat.gr.10,2.75
Vat.gr.44,marginalia,5.0,General Data,"Low Quality 1) 110r-114r: Hesiodus, sec. VIII-VII a.C. Fragmentum introductionis Tzetzae ad Hesiodi Opera et dies 2) 114r-144r, 228r-237v: Hesiodus, sec. VIII-VII a.C. Opera et dies",https://digi.vatlib.it/mss/detail/Vat.gr.44,https://digi.vatlib.it/view/MSS_Vat.gr.44,5.0
Vat.gr.126,marginalia,5.0,Bibliographic References:,"Bibliographic References: 1) Tosi, Renzo Marginalia Thucydidea, In Museum criticum 1980-82",https://digi.vatlib.it/mss/detail/Vat.gr.126,https://digi.vatlib.it/view/MSS_Vat.gr.126,4.25
Vat.gr.139,marginalia,5.0,Bibliographic References:,"Bibliographic References: 1) Martinelli Tempesta, Stefano, 1967- Marginalia Plutarchea (A systematic inquiry about marginal notes in certain exemplaria of the 16th century printed editions of Plutarch’s De tranquillitate animi: first results), In Bollettino dei Classici 2004",https://digi.vatlib.it/mss/detail/Vat.gr.139,https://digi.vatlib.it/view/MSS_Vat.gr.139,2.75
Vat.gr.156,marginalia,5.0,Bibliographic References:,"Bibliographic References: 1) Ucciardello, Giuseppe Il Vall. E 11 e i suoi marginalia : sondaggi per la storia del codice in età bizantina, In Del manuscrito antiguo a la edición crítica de textos griegos. Homenaje a la Prof.a Elsa García Novo, 2019.",https://digi.vatlib.it/mss/detail/Vat.gr.156,https://digi.vatlib.it/view/MSS_Vat.gr.156,2.75
Vat.gr.167,marginalia,5.0,Bibliographic References:,"1) Theophanes continuatus sec. XI in Bibliographic References: 2) Serventi, Stefano Il Vat. gr. 167, testimone della Continuatio Theophanis, e i marginalia di un anonimo lettore bizantino, In Aevum. Rassegna di scienze storiche, linguistiche e filologiche 2001 3) Serventi, Stefano Il Vat. gr. 167, testimone della Continuatio Theophanis, e i marginalia di un anonimo lettore bizantino, In Aevum. Rassegna di scienze storiche, linguistiche e filologiche 2001",https://digi.vatlib.it/mss/detail/Vat.gr.167,https://digi.vatlib.it/view/MSS_Vat.gr.167,2.75
Vat.gr.244,marginalia,5.0,Bibliographic References:,"Bibliographic References: 1) Ucciardello, Giuseppe Il Vall. E 11 e i suoi marginalia : sondaggi per la storia del codice in età bizantina, In Del manuscrito antiguo a la edición crítica de textos griegos. Homenaje a la Prof.a Elsa García Novo, 2019.",https://digi.vatlib.it/mss/detail/Vat.gr.244,https://digi.vatlib.it/view/MSS_Vat.gr.244,2.75
Vat.gr.482,marginalia,5.0,Bibliographic References:,"Low Quality Bibliographic References: 1) Burzacchini, Gabriele Marginalia paroemiographica et lexicographica, In Museum criticum 1984",https://digi.vatlib.it/mss/detail/Vat.gr.482,https://digi.vatlib.it/view/MSS_Vat.gr.482,4.25
Vat.gr.696,marginalia,5.0,Bibliographic References:,"Low Quality Bibliographic References: 1) Ucciardello, Giuseppe Il Vall. E 11 e i suoi marginalia : sondaggi per la storia del codice in età bizantina, In Del manuscrito antiguo a la edición crítica de textos griegos. Homenaje a la Prof.a Elsa García Novo, 2019.",https://digi.vatlib.it/mss/detail/Vat.gr.696,https://digi.vatlib.it/view/MSS_Vat.gr.696,2.75
Vat.gr.699,marginalia,5.0,Bibliographic References:,"Bibliographic References: 1) Ucciardello, Giuseppe Il Vall. E 11 e i suoi marginalia : sondaggi per la storia del codice in età bizantina, In Del manuscrito antiguo a la edición crítica de textos griegos. Homenaje a la Prof.a Elsa García Novo, 2019.",https://digi.vatlib.it/mss/detail/Vat.gr.699,https://digi.vatlib.it/view/MSS_Vat.gr.699,2.75
Vat.gr.762,marginalia,5.0,Bibliographic References:,"Bibliographic References: 1) Ucciardello, Giuseppe Il Vall. E 11 e i suoi marginalia : sondaggi per la storia del codice in età bizantina, In Del manuscrito antiguo a la edición crítica de textos griegos. Homenaje a la Prof.a Elsa García Novo, 2019.",https://digi.vatlib.it/mss/detail/Vat.gr.762,https://digi.vatlib.it/view/MSS_Vat.gr.762,2.75
Vat.gr.866,marginalia,5.0,Bibliographic References:,"Bibliographic References: 1) Lucà, Santo, 1947- Le diocesi di Gerace e Squillace tra manoscritti e marginalia , In Calabria bizantina: civiltà bizantina nei territori di Gerace e Stilo. Atti dell’11. Incontro di studi bizantini (Locri – Stilo – Gerace 6-9 maggio 1993), 1998",https://digi.vatlib.it/mss/detail/Vat.gr.866,https://digi.vatlib.it/view/MSS_Vat.gr.866,2.75
Vat.gr.874.pt.1,marginalia,5.0,Bibliographic References:,"Low Quality Bibliographic References: 1) Ucciardello, Giuseppe Il Vall. E 11 e i suoi marginalia : sondaggi per la storia del codice in età bizantina, In Del manuscrito antiguo a la edición crítica de textos griegos. Homenaje a la Prof.a Elsa García Novo, 2019.",https://digi.vatlib.it/mss/detail/Vat.gr.874.pt.1,https://digi.vatlib.it/view/MSS_Vat.gr.874.pt.1,2.75
Vat.gr.874.pt.2,marginalia,5.0,Bibliographic References:,"Low Quality Bibliographic References: 1) Ucciardello, Giuseppe Il Vall. E 11 e i suoi marginalia : sondaggi per la storia del codice in età bizantina, In Del manuscrito antiguo a la edición crítica de textos griegos. Homenaje a la Prof.a Elsa García Novo, 2019.",https://digi.vatlib.it/mss/detail/Vat.gr.874.pt.2,https://digi.vatlib.it/view/MSS_Vat.gr.874.pt.2,2.75
Vat.gr.909,marginalia,5.0,Bibliographic References:,"Bibliographic References: 1) Battezzato, Luigi Livineius’ unpublished Euripidean marginalia , In Revue d’histoire des textes 2000",https://digi.vatlib.it/mss/detail/Vat.gr.909,https://digi.vatlib.it/view/MSS_Vat.gr.909,4.25
Vat.gr.910,marginalia,5.0,Bibliographic References:,"Low Quality Bibliographic References: 1) Battezzato, Luigi Livineius’ unpublished Euripidean marginalia , In Revue d’histoire des textes 2000",https://digi.vatlib.it/mss/detail/Vat.gr.910,https://digi.vatlib.it/view/MSS_Vat.gr.910,4.25
Vat.gr.977,marginalia,5.0,Bibliographic References:,"Bibliographic References: 1) Serventi, Stefano Il Vat. gr. 167, testimone della Continuatio Theophanis, e i marginalia di un anonimo lettore bizantino, In Aevum. Rassegna di scienze storiche, linguistiche e filologiche 2001",https://digi.vatlib.it/mss/detail/Vat.gr.977,https://digi.vatlib.it/view/MSS_Vat.gr.977,2.75
Vat.gr.1013,marginalia,5.0,Bibliographic References:,"Bibliographic References: 1) Martinelli Tempesta, Stefano, 1967- Marginalia Plutarchea (A systematic inquiry about marginal notes in certain exemplaria of the 16th century printed editions of Plutarch’s De tranquillitate animi: first results), In Bollettino dei Classici 2004",https://digi.vatlib.it/mss/detail/Vat.gr.1013,https://digi.vatlib.it/view/MSS_Vat.gr.1013,2.75
Vat.gr.1018,marginalia,5.0,Bibliographic References:,"Low Quality Bibliographic References: 1) Cacouros, Michel Marginalia de Chortasménos dans un opuscule logique dû à Prodromènos (Vatican. gr. 1018), In Revue des études byzantines 1995",https://digi.vatlib.it/mss/detail/Vat.gr.1018,https://digi.vatlib.it/view/MSS_Vat.gr.1018,2.75
Vat.gr.1135,marginalia,5.0,Bibliographic References:,"Bibliographic References: 1) Battezzato, Luigi Livineius’ unpublished Euripidean marginalia , In Revue d’histoire des textes 2000",https://digi.vatlib.it/mss/detail/Vat.gr.1135,https://digi.vatlib.it/view/MSS_Vat.gr.1135,4.25
Vat.gr.1204,marginalia,5.0,Bibliographic References:,"Low Quality Bibliographic References: 1) Battezzato, Luigi Livineius’ unpublished Euripidean marginalia In Revue d’histoire des textes 2000",https://digi.vatlib.it/mss/detail/Vat.gr.1204,https://digi.vatlib.it/view/MSS_Vat.gr.1204,4.25
Vat.gr.1291,marginalia,5.0,Bibliographic References:,"Bibliographic References: 1) Ucciardello, Giuseppe Il Vall. E 11 e i suoi marginalia : sondaggi per la storia del codice in età bizantina, In Del manuscrito antiguo a la edición crítica de textos griegos. Homenaje a la Prof.a Elsa García Novo, 2019.",https://digi.vatlib.it/mss/detail/Vat.gr.1291,https://digi.vatlib.it/view/MSS_Vat.gr.1291,2.75
Vat.gr.1408,marginalia,5.0,Bibliographic References:,"Low Quality Bibliographic References: 1) Pontani, Anna, 1949-2021 Per l'esegesi umanistica greca dell'antologia planudea: i Marginalia dell'edizione del 1494, In Filologia Umanistica greca IV. Epigrammi e dintorni: Musuro, Bonamico e altri, a cura di F. Pontani e introduzione di L. Ferreri, Opuscula collecta 2023.",https://digi.vatlib.it/mss/detail/Vat.gr.1408,https://digi.vatlib.it/view/MSS_Vat.gr.1408,2.75
Vat.gr.1412,marginalia,5.0,Bibliographic References:,"Low Quality Bibliographic References: 1) Pontani, Anna, 1949-2021 Per l'esegesi umanistica greca dell'antologia planudea: i Marginalia dell'edizione del 1494, In Filologia Umanistica greca IV. Epigrammi e dintorni: Musuro, Bonamico e altri, a cura di F. Pontani e introduzione di L. Ferreri, Opuscula collecta 2023.",https://digi.vatlib.it/mss/detail/Vat.gr.1412,https://digi.vatlib.it/view/MSS_Vat.gr.1412,2.75
Vat.gr.1456,marginalia,5.0,Bibliographic References:,"Bibliographic References: 1) Ucciardello, Giuseppe Il Vall. E 11 e i suoi marginalia : sondaggi per la storia del codice in età bizantina, In Del manuscrito antiguo a la edición crítica de textos griegos. Homenaje a la Prof.a Elsa García Novo, 2019.",https://digi.vatlib.it/mss/detail/Vat.gr.1456,https://digi.vatlib.it/view/MSS_Vat.gr.1456,2.75
Vat.gr.1702,marginalia,5.0,Bibliographic References:,"Bibliographic References: 1) Pontani, Anna, 1949-2021 Per l'esegesi umanistica greca dell'antologia planudea: i Marginalia dell'edizione del 1494, In Filologia Umanistica greca IV. Epigrammi e dintorni: Musuro, Bonamico e altri, a cura di F. Pontani e introduzione di L. Ferreri, Opuscula collecta 2023.",https://digi.vatlib.it/mss/detail/Vat.gr.1702,https://digi.vatlib.it/view/MSS_Vat.gr.1702,2.75
Vat.gr.1818,marginalia,5.0,Bibliographic References:,"Bibliographic References: 1) Casadio, Valerio Marginalia lexicographica, In Museum criticum 1975-77",https://digi.vatlib.it/mss/detail/Vat.gr.1818,https://digi.vatlib.it/view/MSS_Vat.gr.1818,4.25
Vat.gr.1910,marginalia,5.0,Bibliographic References:,"Bibliographic References: 1) Ucciardello, Giuseppe Il Vall. E 11 e i suoi marginalia : sondaggi per la storia del codice in età bizantina, In Del manuscrito antiguo a la edición crítica de textos griegos. Homenaje a la Prof.a Elsa García Novo, 2019.",https://digi.vatlib.it/mss/detail/Vat.gr.1910,https://digi.vatlib.it/view/MSS_Vat.gr.1910,2.75
Vat.gr.1924,marginalia,5.0,General Data,"Low Quality 1) S. Thomae Aquinatis Summae theologicae pars prima, interpete Deme­trio Cydonio. sec. XVII",https://digi.vatlib.it/mss/detail/Vat.gr.1924,https://digi.vatlib.it/view/MSS_Vat.gr.1924,6.5
Vat.gr.1925,marginalia,5.0,General Data,"Low Quality 1) S. Thomae Aquinatis Summae theologicae pars prima, interpete Deme­trio Cydonio. sec. XVII",https://digi.vatlib.it/mss/detail/Vat.gr.1925,https://digi.vatlib.it/view/MSS_Vat.gr.1925,6.5
Vat.gr.2048,marginalia,5.0,Bibliographic References:,"Bibliographic References: 1) Serventi, Stefano Il Vat. gr. 167, testimone della Continuatio Theophanis, e i marginalia di un anonimo lettore bizantino, In Aevum. Rassegna di scienze storiche, linguistiche e filologiche 2001",https://digi.vatlib.it/mss/detail/Vat.gr.2048,https://digi.vatlib.it/view/MSS_Vat.gr.2048,2.75
Vat.gr.2084,marginalia,5.0,Bibliographic References:,"Low Quality Bibliographic References: 1) Ucciardello, Giuseppe Il Vall. E 11 e i suoi marginalia : sondaggi per la storia del codice in età bizantina, In Del manuscrito antiguo a la edición crítica de textos griegos. Homenaje a la Prof.a Elsa García Novo, 2019.",https://digi.vatlib.it/mss/detail/Vat.gr.2084,https://digi.vatlib.it/view/MSS_Vat.gr.2084,2.75
Vat.gr.2123,marginalia,5.0,Bibliographic References:,"Low Quality Bibliographic References: 1) Serventi, Stefano Il Vat. gr. 167, testimone della Continuatio Theophanis, e i marginalia di un anonimo lettore bizantino, In Aevum. Rassegna di scienze storiche, linguistiche e filologiche 2001",https://digi.vatlib.it/mss/detail/Vat.gr.2123,https://digi.vatlib.it/view/MSS_Vat.gr.2123,2.75
Vat.gr.2130,marginalia,5.0,Bibliographic References:,"Low Quality Bibliographic References: 1) Ucciardello, Giuseppe Il Vall. E 11 e i suoi marginalia : sondaggi per la storia del codice in età bizantina, In Del manuscrito antiguo a la edición crítica de textos griegos. Homenaje a la Prof.a Elsa García Novo, 2019.",https://digi.vatlib.it/mss/detail/Vat.gr.2130,https://digi.vatlib.it/view/MSS_Vat.gr.2130,2.75
Vat.gr.2207,marginalia,5.0,Bibliographic References:,"Low Quality Bibliographic References: 1) Hosoi, Atsuko Les éditions de Lysias du 16e siècle et leur marginalia , In Bulletin of the Faculty of Humanities, Seikei University 1983",https://digi.vatlib.it/mss/detail/Vat.gr.2207,https://digi.vatlib.it/view/MSS_Vat.gr.2207,4.25
Vat.ind.75,marginalia,5.0,General Data,1) 10r-27v:,https://digi.vatlib.it/mss/detail/Vat.ind.75,https://digi.vatlib.it/view/MSS_Vat.ind.75,6.5
Vat.lat.70,marginalia,5.0,General Data,1) Regum libri I-IV cum glossa ordinaria et glossa interlineari. sec. XIII-XIV,https://digi.vatlib.it/mss/detail/Vat.lat.70,https://digi.vatlib.it/view/MSS_Vat.lat.70,6.5
Vat.lat.85,marginalia,5.0,General Data,1) 210r-221r: Scholia marginalia,https://digi.vatlib.it/mss/detail/Vat.lat.85,https://digi.vatlib.it/view/MSS_Vat.lat.85,6.5
Vat.lat.567,marginalia,5.0,General Data,1) 53r-66v(2): Glossae et scholia [ambo marginalia ] in categorias decem ex Aristotele decerptas,https://digi.vatlib.it/mss/detail/Vat.lat.567,https://digi.vatlib.it/view/MSS_Vat.lat.567,6.5
Arch.Cap.S.Pietro.A.29,ignoto,5.0,Bibliographic References:,"Bibliographic References: 1) Bellomo, Manlio Matteo di Odofredo: un figlio ignoto di padre noto?, In Quaderni catanesi di studi classici e medievali 1983",https://digi.vatlib.it/mss/detail/Arch.Cap.S.Pietro.A.29,https://digi.vatlib.it/view/MSS_Arch.Cap.S.Pietro.A.29,4.25
Barb.gr.214,ignoto,5.0,Bibliographic References:,"Bibliographic References: 1) Vendruscolo, Fabio Dall’ ignoto Falconio all’immortale Fausto In Annali dell’Istituto universitario orientale di Napoli 2005",https://digi.vatlib.it/mss/detail/Barb.gr.214,https://digi.vatlib.it/view/MSS_Barb.gr.214,4.25
Barb.gr.419,ignoto,5.0,Bibliographic References:,"Bibliographic References: 1) Lucà, Santo, 1947- Un ignoto frammento del De lege spirituali di Marco Monaco (Athos, Protatou 38, ff. 1r-2v), con una nota sulla fortuna dei suoi scritti nella Calabria bizantina, In Corolla Byzantina. Studi in onore di Carmelo Crimi, 2025.",https://digi.vatlib.it/mss/detail/Barb.gr.419,https://digi.vatlib.it/view/MSS_Barb.gr.419,2.75
Barb.gr.522,ignoto,5.0,Bibliographic References:,"Low Quality Bibliographic References: 1) Lucà, Santo, 1947- Un ignoto frammento del De lege spirituali di Marco Monaco (Athos, Protatou 38, ff. 1r-2v), con una nota sulla fortuna dei suoi scritti nella Calabria bizantina, In Corolla Byzantina. Studi in onore di Carmelo Crimi, 2025.",https://digi.vatlib.it/mss/detail/Barb.gr.522,https://digi.vatlib.it/view/MSS_Barb.gr.522,2.75
Barb.lat.43,ignoto,5.0,Bibliographic References:,"Bibliographic References: 1) Capizzi, Carmelo L'Oratio ad Alphonsum Regem Aragonum (1454) di Nicola Sagundino, riedita secondo un ms. finora ignoto , In Orientalia Christiana Periodica 1998",https://digi.vatlib.it/mss/detail/Barb.lat.43,https://digi.vatlib.it/view/MSS_Barb.lat.43,2.75
Barb.lat.119,ignoto,5.0,Bibliographic References:,"Bibliographic References: 1) Piacentini Scarcia, Paola, 1938- Lettere di un ignoto umanista (Vat.lat. 2906: personaggi e cultura d'area salernitana), In Humanistica Lovaniensia 1980",https://digi.vatlib.it/mss/detail/Barb.lat.119,https://digi.vatlib.it/view/MSS_Barb.lat.119,2.75
Barb.lat.2724,ignoto,5.0,Bibliographic References:,"Bibliographic References: 1) Lo Monaco, Francesco, 1960- Un manoscritto noto- ignoto dell'""In Apocalypsin"" di Ambrogio Autperto, In Recherches de théologie ancienne et médiévale 1984",https://digi.vatlib.it/mss/detail/Barb.lat.2724,https://digi.vatlib.it/view/MSS_Barb.lat.2724,2.75
Barb.lat.3210,ignoto,5.0,General Data,"Low Quality 1) 271r-v: Pellegrino, Camillo, 1598-1663 Lettere (2) ad ignoto .",https://digi.vatlib.it/mss/detail/Barb.lat.3210,https://digi.vatlib.it/view/MSS_Barb.lat.3210,6.5
Barb.lat.3217,ignoto,5.0,Bibliographic References:,"Low Quality Bibliographic References: 1) Paravicini Bagliani, Agostino, 1943- Un ignoto vescovo di Catania nel duecento: Angelo de Abrusca (1257-1272), In Rivista di storia della Chiesa in Italia 1981",https://digi.vatlib.it/mss/detail/Barb.lat.3217,https://digi.vatlib.it/view/MSS_Barb.lat.3217,2.75
Barb.lat.3242,ignoto,5.0,General Data,Low Quality 1) 332r: Breve relazione inviata da ignoto forse all'abate Ferdinando Ughelli.,https://digi.vatlib.it/mss/detail/Barb.lat.3242,https://digi.vatlib.it/view/MSS_Barb.lat.3242,6.5
Barb.lat.4035,ignoto,5.0,Bibliographic References:,"Low Quality Bibliographic References: 1) Cian, Vittorio, 1862-1951 Un codice ignoto di rime volgari appartenuto a B. Castiglione I In Giornale storico della letteratura italiana",https://digi.vatlib.it/mss/detail/Barb.lat.4035,https://digi.vatlib.it/view/MSS_Barb.lat.4035,4.25
Barb.lat.4142,ignoto,5.0,General Data,1) 75r-78r: Duetto da Il Mauritio.,https://digi.vatlib.it/mss/detail/Barb.lat.4142,https://digi.vatlib.it/view/MSS_Barb.lat.4142,6.5
Barb.lat.4147,ignoto,5.0,General Data,1) 9r-11v: Aria da Iphide greca.,https://digi.vatlib.it/mss/detail/Barb.lat.4147,https://digi.vatlib.it/view/MSS_Barb.lat.4147,6.5
Barb.lat.4162,ignoto,5.0,General Data,"1) 18r-21r: Pasquini, Bernardo, 1637-1710",https://digi.vatlib.it/mss/detail/Barb.lat.4162,https://digi.vatlib.it/view/MSS_Barb.lat.4162,6.5
Barb.lat.4188,ignoto,5.0,General Data,1) 1r-24v: Cantata per oratorio anonima.,https://digi.vatlib.it/mss/detail/Barb.lat.4188,https://digi.vatlib.it/view/MSS_Barb.lat.4188,6.5
Barb.lat.4231,ignoto,5.0,General Data,"Low Quality 1) 98r-105r: Lotti, Giovanni, m. 1688",https://digi.vatlib.it/mss/detail/Barb.lat.4231,https://digi.vatlib.it/view/MSS_Barb.lat.4231,6.5
Borgh.108,ignoto,5.0,General Data,"1) 252r-262r: Aristoteles, 384-322 a.C. Ethica nova, quae dicitur, praebens lib. I. 2) 262r-282v: Aristoteles, 384-322 a.C. Ethica vetus, quae dicitur. 3) 262r-v: Aristoteles, 384-322 a.C. Ethica nova, quae dicitur.",https://digi.vatlib.it/mss/detail/Borgh.108,https://digi.vatlib.it/view/MSS_Borgh.108,5.0
Cappon.193,ignoto,5.0,General Data,"1) 289r-300r: Ciminelli, Serafino, 1466-1500 Stramoti.",https://digi.vatlib.it/mss/detail/Cappon.193,https://digi.vatlib.it/view/MSS_Cappon.193,6.5
Chig.D.V.77,ignoto,5.0,Bibliographic References:,"Bibliographic References: 1) Lo Monaco, Francesco, 1960- Un manoscritto noto- ignoto dell'""In Apocalypsin"" di Ambrogio Autperto, In Recherches de théologie ancienne et médiévale 1984",https://digi.vatlib.it/mss/detail/Chig.D.V.77,https://digi.vatlib.it/view/MSS_Chig.D.V.77,2.75
Chig.E.VII.212,ignoto,5.0,Bibliographic References:,"Low Quality Bibliographic References: 1) Conetti, Mario, 1970- Un testimone ignoto del De Maleficiis di Angelo Gambiglioni in una raccolta cinquecentesca lombarda di diritto penale e statutario, In Manoscritti, editoria e biblioteche dal medioevo all'età contemporanea, Studi offerti a Domenico Maffei per il suo ottantesimo compleanno, I, 2006",https://digi.vatlib.it/mss/detail/Chig.E.VII.212,https://digi.vatlib.it/view/MSS_Chig.E.VII.212,2.75
Chig.F.IV.73,ignoto,5.0,General Data,1) 1r-60v:,https://digi.vatlib.it/mss/detail/Chig.F.IV.73,https://digi.vatlib.it/view/MSS_Chig.F.IV.73,6.5
Chig.L.VII.266,ignoto,5.0,Bibliographic References:,"Low Quality Bibliographic References: 1) Frati, Ludovico, 1855-1941 Un codice ignoto di laudi latine e volgari In Giornale storico della letteratura italiana",https://digi.vatlib.it/mss/detail/Chig.L.VII.266,https://digi.vatlib.it/view/MSS_Chig.L.VII.266,4.25
Chig.L.VIII.305,ignoto,5.0,Bibliographic References:,"Bibliographic References: 1) Cian, Vittorio, 1862-1951 Un codice ignoto di rime volgari appartenuto a B. Castiglione I In Giornale storico della letteratura italiana",https://digi.vatlib.it/mss/detail/Chig.L.VIII.305,https://digi.vatlib.it/view/MSS_Chig.L.VIII.305,4.25
Chig.P.VII.13,ignoto,5.0,Bibliographic References:,"Bibliographic References: 1) Sladek, Elisabeth Un progetto finora ignoto per la facciata del palazzo Chigi-Odescalchi a Roma, In Römische Historische Mitteilungen 1987",https://digi.vatlib.it/mss/detail/Chig.P.VII.13,https://digi.vatlib.it/view/MSS_Chig.P.VII.13,4.25
Chig.Q.IV.3,ignoto,5.0,General Data,1) 2r: 2) 10r: 3) 16r: 4) 21r: 5) 22v: 6) 25r: 7) 32v: 8) 53r: 9) 55v: 10) 57r: 11) 59v: 12) 61v: 13) 63v: 14) 69r: 15) 73v: 16) 75v: Il prigioniero per debito. 17) 90r: 18) 95r:,https://digi.vatlib.it/mss/detail/Chig.Q.IV.3,https://digi.vatlib.it/view/MSS_Chig.Q.IV.3,6.5
Chig.Q.IV.4,ignoto,5.0,General Data,1) 2r: 2) 3v: 3) 5v: 4) 7v: 5) 9v: 6) 11r: 7) 13v: 8) 15v-18r: 9) 18v: 10) 46v: 11) 49r: 12) 54r: 13) 56r: 14) 58r: 15) 60v: 16) 61r: 17) 67v: 18) 69v: 19) 75v: 20) 77v: 21) 81v: 22) 90r: 23) 95r: 24) 97r: 25) 99v: 26) 101v: 27) 103v: 28) 108r: 29) 110r: 30) 112v: 31) 116v: 32) 121v:,https://digi.vatlib.it/mss/detail/Chig.Q.IV.4,https://digi.vatlib.it/view/MSS_Chig.Q.IV.4,5.0
Chig.Q.IV.5,ignoto,5.0,General Data,"1) Arie, ariette, canti e madrigali. sec. XVII 2) 4v: 3) 6v-8v: 4) 8v: 5) 11r: Amante timido 6) 12v: 7) 15r: 8) 16r: 9) 18r: 10) 19v: 11) 20v: 12) 24r: 13) 26r: 14) 28r: 15) 30r: 16) 31r: 17) 34r: 18) 35r: 19) 36r: 20) 38v: 21) 42v: 22) 44v: 23) 45v: 24) 48v: 25) 49v: 26) 53r: 27) 54r: 28) 55v: 29) 58r: 30) 61r: 31) 62r: 32) 70v-72r: 33) 74r-75r: 34) 75v-77r: 35) 77r: 36) 78r-79r: 37) 80r-83r: Lascia speranza, ohimè [titolo della prima parte] Lascia, lascia, ch'io mi quereli [titolo della seconda parte] Non ti chiedo mercè [titolo della terza parte parte] 38) 83r: 39) 84v: 40) 87v: 41) 89v: 42) 97r: 43) 100v:",https://digi.vatlib.it/mss/detail/Chig.Q.IV.5,https://digi.vatlib.it/view/MSS_Chig.Q.IV.5,5.0
Chig.Q.IV.9,ignoto,5.0,General Data,1) Esercizi musicali. sec. XVII,https://digi.vatlib.it/mss/detail/Chig.Q.IV.9,https://digi.vatlib.it/view/MSS_Chig.Q.IV.9,6.5
Chig.Q.IV.14,ignoto,5.0,General Data,1) 1r-6r: 2) 15r-18r: 3) 19r-24r: 4) 25r-30r: 5) 31r-34r: 6) 49r-52r: 7) 53r-62r: 8) 63r-66r: 9) 67r-71r: 10) 77r-80r: 11) 81r-86r: 12) 91r-94r: 13) 117r-118r:,https://digi.vatlib.it/mss/detail/Chig.Q.IV.14,https://digi.vatlib.it/view/MSS_Chig.Q.IV.14,6.5
Chig.Q.IV.16,ignoto,5.0,General Data,1) 185r-190r:,https://digi.vatlib.it/mss/detail/Chig.Q.IV.16,https://digi.vatlib.it/view/MSS_Chig.Q.IV.16,6.5
Chig.Q.IV.17,ignoto,5.0,General Data,1) 127r-130r: 2) 131r-144r: 3) 145r-158v: 4) 173r-175r: 5) 177r-186v:,https://digi.vatlib.it/mss/detail/Chig.Q.IV.17,https://digi.vatlib.it/view/MSS_Chig.Q.IV.17,6.5
Chig.Q.IV.46,ignoto,5.0,General Data,1) 5r-8r: 2) 9r-14r: 3) 15r-18r: 4) 19r-24r: 5) 25r-32r: 6) 33r-38r: 7) 39r-44r: 8) 45r-50r: 9) 51r-56r: 10) 65r-69r: 11) 69r-72r: 12) 73r-80r:,https://digi.vatlib.it/mss/detail/Chig.Q.IV.46,https://digi.vatlib.it/view/MSS_Chig.Q.IV.46,6.5
Chig.Q.IV.47,ignoto,5.0,General Data,1) 11r-14r: 2) 15r-20r: 3) 21r-24r: 4) 25r-26r: 5) 27r-30r: 6) 31r-34r: 7) 35r-38r: 8) 39r-42r: 9) 53r-56r: 10) 57r-60r: 11) 61r-62r: 12) 65r-68r: 13) 69r-72r: 14) 73r-76r:,https://digi.vatlib.it/mss/detail/Chig.Q.IV.47,https://digi.vatlib.it/view/MSS_Chig.Q.IV.47,6.5
Chig.Q.IV.48,ignoto,5.0,General Data,1) 1r-4r: 2) 5r-8r: 3) 21r-24r: 4) 25r-28v: 5) 29r-32r: 6) 37r-40r: 7) 51r-56r:,https://digi.vatlib.it/mss/detail/Chig.Q.IV.48,https://digi.vatlib.it/view/MSS_Chig.Q.IV.48,6.5
Chig.Q.IV.49,ignoto,5.0,General Data,1) 1r-4r: 2) 5r-8r: 3) 9r-14r: 4) 15r-16r: 5) 21r-22r:,https://digi.vatlib.it/mss/detail/Chig.Q.IV.49,https://digi.vatlib.it/view/MSS_Chig.Q.IV.49,6.5
Chig.Q.V.66,ignoto,5.0,General Data,1) Ir-255r:,https://digi.vatlib.it/mss/detail/Chig.Q.V.66,https://digi.vatlib.it/view/MSS_Chig.Q.V.66,6.5
Chig.Q.V.68,ignoto,5.0,General Data,"1) 1r-4r: Amante, agitato da pensieri amorosi, risolve di non amare. 2) 10r-11r: 3) 11v-12r: 4) 13r-15v: 5) 19r-20r: 6) 26v-27r: 7) 35r-37r: 8) 50v-52r: 9) 53r-54r: 10) 54v-57r: 11) 59r-60r: 12) 60v-62v: 13) 63r-64r: 14) 64v-66r: 15) 71v-74r: Partenza di Donna che in viaggio corre pericolo di annegarsi in un fiume. 16) 76v-78r: Amante sdegnato. Recitativo. 17) 78v-79r: 18) 80r-82r(2): 19) 83r-84r: 20) 84v-86r: 21) 86v-88r: 22) 88v-95r: Filli, ingelositasi di Silvio, lo chiama ingrato. 23) 101v-105r: Partenza di donna sdegnata con l'amante. 24) 105v-106r: 25) 107r-113r: Il mare del piacere. 26) 114r-115r: Passacaglia 27) 116r-119r: 28) 128v-130r: 29) 130v-134r: Baldini, Sebastiano, 1615-1685 La clemenza supplicante.",https://digi.vatlib.it/mss/detail/Chig.Q.V.68,https://digi.vatlib.it/view/MSS_Chig.Q.V.68,5.0
Chig.Q.V.69,ignoto,5.0,General Data,"1) 14v-16r: 2) 31r-36r: Baldini, Sebastiano, 1615-1685 3) 36v-40r: 4) 47r-50r: Lotti, Giovanni, m. 1688 5) 55r-59r: Orsini, Lelio, principe di Vicovaro, 1623-1696 6) 64r-69r: Artemisia 7) 69v-74r: Lamento di Armida. 8) 74v-77r: Orsini, Lelio, principe di Vicovaro, 1623-1696 9) 77v-83r: Orsini, Lelio, principe di Vicovaro, 1623-1696 10) 84r-87r: Amante di donna vecchia. 11) 88r-103r: Baldini, Sebastiano, 1615-1685 12) 103v-115r: Lotti, Giovanni, m. 1688 13) 115v-117r: 14) 118r-120r: 15) 120v-129r: Baldini, Sebastiano, 1615-1685 Il Consiglio delle due sorelle di Psiche. 16) 129v-130r: 17) 131r-133r(2): Baldini, Sebastiano, 1615-1685 Nella nascita del Signore, alludendosi alla calamità del contagio. 18) 134r-143r: Cantata nella nascità di Gesù.",https://digi.vatlib.it/mss/detail/Chig.Q.V.69,https://digi.vatlib.it/view/MSS_Chig.Q.V.69,5.0
Chig.Q.V.72,ignoto,5.0,General Data,1) 17v-27r: 2) 28r-34r: 3) 34v-39r: 4) 50r-51r: 5) 51v-56r: 6) 56v-73r: 7) 74r-81r: 8) 99v-105r: 9) 106r-111r: 10) 112r-117r: 11) 118r:,https://digi.vatlib.it/mss/detail/Chig.Q.V.72,https://digi.vatlib.it/view/MSS_Chig.Q.V.72,6.5
Chig.Q.VI.80,ignoto,5.0,General Data,Low Quality 1) 1r-5r: 2) 14v-16r: 3) 16v-20r: 4) 20v-22r: 5) 22v-28r: 6) 28v-33r: 7) 33v-34r: 8) 35v-39r: 9) 39v-42r: 10) 42v-46r: 11) 46v-54r: 12) 54r-57r: 13) 57r-59r: 14) 59v-62r: 15) 62v-67r: 16) 67v-71r: 17) 82v-87r: 18) 87v-90r: 19) 90v-93r: 20) 93v-98r: 21) 98v-101r: 22) 101v-103r: 23) 103v-107r: 24) 107v-109r: 25) 109v-111r: 26) 111v-114r: Su la ciaccona. 27) 114v-115r: 28) 115v-117r: 29) 117v-119r: 30) 119v-121r: 31) 127v-129r: 32) 129v-140r: 33) 144v-152r: 34) 152v-155r: 35) 155v-156r: 36) 156v-158r: 37) 158v-160r: 38) 162v-163r: 39) 163v-164r: 40) 164v-169r: 41) 169v-173r: 42) 173v-177r: 43) 177v-179r: 44) 179v-181r: 45) 181v-186r: Tirsi e Lidio. 46) 186v-190r: La Dama sdegnosa. 47) 190v-193r: 48) 193v-195r: 49) 195v-197r:,https://digi.vatlib.it/mss/detail/Chig.Q.VI.80,https://digi.vatlib.it/view/MSS_Chig.Q.VI.80,5.0
Chig.Q.VI.81,ignoto,5.0,General Data,Low Quality 1) 11v-13r: 2) 13v-17r: 3) 13v-24r: 4) 31v-37r(2): 5) 37v-39r: 6) 39v-41r: 7) 45v-49r: 8) 49v-89r: 9) 59v-66r: 10) 66v-72r: 11) 72v-74r: 12) 74v-77r: 13) 77v-87r: Su Elena invecchiata. 14) 87v-95r: 15) 109v-113r: 16) 113v-115r(2): 17) 119v-123r: 18) 123v-132r: 19) 132v-135r: 20) 135r-142r(2): 21) 142r-143r: 22) 143v-157r: 23) 144v-156r: 4 strofe. 24) 157v-163r: 25) 164v-166r: 26) 166v-171r: 27) 171v-173r: 28) 173v-175r: 29) 175v-177r: 30) 178v-183r: 31) 183v-184r: 32) 184v-186r: 33) 186v-189r: 34) 189v-191r: 35) 196v-202r: 36) 202v-205r: 37) 205v-207r: 38) 207v-209r: 39) 209v-214r:,https://digi.vatlib.it/mss/detail/Chig.Q.VI.81,https://digi.vatlib.it/view/MSS_Chig.Q.VI.81,5.0
Chig.Q.VI.85,ignoto,5.0,General Data,1) 1r-4r: 2) 4v-8v: 3) 14v-18r: 4) 18v-22r: 5) 23r-25r: 6) 25v-28v: 7) 32r-33r: 8) 37r-38v: 9) 41v-46r: 10) 49r-50v: 11) 52v-61v: 12) 63r-66r: 13) 67r-v: 14) 68r-71r:,https://digi.vatlib.it/mss/detail/Chig.Q.VI.85,https://digi.vatlib.it/view/MSS_Chig.Q.VI.85,6.5
Chig.Q.VII.99,ignoto,5.0,General Data,1) 17r-22r: 2) 36v-40r:,https://digi.vatlib.it/mss/detail/Chig.Q.VII.99,https://digi.vatlib.it/view/MSS_Chig.Q.VII.99,6.5
Chig.Q.VIII.177,ignoto,5.0,General Data,"1) 2v-4v: 2) 6v-10r: Ficieno, Luigi, f. 1655 3) 10r-11r: 4) 11v-12r: 5) 12v-13r: 6) 27v-30r: 7) 30v-31r: 8) 33v-35r: 9) 35v-38r: 10) 38v-39r: 11) 41v-43r: 12) 43r-45r: 13) 45v-47r: 14) 47v-49r: 15) 49v-51r: Finezza di amante. 16) 51v-53r: 17) 53v-57r: 18) 62v-66r: Canzone morale sopra la ... in quattro stanze 19) 66v-68r: 20) 68v-71r: 21) 71v-74r: 22) 74v-77r: Si duole un pastore che amor lo maltratta. 23) 77v-80r: 24) 80v-84r: La partenza. 25) 84v-86r: Ariberti, Giacomo Francesco 26) 86v-89r(2): Ariberti, Giacomo Francesco Dialogo fra Olindo e Rosinda 27) 89v: 28) 98v-99r: 29) 99v-103r: Ariberti, Giacomo Francesco 30) 103v-108r: Ariberti, Giacomo Francesco 31) 108v-113r: La bruna pastorella 32) 113v-115r: 33) 115v-118r: Gelosia. 34) 120v-125r: Ariberti, Giacomo Francesco L'amante abbandonato. 35) 125r-129r: 36) 129v-132r: 37) 132v-133r: 38) 134v-137r: 39) 137r-138r: 40) 138v-141r: 41) 141v-143r: 42) 143v-144r: 43) 144v-146r: 44) 146v-148r: 45) 148v-151r: 46) 151v-153r: 47) 153v-155...",https://digi.vatlib.it/mss/detail/Chig.Q.VIII.177,https://digi.vatlib.it/view/MSS_Chig.Q.VIII.177,5.0
Chig.Q.VIII.179,ignoto,5.0,General Data,"1) 1r-6r: 2) 6v-23r: 3) 47r-57r: Canzone morale sopra la ... in quattro stanze 4) 57v-60r: 5) 61r-72r: Ercole in Bivio. 6) 82v-86r: Il tempo. 7) 86v-90r: Abati, Antonio, c. 1604-1667 Su san Flavio, protettore di Grotte di Castro (VT). 8) 94v-111r: Amore malato. 9) 112v-113r: 10) 114r-123r: Abati, Antonio, c. 1604-1667 11) 123v-127r: Memorare novissima tua. 12) 127v-130r: Baldini, Sebastiano, 1615-1685 Le Parche.",https://digi.vatlib.it/mss/detail/Chig.Q.VIII.179,https://digi.vatlib.it/view/MSS_Chig.Q.VIII.179,5.0
Chig.Q.VIII.180,ignoto,5.0,General Data,Low Quality 1) 1r-3r: 2) 4r-5r: 3) 5v-6v: 4) 7r-9r: 5) 13v-14r: 6) 14v-17r: 7) 17v-18r: 8) 18v-19r: 9) 21v-26r: Il tempo 10) 26v-29r: Infelicità d'un amante felice 11) 29v-30r: 12) 31r-32r: 13) 32r: 14) 33r-34r: 15) 34v-35r: 16) 35v-36r: 17) 36v-37r: 18) 37v-38r: 19) 38v-39r: 20) 39v-40r: 21) 40r-41r: 22) 41v-43r: 23) 43v-44r: 24) 44v-48r: Il Tempo 25) 48v-51r: Proponimento di un amante mal gradito. 26) 51v: 27) 52r: 28) 54r: 29) 55r: Amante si lagna di [...] che gli dona un ventaglio. 30) 56v-57r: 31) 57v-58r: 32) 58v-59r: 33) 59v-60r: 34) 60v-61r: 35) 61v-62r: 36) 62v-63r: 37) 63v-64r: 38) 64v-65r: 39) 65v-66r: 40) 66v-68r: 41) 68v-69r: 42) 69r: Il divoto della speranza 43) 69v-70r: 44) 70v-71r: 45) 71v-73r: 46) 73v-75r: Il Politico d'amore 47) 75v-76r: 48) 76v-77r: 49) 79v-80r: 50) 81r-83r: 51) 84v-85r: 52) 85v-86r: 53) 86v-88r: 54) 89r-92r: 55) 92v-93r: 56) 95v-96r: 57) 97v-99r: Il tradito.,https://digi.vatlib.it/mss/detail/Chig.Q.VIII.180,https://digi.vatlib.it/view/MSS_Chig.Q.VIII.180,5.0
Chig.Q.VIII.181,ignoto,5.0,General Data,"1) 1r-12r: La Zenobia 2) 12v-50r: Baldini, Sebastiano, 1615-1685 Il Riposo. 3) 51r-58r: Baldini, Sebastiano, 1615-1685 4) 59r-68r: Baldini, Sebastiano, 1615-1685 Le giustificazioni di Primavera. 5) 68v-72r: Litanie 6) 72v-79r: 7) 79v-84r: 8) 84v-87r: 9) 87v-92r: 10) 93r-94r:",https://digi.vatlib.it/mss/detail/Chig.Q.VIII.181,https://digi.vatlib.it/view/MSS_Chig.Q.VIII.181,5.0
Chig.Q.VIII.195,ignoto,5.0,General Data,1) 47r:,https://digi.vatlib.it/mss/detail/Chig.Q.VIII.195,https://digi.vatlib.it/view/MSS_Chig.Q.VIII.195,6.5
Chig.Q.VIII.196,ignoto,5.0,General Data,"1) 9r-10r(2): 2) 65r-70r: Introduzione per musica, tempo moderato 3) 71r-72r: 4) 73r-74r: 5) 76r-87r: Quadriglie (12) per pianoforte, di autore ignoto . 6) 88r-92r:",https://digi.vatlib.it/mss/detail/Chig.Q.VIII.196,https://digi.vatlib.it/view/MSS_Chig.Q.VIII.196,6.5
Chig.Q.VIII.206,ignoto,5.0,General Data,1) 137r-138r: 2) 151r-154r: 3) 155r: 4) 181r-183r: 5) 196r-198r: 6) 199r-200r: 7) 201r: 8) 202r: 9) 203r: 10) 204r-208r: 11) 209r-229r:,https://digi.vatlib.it/mss/detail/Chig.Q.VIII.206,https://digi.vatlib.it/view/MSS_Chig.Q.VIII.206,6.5
Chig.R.IV.7,ignoto,5.0,Bibliographic References:,"Low Quality Bibliographic References: 1) Lucà, Santo, 1947- Un ignoto frammento del De lege spirituali di Marco Monaco (Athos, Protatou 38, ff. 1r-2v), con una nota sulla fortuna dei suoi scritti nella Calabria bizantina, In Corolla Byzantina. Studi in onore di Carmelo Crimi, 2025.",https://digi.vatlib.it/mss/detail/Chig.R.IV.7,https://digi.vatlib.it/view/MSS_Chig.R.IV.7,2.75
Ott.lat.1732,ignoto,5.0,Bibliographic References:,"Low Quality Bibliographic References: 1) Capizzi, Carmelo L’Oratio ad Alphonsum Regem Aragonum (1454) di Nicola Sagundino, riedita secondo un ms. finora ignoto , In Orientalia Christiana Periodica 1998",https://digi.vatlib.it/mss/detail/Ott.lat.1732,https://digi.vatlib.it/view/MSS_Ott.lat.1732,2.75
Ott.lat.3382,ignoto,5.0,Bibliographic References:,"Bibliographic References: 1) Venditti, Gianni Un episodio ignoto nella vita di Pietro della Valle, In Studi in onore del cardinale Raffaele Farina, a cura di A. M. Piazzoni, II (Studi e testi, 478), 2013",https://digi.vatlib.it/mss/detail/Ott.lat.3382,https://digi.vatlib.it/view/MSS_Ott.lat.3382,2.75
Pal.gr.91,ignoto,5.0,Bibliographic References:,"Bibliographic References: 1) Lucà, Santo, 1947- Un ignoto frammento del De lege spirituali di Marco Monaco (Athos, Protatou 38, ff. 1r-2v), con una nota sulla fortuna dei suoi scritti nella Calabria bizantina, In Corolla Byzantina. Studi in onore di Carmelo Crimi, 2025.",https://digi.vatlib.it/mss/detail/Pal.gr.91,https://digi.vatlib.it/view/MSS_Pal.gr.91,2.75
Pal.gr.116,ignoto,5.0,Bibliographic References:,"Bibliographic References: 1) Zamponi, Stefano, 1949- Un ignoto compendio sozomeniano degli ""Erotemata"" di Manuele Crisolora (Il ms. C74 dell'Archivio Capitolare di Pistoia), In Rinascimento. Rivista dell’Istituto di studi sul Rinascimento 1978",https://digi.vatlib.it/mss/detail/Pal.gr.116,https://digi.vatlib.it/view/MSS_Pal.gr.116,2.75
Pal.gr.278,ignoto,5.0,Bibliographic References:,"Bibliographic References: 1) Speranzi, David Il metropolita e il cavaliere. Un ignoto autografo cortasmeniano alla Nazionale di Firenze, In Le livre manuscrit grec: écriture, materiaux, histoire (Actes du IXe Colloque international de Paléographie grecque, Paris, 10-15 septembre 2018, édités par Marie Cronier et Brigitte Mondrain), 2020",https://digi.vatlib.it/mss/detail/Pal.gr.278,https://digi.vatlib.it/view/MSS_Pal.gr.278,2.75
Pal.lat.788,ignoto,5.0,Bibliographic References:,"Bibliographic References: 1) Conetti, Mario, 1970- Un testimone ignoto del De Maleficiis di Angelo Gambiglioni in una raccolta cinquecentesca lombarda di diritto penale e statutario, In Manoscritti, editoria e biblioteche dal medioevo all'età contemporanea, Studi offerti a Domenico Maffei per il suo ottantesimo compleanno, I, 2006",https://digi.vatlib.it/mss/detail/Pal.lat.788,https://digi.vatlib.it/view/MSS_Pal.lat.788,2.75
Pal.lat.833,ignoto,5.0,Bibliographic References:,"Bibliographic References: 1) Consolino, Franca Ela (Author) ""Es nunc quod fueram"": l'epitaffio di Alcuino e l'epigrafe aquileiese di un ignoto dignitario, In Romano Barbarica. Contributi allo studio dei rapporti culturali tra mondo latino e mondo barbarico 1982 2) Consolino, Franca Ela (Author) ""Es nunc quod fueram"": l'epitaffio di Alcuino e l'epigrafe aquileiese di un ignoto dignitario, In Romano Barbarica. Contributi allo studio dei rapporti culturali tra mondo latino e mondo barbarico 1984",https://digi.vatlib.it/mss/detail/Pal.lat.833,https://digi.vatlib.it/view/MSS_Pal.lat.833,2.75
Pal.lat.1754,ignoto,5.0,Bibliographic References:,"Bibliographic References: 1) Alessio, Gian Carlo Ritratto d' ignoto , In Studi petrarcheschi 1986",https://digi.vatlib.it/mss/detail/Pal.lat.1754,https://digi.vatlib.it/view/MSS_Pal.lat.1754,4.25
Reg.lat.96,ignoto,5.0,Bibliographic References:,"Bibliographic References: 1) Lo Monaco, Francesco, 1960- Un manoscritto noto- ignoto dell'""In Apocalypsin"" di Ambrogio Autperto, In Recherches de théologie ancienne et médiévale 1984",https://digi.vatlib.it/mss/detail/Reg.lat.96,https://digi.vatlib.it/view/MSS_Reg.lat.96,2.75
Reg.lat.119,ignoto,5.0,Bibliographic References:,"Bibliographic References: 1) Franceschini, Ezio, 1906-1983 Un ignoto codice delle «Epistolae Senecae et Pauli», In Mélanges Joseph de Ghellinck, S.J. 1951",https://digi.vatlib.it/mss/detail/Reg.lat.119,https://digi.vatlib.it/view/MSS_Reg.lat.119,4.25
Reg.lat.147,ignoto,5.0,Bibliographic References:,"Bibliographic References: 1) Franceschini, Ezio, 1906-1983 Un ignoto codice delle «Epistolae Senecae et Pauli», In Mélanges Joseph de Ghellinck, S.J. 1951",https://digi.vatlib.it/mss/detail/Reg.lat.147,https://digi.vatlib.it/view/MSS_Reg.lat.147,4.25
Reg.lat.1424,ignoto,5.0,Bibliographic References:,"Bibliographic References: 1) Franceschini, Ezio, 1906-1983 Un ignoto codice delle «Epistolae Senecae et Pauli», In Mélanges Joseph de Ghellinck, S.J. 1951",https://digi.vatlib.it/mss/detail/Reg.lat.1424,https://digi.vatlib.it/view/MSS_Reg.lat.1424,4.25
Reg.lat.1527,ignoto,5.0,Bibliographic References:,"Bibliographic References: 1) Monti Sabia, Liliana Un autografo ignoto di G. Pontano (Contributo alla storia del testo dei Tumuli), In Accademia di archeologia, lettere ed arti di Napoli. Rendiconti",https://digi.vatlib.it/mss/detail/Reg.lat.1527,https://digi.vatlib.it/view/MSS_Reg.lat.1527,2.75
Reg.lat.1555,ignoto,5.0,Bibliographic References:,"Bibliographic References: 1) Capizzi, Carmelo L'Oratio ad Alphonsum Regem Aragonum (1454) di Nicola Sagundino, riedita secondo un ms. finora ignoto , In Orientalia Christiana Periodica 1998",https://digi.vatlib.it/mss/detail/Reg.lat.1555,https://digi.vatlib.it/view/MSS_Reg.lat.1555,2.75
Reg.lat.1560,ignoto,5.0,General Data,"1) 137r-140v: Remigius Autissidorensis, O.S.B., c. 841-908 Commentarius in Catonis Disticha",https://digi.vatlib.it/mss/detail/Reg.lat.1560,https://digi.vatlib.it/view/MSS_Reg.lat.1560,6.5
Reg.lat.1637.pt.1,ignoto,5.0,Bibliographic References:,"Bibliographic References: 1) Franceschini, Ezio, 1906-1983 Un ignoto codice delle «Epistolae Senecae et Pauli», In Mélanges Joseph de Ghellinck, S.J. 1951",https://digi.vatlib.it/mss/detail/Reg.lat.1637.pt.1,https://digi.vatlib.it/view/MSS_Reg.lat.1637.pt.1,4.25
Reg.lat.1924,ignoto,5.0,Bibliographic References:,"Bibliographic References: 1) Boffito, Giuseppe, barnabita, 1869-1944 D'un ignoto astronomo del secolo XIV (Pietro di Modena) In Bibliofilia. Rivista di storia del libro e di bibliografia",https://digi.vatlib.it/mss/detail/Reg.lat.1924,https://digi.vatlib.it/view/MSS_Reg.lat.1924,2.75
Ross.736,ignoto,5.0,Bibliographic References:,"Bibliographic References: 1) Lucà, Santo, 1947- Un ignoto frammento del De lege spirituali di Marco Monaco (Athos, Protatou 38, ff. 1r-2v), con una nota sulla fortuna dei suoi scritti nella Calabria bizantina, In Corolla Byzantina. Studi in onore di Carmelo Crimi, 2025.",https://digi.vatlib.it/mss/detail/Ross.736,https://digi.vatlib.it/view/MSS_Ross.736,2.75
Urb.gr.162,ignoto,5.0,General Data,1) sec. XV,https://digi.vatlib.it/mss/detail/Urb.gr.162,https://digi.vatlib.it/view/MSS_Urb.gr.162,6.5
Urb.lat.297,ignoto,5.0,Bibliographic References:,"Bibliographic References: 1) Alessio, Gian Carlo Ritratto d' ignoto , In Studi petrarcheschi 1986",https://digi.vatlib.it/mss/detail/Urb.lat.297,https://digi.vatlib.it/view/MSS_Urb.lat.297,4.25
Urb.lat.298,ignoto,5.0,Bibliographic References:,"Bibliographic References: 1) Alessio, Gian Carlo Ritratto d' ignoto , In Studi petrarcheschi 1986",https://digi.vatlib.it/mss/detail/Urb.lat.298,https://digi.vatlib.it/view/MSS_Urb.lat.298,4.25
Urb.lat.366,ignoto,5.0,Bibliographic References:,"Bibliographic References: 1) Fiorilla, Maurizio Frammenti di un ignoto codice trecentesco della Commedia con le Chiose Ambrosiane, In Aevum. Rassegna di scienze storiche, linguistiche e filologiche 2006",https://digi.vatlib.it/mss/detail/Urb.lat.366,https://digi.vatlib.it/view/MSS_Urb.lat.366,2.75
Urb.lat.409,ignoto,5.0,General Data,1) 54r-65r: Relazione della santità del B. Carlo Borromeo,https://digi.vatlib.it/mss/detail/Urb.lat.409,https://digi.vatlib.it/view/MSS_Urb.lat.409,6.5
Urb.lat.687,ignoto,5.0,Bibliographic References:,"Bibliographic References: 1) Cian, Vittorio, 1862-1951 Un codice ignoto di rime volgari appartenuto a B. Castiglione II In Giornale storico della letteratura italiana",https://digi.vatlib.it/mss/detail/Urb.lat.687,https://digi.vatlib.it/view/MSS_Urb.lat.687,4.25
Urb.lat.772,ignoto,5.0,General Data,1) 1r-19v: Broccardica d'amore.,https://digi.vatlib.it/mss/detail/Urb.lat.772,https://digi.vatlib.it/view/MSS_Urb.lat.772,6.5
Urb.lat.816.pt.2,ignoto,5.0,General Data,1) 277r-279v: Relacion de lo succedido en la isla de la Tercera des 23 de julio hasta 27 del mismo 1583 ano. Traduzione italiana di ignoto,https://digi.vatlib.it/mss/detail/Urb.lat.816.pt.2,https://digi.vatlib.it/view/MSS_Urb.lat.816.pt.2,6.5
Urb.lat.817.pt.1,ignoto,5.0,General Data,"1) 61r-153v: Estienne, Henri, 1531-1598 Il governo di Caterina de' Medici regina di Francia",https://digi.vatlib.it/mss/detail/Urb.lat.817.pt.1,https://digi.vatlib.it/view/MSS_Urb.lat.817.pt.1,6.5
Urb.lat.817.pt.3,ignoto,5.0,General Data,"1) 415r-420r: Relazione della battaglia seguita tra Cristiani e Turchi sotto Agria [a Mezőkeresztes, nei pressi di Eger, in Ungheria, il 25-26 ottobre 1596]. 2) 420v-427r: Lettera di incerto ad ignoto .",https://digi.vatlib.it/mss/detail/Urb.lat.817.pt.3,https://digi.vatlib.it/view/MSS_Urb.lat.817.pt.3,5.0
Urb.lat.830.pt.2,ignoto,5.0,General Data,1) 539r-574v: Relazione d'ambasciatore veneto all'Arciduca Carlo.,https://digi.vatlib.it/mss/detail/Urb.lat.830.pt.2,https://digi.vatlib.it/view/MSS_Urb.lat.830.pt.2,6.5
Urb.lat.861,ignoto,5.0,General Data,"1) 532r-533r: Discorso [d' ignoto cardinale a Carlo Emanuele I] se convenga mandare il Principe cardinale di Savoia [Maurizio] a Roma, an. 1620.",https://digi.vatlib.it/mss/detail/Urb.lat.861,https://digi.vatlib.it/view/MSS_Urb.lat.861,6.5
Urb.lat.865,ignoto,5.0,General Data,1) 561r-584r: Istruzione d' ignoto autore a Pietro Caetani nella sua andata in Fiandra 1578-81,https://digi.vatlib.it/mss/detail/Urb.lat.865,https://digi.vatlib.it/view/MSS_Urb.lat.865,6.5
Urb.lat.1019,ignoto,5.0,General Data,"1) 479r-994r: Vergilio, Polidoro, sac., c. 1470-1555 Dell'Historia d'Inghilterra.",https://digi.vatlib.it/mss/detail/Urb.lat.1019,https://digi.vatlib.it/view/MSS_Urb.lat.1019,6.5
Urb.lat.1062,ignoto,5.0,General Data,1) 437r-535r: Notizie date negli Avvisi (luglio-agosto 1594).,https://digi.vatlib.it/mss/detail/Urb.lat.1062,https://digi.vatlib.it/view/MSS_Urb.lat.1062,6.5
Urb.lat.1193,ignoto,5.0,General Data,1) 108v(2): Epitaphium in funere Baptistae Sfortiae. 2) 109r: Epitaphium in funere Baptistae Sfortiae. 3) 109r-v: Epitaphium in funere Baptistae Sfortiae.,https://digi.vatlib.it/mss/detail/Urb.lat.1193,https://digi.vatlib.it/view/MSS_Urb.lat.1193,6.5
Urb.lat.1236,ignoto,5.0,General Data,"1) 1r-23v: Campano, Giovanni Antonio, vesc. di Teramo, 1429-1477 Funebris oratio pro Baptista Sphortia Urbini comitissa ac principe illustrissima (Campano, Giovanni Antonio, vesc. di Teramo, 1429-1477). Italiano",https://digi.vatlib.it/mss/detail/Urb.lat.1236,https://digi.vatlib.it/view/MSS_Urb.lat.1236,5.0
Urb.lat.1413,ignoto,5.0,General Data,"1) 1r-73v: Ruffo, Giordano, sec. XIII Hippiatria.",https://digi.vatlib.it/mss/detail/Urb.lat.1413,https://digi.vatlib.it/view/MSS_Urb.lat.1413,6.5
Urb.lat.1492,ignoto,5.0,General Data,"Low Quality 1) 19r-35r: Francesco Maria I della Rovere, duca di Urbino, 1490-1538 Discorso del Duca Francesco Maria sopra la guerra contro il Turco. 2) 37r-v: Parere del re Stefano di Polonia per far guerra contro il Turco. 3) 39r-40r: Osservazioni di ignoto sul Parere di re Stefano [Bathory] di Polonia per far guerra contro il turco.",https://digi.vatlib.it/mss/detail/Urb.lat.1492,https://digi.vatlib.it/view/MSS_Urb.lat.1492,5.0
Urb.lat.1568,ignoto,5.0,General Data,"Low Quality 1) 115r-118v: Lettera di ignoto prelato ad un principe tedesco, con cui lo informa di non aver potuto accogliere tra i suoi famigliari un tal Giorgio Rauscher, da lui raccomandato, per le sue idee religiose non conformi al cattolicesimo, e lo esorta a combattere il luteranesimo in Germania.",https://digi.vatlib.it/mss/detail/Urb.lat.1568,https://digi.vatlib.it/view/MSS_Urb.lat.1568,5.0
Urb.lat.1624,ignoto,5.0,General Data,Low Quality 1) 225r: Lettera d' ignoto a Paganino Gaudenzi.,https://digi.vatlib.it/mss/detail/Urb.lat.1624,https://digi.vatlib.it/view/MSS_Urb.lat.1624,6.5
Urb.lat.1694,ignoto,5.0,General Data,1) 208r-209v: Passio domini ducis Mantuae [Ferdinando Carlo di Gonzaga Nevers]. Secundum meritum.,https://digi.vatlib.it/mss/detail/Urb.lat.1694,https://digi.vatlib.it/view/MSS_Urb.lat.1694,6.5
Urb.lat.1732,ignoto,5.0,General Data,1) 27r-33v(1): Capitoli del trattato della pace conclusa il 15 gennaio 1709 tra la S. Sede e l'imperatore Giuseppe I. 2) 106r: Lettera d'incerto ad ignoto .,https://digi.vatlib.it/mss/detail/Urb.lat.1732,https://digi.vatlib.it/view/MSS_Urb.lat.1732,6.5
Vat.estr.or.151,ignoto,5.0,General Data,"1) San’yū Takashiba, Mappa delle province e dei distretti del Grande Giappone. sec. XIX med.",https://digi.vatlib.it/mss/detail/Vat.estr.or.151,https://digi.vatlib.it/view/MSS_Vat.estr.or.151,6.5
Vat.gr.300,ignoto,5.0,Bibliographic References:,"Bibliographic References: 1) Lucà, Santo, 1947- Un ignoto frammento del De lege spirituali di Marco Monaco (Athos, Protatou 38, ff. 1r-2v), con una nota sulla fortuna dei suoi scritti nella Calabria bizantina, In Corolla Byzantina. Studi in onore di Carmelo Crimi, 2025.",https://digi.vatlib.it/mss/detail/Vat.gr.300,https://digi.vatlib.it/view/MSS_Vat.gr.300,2.75
Vat.gr.1019,ignoto,5.0,Bibliographic References:,"Bibliographic References: 1) Vendruscolo, Fabio Dall’ ignoto Falconio all’immortale Fausto, In Annali dell’Istituto universitario orientale di Napoli 2005",https://digi.vatlib.it/mss/detail/Vat.gr.1019,https://digi.vatlib.it/view/MSS_Vat.gr.1019,4.25
Vat.gr.1871,ignoto,5.0,Bibliographic References:,"Bibliographic References: 1) Lucà, Santo, 1947- Un ignoto frammento del De lege spirituali di Marco Monaco (Athos, Protatou 38, ff. 1r-2v), con una nota sulla fortuna dei suoi scritti nella Calabria bizantina, In Corolla Byzantina. Studi in onore di Carmelo Crimi, 2025.",https://digi.vatlib.it/mss/detail/Vat.gr.1871,https://digi.vatlib.it/view/MSS_Vat.gr.1871,2.75
Vat.gr.1908,ignoto,5.0,General Data,1) Codex miscellaneus. sec. XIV,https://digi.vatlib.it/mss/detail/Vat.gr.1908,https://digi.vatlib.it/view/MSS_Vat.gr.1908,6.5
Vat.gr.2016,ignoto,5.0,Bibliographic References:,"Low Quality Bibliographic References: 1) Lucà, Santo, 1947- Un ignoto frammento del De lege spirituali di Marco Monaco (Athos, Protatou 38, ff. 1r-2v), con una nota sulla fortuna dei suoi scritti nella Calabria bizantina, In Corolla Byzantina. Studi in onore di Carmelo Crimi, 2025.",https://digi.vatlib.it/mss/detail/Vat.gr.2016,https://digi.vatlib.it/view/MSS_Vat.gr.2016,2.75
Vat.gr.2020,ignoto,5.0,Bibliographic References:,"Low Quality Bibliographic References: 1) Lucà, Santo, 1947- Un ignoto frammento del De lege spirituali di Marco Monaco (Athos, Protatou 38, ff. 1r-2v), con una nota sulla fortuna dei suoi scritti nella Calabria bizantina, In Corolla Byzantina. Studi in onore di Carmelo Crimi, 2025.",https://digi.vatlib.it/mss/detail/Vat.gr.2020,https://digi.vatlib.it/view/MSS_Vat.gr.2020,2.75
Vat.gr.2028,ignoto,5.0,Bibliographic References:,"Low Quality Bibliographic References: 1) Lucà, Santo, 1947- Un ignoto frammento del De lege spirituali di Marco Monaco (Athos, Protatou 38, ff. 1r-2v), con una nota sulla fortuna dei suoi scritti nella Calabria bizantina, In Corolla Byzantina. Studi in onore di Carmelo Crimi, 2025.",https://digi.vatlib.it/mss/detail/Vat.gr.2028,https://digi.vatlib.it/view/MSS_Vat.gr.2028,2.75
Arch.Cap.S.Pietro.B.63,non identificato,8.0,General Data,1) Missale Romanum (Francescani). Latino Sec. XIV med.,https://digi.vatlib.it/mss/detail/Arch.Cap.S.Pietro.B.63,https://digi.vatlib.it/view/MSS_Arch.Cap.S.Pietro.B.63,9.5
Arch.Cap.S.Pietro.C.92,non identificato,8.0,General Data,"1) Biblia. Gruppi, scelte. Latino Sec. XI ex.",https://digi.vatlib.it/mss/detail/Arch.Cap.S.Pietro.C.92,https://digi.vatlib.it/view/MSS_Arch.Cap.S.Pietro.C.92,9.5
Arch.Cap.S.Pietro.C.128,non identificato,8.0,General Data,1) Sec. XIV in.,https://digi.vatlib.it/mss/detail/Arch.Cap.S.Pietro.C.128,https://digi.vatlib.it/view/MSS_Arch.Cap.S.Pietro.C.128,9.5
Barb.lat.101,non identificato,8.0,General Data,1) 1r:,https://digi.vatlib.it/mss/detail/Barb.lat.101,https://digi.vatlib.it/view/MSS_Barb.lat.101,9.5
Barb.lat.116,non identificato,8.0,General Data,1) 1r:,https://digi.vatlib.it/mss/detail/Barb.lat.116,https://digi.vatlib.it/view/MSS_Barb.lat.116,9.5
Cappon.74,non identificato,8.0,General Data,"1) 3r-101v: Cassola, Luigi, 1473/74-1553 <Canzoniere>",https://digi.vatlib.it/mss/detail/Cappon.74,https://digi.vatlib.it/view/MSS_Cappon.74,9.5
Chig.L.V.176,non identificato,8.0,General Data,1) Miscellanea di testi danteschi e petrarcheschi: il ca non e autografo di Giovanni Boccaccio. sec. XIV med.,https://digi.vatlib.it/mss/detail/Chig.L.V.176,https://digi.vatlib.it/view/MSS_Chig.L.V.176,9.5
Ott.lat.544,non identificato,8.0,General Data,1) Breviario. sec. XV ex.,https://digi.vatlib.it/mss/detail/Ott.lat.544,https://digi.vatlib.it/view/MSS_Ott.lat.544,9.5
Ott.lat.2210,non identificato,8.0,General Data,"Low Quality 1) 35r-37r: Carlo Emanuele I, duca di Savoia, 1562-1630 Lettera a non identificato inviato presso la repubblica di Venezia.",https://digi.vatlib.it/mss/detail/Ott.lat.2210,https://digi.vatlib.it/view/MSS_Ott.lat.2210,9.5
Pal.lat.1467,non identificato,8.0,General Data,1) 1r:,https://digi.vatlib.it/mss/detail/Pal.lat.1467,https://digi.vatlib.it/view/MSS_Pal.lat.1467,9.5
Pal.lat.1476,non identificato,8.0,General Data,1) 1r:,https://digi.vatlib.it/mss/detail/Pal.lat.1476,https://digi.vatlib.it/view/MSS_Pal.lat.1476,9.5
Pal.lat.1488,non identificato,8.0,General Data,1) 1r:,https://digi.vatlib.it/mss/detail/Pal.lat.1488,https://digi.vatlib.it/view/MSS_Pal.lat.1488,9.5
Pal.lat.1508,non identificato,8.0,General Data,1) 1r:,https://digi.vatlib.it/mss/detail/Pal.lat.1508,https://digi.vatlib.it/view/MSS_Pal.lat.1508,9.5
Pal.lat.1512,non identificato,8.0,General Data,1) 1r:,https://digi.vatlib.it/mss/detail/Pal.lat.1512,https://digi.vatlib.it/view/MSS_Pal.lat.1512,9.5
Pal.lat.1525,non identificato,8.0,General Data,1) 1r:,https://digi.vatlib.it/mss/detail/Pal.lat.1525,https://digi.vatlib.it/view/MSS_Pal.lat.1525,9.5
Pal.lat.1534,non identificato,8.0,General Data,1) 1r:,https://digi.vatlib.it/mss/detail/Pal.lat.1534,https://digi.vatlib.it/view/MSS_Pal.lat.1534,9.5
Reg.lat.799,non identificato,8.0,General Data,1) Miscellanea umanistica. sec. XVI,https://digi.vatlib.it/mss/detail/Reg.lat.799,https://digi.vatlib.it/view/MSS_Reg.lat.799,9.5
Reg.lat.807,non identificato,8.0,General Data,"1) 21r: Martialis, Marcus Valerius, 40-101? Epigrammata (excerpta)",https://digi.vatlib.it/mss/detail/Reg.lat.807,https://digi.vatlib.it/view/MSS_Reg.lat.807,9.5
Reg.lat.813,non identificato,8.0,General Data,"1) Antonio Beccadelli, De dictis et factis Alphonsi regis; Alfonso V d'Argona, Oratio; Antonio Beccadelli, Alphonsi regis triumphus. sec. XV",https://digi.vatlib.it/mss/detail/Reg.lat.813,https://digi.vatlib.it/view/MSS_Reg.lat.813,9.5
Reg.lat.856,non identificato,8.0,General Data,"1) Bernhard Ebeling, De rerum et verborum significatione. sec. XV ex.",https://digi.vatlib.it/mss/detail/Reg.lat.856,https://digi.vatlib.it/view/MSS_Reg.lat.856,9.5
Reg.lat.978,non identificato,8.0,General Data,"1) Isidorus Mercator, Collectio decretalium. sec. XII",https://digi.vatlib.it/mss/detail/Reg.lat.978,https://digi.vatlib.it/view/MSS_Reg.lat.978,9.5
Reg.lat.1010,non identificato,8.0,General Data,1) Trattati di ippiatria. sec. XIV,https://digi.vatlib.it/mss/detail/Reg.lat.1010,https://digi.vatlib.it/view/MSS_Reg.lat.1010,9.5
Reg.lat.1132,non identificato,8.0,General Data,"1) 1r-128v: Gilbertus, Anglicus, f. 1250 Liber omnium morborum.",https://digi.vatlib.it/mss/detail/Reg.lat.1132,https://digi.vatlib.it/view/MSS_Reg.lat.1132,9.5
Reg.lat.1316,non identificato,8.0,General Data,"1) 16v-40r; 42r-91r: Odo Magdunensis, O.F.M., sec. XI De viribus herbarum.",https://digi.vatlib.it/mss/detail/Reg.lat.1316,https://digi.vatlib.it/view/MSS_Reg.lat.1316,9.5
Reg.lat.1425,non identificato,8.0,General Data,"1) Marcus Tullius Cicero, Opera. sec. XV",https://digi.vatlib.it/mss/detail/Reg.lat.1425,https://digi.vatlib.it/view/MSS_Reg.lat.1425,9.5
Reg.lat.1779,non identificato,8.0,General Data,"1) Lucius Annaeus Florus, Epitome de Tito Livio. sec. XV",https://digi.vatlib.it/mss/detail/Reg.lat.1779,https://digi.vatlib.it/view/MSS_Reg.lat.1779,9.5
Urb.lat.9,non identificato,8.0,General Data,"1) Salterio ebraico, greco e latino. sec. XV med.",https://digi.vatlib.it/mss/detail/Urb.lat.9,https://digi.vatlib.it/view/MSS_Urb.lat.9,9.5
Urb.lat.74,non identificato,8.0,General Data,"1) S. Agostino, Enarrationes in Psalmos 1-50. sec. XV",https://digi.vatlib.it/mss/detail/Urb.lat.74,https://digi.vatlib.it/view/MSS_Urb.lat.74,9.5
Urb.lat.151,non identificato,8.0,General Data,"1) Sisto IV, De sanguine Christi; De potentia Dei; De futuris contingentibus. sec. XV",https://digi.vatlib.it/mss/detail/Urb.lat.151,https://digi.vatlib.it/view/MSS_Urb.lat.151,9.5
Urb.lat.410,non identificato,8.0,General Data,"1) Senofonte, Cyropaedia, nella traduzione di Francesco Filelfo. sec. XV med.",https://digi.vatlib.it/mss/detail/Urb.lat.410,https://digi.vatlib.it/view/MSS_Urb.lat.410,9.5
Urb.lat.899,non identificato,8.0,General Data,1) 1r-124v: Ordine delle Noççe dello Illustrissimo Signore Meser Constantio Sfortia de Aragonia et della Illustrissima Madonna Ca(m)milla de Aragonia sua consorte nella(n)no 1475.,https://digi.vatlib.it/mss/detail/Urb.lat.899,https://digi.vatlib.it/view/MSS_Urb.lat.899,9.5
Vat.estr.or.19,non identificato,8.0,General Data,1) Dizionario bilingue portoghese-giapponese. sec. XVII,https://digi.vatlib.it/mss/detail/Vat.estr.or.19,https://digi.vatlib.it/view/MSS_Vat.estr.or.19,9.5
Vat.lat.36,non identificato,8.0,General Data,1) Antico e Nuovo Testamento. sec. XIII med.,https://digi.vatlib.it/mss/detail/Vat.lat.36,https://digi.vatlib.it/view/MSS_Vat.lat.36,9.5
Vat.lat.1647,non identificato,8.0,General Data,"1) Seneca, Tragoediae. sec. XIV ex.",https://digi.vatlib.it/mss/detail/Vat.lat.1647,https://digi.vatlib.it/view/MSS_Vat.lat.1647,9.5
Vat.lat.2721,non identificato,8.0,General Data,"1) Priscianus, Institutiones grammaticae. sec. XIII",https://digi.vatlib.it/mss/detail/Vat.lat.2721,https://digi.vatlib.it/view/MSS_Vat.lat.2721,9.5
Vat.lat.2725,non identificato,8.0,General Data,1) Miscellanea grammaticale latina. sec. XV,https://digi.vatlib.it/mss/detail/Vat.lat.2725,https://digi.vatlib.it/view/MSS_Vat.lat.2725,9.5
Vat.lat.2728,non identificato,8.0,General Data,1) Miscellanea. sec. XV med.,https://digi.vatlib.it/mss/detail/Vat.lat.2728,https://digi.vatlib.it/view/MSS_Vat.lat.2728,9.5
Vat.lat.2733,non identificato,8.0,General Data,"1) Sextus Pompeius Festus, De verborum significatione. sec. XIV",https://digi.vatlib.it/mss/detail/Vat.lat.2733,https://digi.vatlib.it/view/MSS_Vat.lat.2733,9.5
Vat.lat.2770,non identificato,8.0,General Data,1) Miscellanea. sec. XIV,https://digi.vatlib.it/mss/detail/Vat.lat.2770,https://digi.vatlib.it/view/MSS_Vat.lat.2770,9.5
Vat.lat.2786,non identificato,8.0,General Data,"1) Ovidius, Opera. sec. XV",https://digi.vatlib.it/mss/detail/Vat.lat.2786,https://digi.vatlib.it/view/MSS_Vat.lat.2786,9.5
Vat.lat.2799,non identificato,8.0,General Data,"1) Lucanus, Pharsalia. sec. XII-XIII",https://digi.vatlib.it/mss/detail/Vat.lat.2799,https://digi.vatlib.it/view/MSS_Vat.lat.2799,9.5
Vat.lat.2887,non identificato,8.0,General Data,1) 1r:,https://digi.vatlib.it/mss/detail/Vat.lat.2887,https://digi.vatlib.it/view/MSS_Vat.lat.2887,9.5
Vat.lat.3079,non identificato,8.0,General Data,1) 46r: 2) 55r:,https://digi.vatlib.it/mss/detail/Vat.lat.3079,https://digi.vatlib.it/view/MSS_Vat.lat.3079,9.5
Vat.lat.4607,non identificato,8.0,General Data,1) 1r:,https://digi.vatlib.it/mss/detail/Vat.lat.4607,https://digi.vatlib.it/view/MSS_Vat.lat.4607,9.5
Vat.lat.4608,non identificato,8.0,General Data,1) 1r:,https://digi.vatlib.it/mss/detail/Vat.lat.4608,https://digi.vatlib.it/view/MSS_Vat.lat.4608,9.5
Vat.lat.8700,non identificato,8.0,General Data,1) Messale. sec. XV med.,https://digi.vatlib.it/mss/detail/Vat.lat.8700,https://digi.vatlib.it/view/MSS_Vat.lat.8700,9.5
Vat.lat.9405,non identificato,8.0,General Data,"1) 13v-16r: Morte del Cardinal Angelotto Fusco Romano e giustizia del suo cameriero omicida [Antonio, non meglio identificato ] seguita in Campo di Fiore l'anno 1439.",https://digi.vatlib.it/mss/detail/Vat.lat.9405,https://digi.vatlib.it/view/MSS_Vat.lat.9405,9.5
Vat.lat.12342,non identificato,8.0,General Data,"1) 124r-v: Note varie trascritte da un codice manoscritto non identificato , riguardanti alcuni avvenimenti dall'anno 1295 al 1478.",https://digi.vatlib.it/mss/detail/Vat.lat.12342,https://digi.vatlib.it/view/MSS_Vat.lat.12342,9.5
Vat.lat.14784,non identificato,8.0,General Data,1) 104r-v: Ordo iudiciarius non identificato . 2) 105r-v: Ordo iudiciarius non identificato .,https://digi.vatlib.it/mss/detail/Vat.lat.14784,https://digi.vatlib.it/view/MSS_Vat.lat.14784,9.5
Vat.lat.14822,non identificato,8.0,General Data,1) 1r-4v: Commento non identificato agli Aforismi di Ippocrate.,https://digi.vatlib.it/mss/detail/Vat.lat.14822,https://digi.vatlib.it/view/MSS_Vat.lat.14822,9.5
